Date,Inflow_GL,TN_kg,TP_kg
2012-01-01 00:00:00,0.001136,1.970457,0.074871
2012-01-02 00:00:00,0.000529,0.917225,0.034852
2012-01-03 00:00:00,0.000777,1.348199,0.051227
2012-01-04 00:00:00,0.001049,1.819616,0.069140
2012-01-05 00:00:00,0.001059,1.838042,0.069840
2012-01-06 00:00:00,0.000856,1.485299,0.056437
2012-01-07 00:00:00,0.000633,1.098672,0.041746
2012-01-08 00:00:00,0.000761,1.320717,0.050183
2012-01-09 00:00:00,0.000878,1.522619,0.057855
2012-01-10 00:00:00,0.000957,1.659875,0.063070
2012-01-11 00:00:00,0.001003,1.739511,0.066096
2012-01-12 00:00:00,0.000755,1.309318,0.049750
2012-01-13 00:00:00,0.000750,1.301042,0.049436
2012-01-14 00:00:00,0.000788,1.366625,0.051927
2012-01-15 00:00:00,0.000561,0.973283,0.036982
2012-01-16 00:00:00,0.000335,0.581034,0.022077
2012-01-17 00:00:00,0.000357,0.619603,0.023543
2012-01-18 00:00:00,0.000575,0.998111,0.037925
2012-01-19 00:00:00,0.000673,1.167534,0.044363
2012-01-20 00:00:00,0.000606,1.051827,0.039966
2012-01-21 00:00:00,0.000467,0.810263,0.030787
2012-01-22 00:00:00,0.000264,0.457520,0.017384
2012-01-23 00:00:00,0.000194,0.335879,0.012762
2012-01-24 00:00:00,0.000271,0.470324,0.017871
2012-01-25 00:00:00,0.000454,0.788558,0.029963
2012-01-26 00:00:00,0.000505,0.876782,0.033315
2012-01-27 00:00:00,0.000317,0.549804,0.020891
2012-01-28 00:00:00,0.000197,0.341500,0.012976
2012-01-29 00:00:00,0.000351,0.608517,0.023122
2012-01-30 00:00:00,0.000919,1.595229,0.060614
2012-01-31 00:00:00,0.001489,2.582722,0.098135
2012-02-01 00:00:00,0.001240,2.151123,0.081736
2012-02-02 00:00:00,0.000692,1.201262,0.045644
2012-02-03 00:00:00,0.000394,0.682844,0.025946
2012-02-04 00:00:00,0.000459,0.796053,0.030248
2012-02-05 00:00:00,0.001241,2.153465,0.081825
2012-02-06 00:00:00,0.001530,2.654082,0.100847
2012-02-07 00:00:00,0.001193,2.069456,0.078633
2012-02-08 00:00:00,0.000966,1.676427,0.063699
2012-02-09 00:00:00,0.000867,1.503725,0.057137
2012-02-10 00:00:00,0.000827,1.435175,0.054532
2012-02-11 00:00:00,0.000762,1.321810,0.050225
2012-02-12 00:00:00,0.000730,1.266221,0.048112
2012-02-13 00:00:00,0.000497,0.862729,0.032781
2012-02-14 00:00:00,0.061768,107.167644,4.072036
2012-02-15 00:00:00,0.175872,305.137158,11.594260
2012-02-16 00:00:00,0.226681,393.292441,14.943885
2012-02-17 00:00:00,0.219772,381.305271,14.488410
2012-02-18 00:00:00,0.211050,366.171366,13.913369
2012-02-19 00:00:00,0.209309,363.151268,13.798615
2012-02-20 00:00:00,0.210484,365.189182,13.876049
2012-02-21 00:00:00,0.204075,354.070675,13.453581
2012-02-22 00:00:00,0.191712,332.620813,12.638553
2012-02-23 00:00:00,0.176786,306.724423,11.654571
2012-02-24 00:00:00,0.159595,276.898048,10.521262
2012-02-25 00:00:00,0.148398,257.471266,9.783105
2012-02-26 00:00:00,0.151322,262.543019,9.975815
2012-02-27 00:00:00,0.157981,274.097810,10.414861
2012-02-28 00:00:00,0.157576,273.394510,10.388138
2012-02-29 00:00:00,0.145908,253.151219,9.618956
2012-03-01 00:00:00,0.128166,222.367333,8.449265
2012-03-02 00:00:00,0.100538,174.433800,6.627940
2012-03-03 00:00:00,0.060600,105.140191,3.994999
2012-03-04 00:00:00,0.045928,79.685706,3.027808
2012-03-05 00:00:00,0.048425,84.016683,3.192372
2012-03-06 00:00:00,0.047582,82.555431,3.136849
2012-03-07 00:00:00,0.040745,70.692869,2.686108
2012-03-08 00:00:00,0.025954,45.029767,1.710991
2012-03-09 00:00:00,0.010959,19.013921,0.722470
2012-03-10 00:00:00,0.000808,1.401447,0.053251
2012-03-11 00:00:00,0.000179,0.311207,0.011825
2012-03-12 00:00:00,0.000118,0.204869,0.007784
2012-03-13 00:00:00,0.000097,0.167861,0.006378
2012-03-14 00:00:00,0.000088,0.153339,0.005826
2012-03-15 00:00:00,0.000081,0.140067,0.005322
2012-03-16 00:00:00,0.000085,0.147249,0.005595
2012-03-17 00:00:00,0.000078,0.134914,0.005126
2012-03-18 00:00:00,0.000078,0.134914,0.005126
2012-03-19 00:00:00,0.000064,0.110242,0.004189
2012-03-20 00:00:00,0.000076,0.131010,0.004978
2012-03-21 00:00:00,0.000079,0.136475,0.005186
2012-03-22 00:00:00,0.000046,0.079793,0.003032
2012-03-23 00:00:00,0.000073,0.126169,0.004794
2012-03-24 00:00:00,0.000112,0.194875,0.007405
2012-03-25 00:00:00,0.000112,0.194875,0.007405
2012-03-26 00:00:00,0.000096,0.165987,0.006307
2012-03-27 00:00:00,0.000100,0.173795,0.006604
2012-03-28 00:00:00,0.000113,0.196437,0.007464
2012-03-29 00:00:00,0.000098,0.170516,0.006479
2012-03-30 00:00:00,0.000103,0.178948,0.006799
2012-03-31 00:00:00,0.000129,0.224388,0.008526
2012-04-01 00:00:00,0.000131,0.227667,0.008651
2012-04-02 00:00:00,0.000088,0.152715,0.005803
2012-04-03 00:00:00,0.000060,0.103684,0.003940
2012-04-04 00:00:00,0.000063,0.109773,0.004171
2012-04-05 00:00:00,0.000055,0.094939,0.003607
2012-04-06 00:00:00,0.000141,0.244999,0.009309
2012-04-07 00:00:00,0.000192,0.333849,0.012685
2012-04-08 00:00:00,0.000178,0.308396,0.011718
2012-04-09 00:00:00,0.000259,0.449400,0.017076
2012-04-10 00:00:00,0.000273,0.474072,0.018013
2012-04-11 00:00:00,0.000179,0.309802,0.011771
2012-04-12 00:00:00,0.000130,0.224856,0.008544
2012-04-13 00:00:00,0.000113,0.196281,0.007458
2012-04-14 00:00:00,0.000070,0.121641,0.004622
2012-04-15 00:00:00,0.000036,0.061679,0.002344
2012-04-16 00:00:00,0.000031,0.053403,0.002029
2012-04-17 00:00:00,0.000043,0.074952,0.002848
2012-04-18 00:00:00,0.000037,0.064178,0.002439
2012-04-19 00:00:00,0.000025,0.042785,0.001626
2012-04-20 00:00:00,0.000017,0.029981,0.001139
2012-04-21 00:00:00,0.000017,0.029981,0.001139
2012-04-22 00:00:00,0.000102,0.177386,0.006740
2012-04-23 00:00:00,0.000393,0.682063,0.025916
2012-04-24 00:00:00,0.000460,0.798707,0.030348
2012-04-25 00:00:00,0.000212,0.368358,0.013996
2012-04-26 00:00:00,0.000137,0.238285,0.009054
2012-04-27 00:00:00,0.000151,0.261239,0.009926
2012-04-28 00:00:00,0.000104,0.180666,0.006865
2012-04-29 00:00:00,0.000132,0.228916,0.008698
2012-04-30 00:00:00,0.000192,0.333536,0.012673
2012-05-01 00:00:00,0.000250,0.434097,0.016494
2012-05-02 00:00:00,0.000298,0.517325,0.019657
2012-05-03 00:00:00,0.000249,0.432223,0.016423
2012-05-04 00:00:00,0.000173,0.300277,0.011410
2012-05-05 00:00:00,0.000158,0.273731,0.010401
2012-05-06 00:00:00,0.000151,0.261239,0.009926
2012-05-07 00:00:00,0.000097,0.168174,0.006390
2012-05-08 00:00:00,0.000044,0.076045,0.002889
2012-05-09 00:00:00,0.000049,0.085258,0.003240
2012-05-10 00:00:00,0.000100,0.173014,0.006574
2012-05-11 00:00:00,0.000181,0.314642,0.011955
2012-05-12 00:00:00,0.000245,0.424260,0.016121
2012-05-13 00:00:00,0.000233,0.404429,0.015367
2012-05-14 00:00:00,0.000225,0.389750,0.014809
2012-05-15 00:00:00,0.000309,0.535438,0.020345
2012-05-16 00:00:00,0.000385,0.668010,0.025382
2012-05-17 00:00:00,0.000283,0.490311,0.018630
2012-05-18 00:00:00,0.000406,0.704237,0.026759
2012-05-19 00:00:00,0.000580,1.006699,0.038251
2012-05-20 00:00:00,0.000513,0.890211,0.033825
2012-05-21 00:00:00,0.000412,0.715323,0.027180
2012-05-22 00:00:00,0.000307,0.533409,0.020268
2012-05-23 00:00:00,0.000437,0.757640,0.028788
2012-05-24 00:00:00,0.000581,1.007168,0.038269
2012-05-25 00:00:00,0.000546,0.947362,0.035997
2012-05-26 00:00:00,0.000439,0.761700,0.028942
2012-05-27 00:00:00,0.000376,0.652863,0.024807
2012-05-28 00:00:00,0.000418,0.725942,0.027584
2012-05-29 00:00:00,0.000413,0.715948,0.027204
2012-05-30 00:00:00,0.000500,0.867726,0.032971
2012-05-31 00:00:00,0.000627,1.087741,0.041331
2012-06-01 00:00:00,0.000598,1.037773,0.039432
2012-06-02 00:00:00,0.000678,1.177059,0.044725
2012-06-03 00:00:00,0.000902,1.564623,0.059451
2012-06-04 00:00:00,0.001010,1.753096,0.066612
2012-06-05 00:00:00,0.000975,1.691886,0.064286
2012-06-06 00:00:00,0.001002,1.737794,0.066031
2012-06-07 00:00:00,0.001088,1.887073,0.071703
2012-06-08 00:00:00,0.000936,1.624429,0.061723
2012-06-09 00:00:00,0.000854,1.481239,0.056282
2012-06-10 00:00:00,0.000935,1.621774,0.061622
2012-06-11 00:00:00,0.001017,1.764183,0.067033
2012-06-12 00:00:00,0.001148,1.992631,0.075714
2012-06-13 00:00:00,0.001014,1.760123,0.066879
2012-06-14 00:00:00,0.000791,1.371778,0.052123
2012-06-15 00:00:00,0.000633,1.098828,0.041752
2012-06-16 00:00:00,0.000477,0.828064,0.031464
2012-06-17 00:00:00,0.000420,0.728596,0.027684
2012-06-18 00:00:00,0.000461,0.799957,0.030396
2012-06-19 00:00:00,0.000569,0.986868,0.037498
2012-06-20 00:00:00,0.000733,1.271842,0.048326
2012-06-21 00:00:00,0.001086,1.884731,0.071614
2012-06-22 00:00:00,0.001131,1.962650,0.074575
2012-06-23 00:00:00,0.000897,1.556504,0.059142
2012-06-24 00:00:00,0.000881,1.528709,0.058086
2012-06-25 00:00:00,0.000986,1.710624,0.064998
2012-06-26 00:00:00,0.001166,2.023080,0.076871
2012-06-27 00:00:00,0.001359,2.357866,0.089592
2012-06-28 00:00:00,0.001146,1.988727,0.075565
2012-06-29 00:00:00,0.001110,1.926579,0.073204
2012-06-30 00:00:00,0.001391,2.412518,0.091668
2012-07-01 00:00:00,0.001277,2.215457,0.084180
2012-07-02 00:00:00,0.001106,1.918772,0.072907
2012-07-03 00:00:00,0.001014,1.747912,0.068008
2012-07-04 00:00:00,0.001169,2.001327,0.079661
2012-07-05 00:00:00,0.001379,2.363415,0.093541
2012-07-06 00:00:00,0.001506,2.583201,0.101642
2012-07-07 00:00:00,0.001558,2.675450,0.104668
2012-07-08 00:00:00,0.001270,2.183719,0.084945
2012-07-09 00:00:00,0.000954,1.642521,0.063511
2012-07-10 00:00:00,0.000832,1.435250,0.055169
2012-07-11 00:00:00,0.000712,1.228527,0.046946
2012-07-12 00:00:00,0.000593,1.025654,0.038961
2012-07-13 00:00:00,0.000666,1.153166,0.043533
2012-07-14 00:00:00,0.000716,1.239999,0.046545
2012-07-15 00:00:00,0.000619,1.073856,0.040065
2012-07-16 00:00:00,0.000690,1.198282,0.044479
2012-07-17 00:00:00,0.000882,1.531430,0.056890
2012-07-18 00:00:00,0.000962,1.668930,0.062095
2012-07-19 00:00:00,0.000836,1.449635,0.054021
2012-07-20 00:00:00,0.000737,1.277665,0.047691
2012-07-21 00:00:00,0.000738,1.277711,0.047769
2012-07-22 00:00:00,0.000828,1.432916,0.053660
2012-07-23 00:00:00,0.000983,1.700703,0.063789
2012-07-24 00:00:00,0.000978,1.690869,0.063520
2012-07-25 00:00:00,0.000941,1.626731,0.061210
2012-07-26 00:00:00,0.001007,1.739262,0.065550
2012-07-27 00:00:00,0.000954,1.647085,0.062173
2012-07-28 00:00:00,0.000900,1.551862,0.058675
2012-07-29 00:00:00,0.001005,1.732359,0.065604
2012-07-30 00:00:00,0.001124,1.936688,0.073459
2012-07-31 00:00:00,0.001242,2.139362,0.081274
2012-08-01 00:00:00,0.001179,2.037811,0.077519
2012-08-02 00:00:00,0.000914,1.586464,0.060429
2012-08-03 00:00:00,0.000687,1.196184,0.045623
2012-08-04 00:00:00,0.000481,0.841260,0.032127
2012-08-05 00:00:00,0.000622,1.091284,0.041735
2012-08-06 00:00:00,0.000915,1.611580,0.061707
2012-08-07 00:00:00,0.000790,1.396669,0.053543
2012-08-08 00:00:00,0.000677,1.200828,0.046096
2012-08-09 00:00:00,0.000673,1.197739,0.046033
2012-08-10 00:00:00,0.000543,0.969829,0.037319
2012-08-11 00:00:00,0.000559,1.002268,0.038617
2012-08-12 00:00:00,0.000759,1.366466,0.052713
2012-08-13 00:00:00,0.000704,1.271120,0.049091
2012-08-14 00:00:00,0.088463,160.460670,6.205945
2012-08-15 00:00:00,0.295100,536.293383,20.751389
2012-08-16 00:00:00,0.417932,757.020737,29.237007
2012-08-17 00:00:00,0.417750,753.486219,29.031996
2012-08-18 00:00:00,0.408129,732.995974,28.175191
2012-08-19 00:00:00,0.398765,713.108389,27.344553
2012-08-20 00:00:00,0.392244,698.429565,26.716356
2012-08-21 00:00:00,0.386357,684.974387,26.137038
2012-08-22 00:00:00,0.378625,668.357132,25.439424
2012-08-23 00:00:00,0.374471,658.135388,24.987015
2012-08-24 00:00:00,0.372660,652.091377,24.694501
2012-08-25 00:00:00,0.367882,640.900246,24.208051
2012-08-26 00:00:00,0.362780,629.221384,23.704944
2012-08-27 00:00:00,0.357459,617.241223,23.192207
2012-08-28 00:00:00,0.349005,600.263854,22.497507
2012-08-29 00:00:00,0.345165,592.994251,22.187314
2012-08-30 00:00:00,0.357617,613.976083,22.936375
2012-08-31 00:00:00,0.373228,640.351896,23.884322
2012-09-01 00:00:00,0.373521,640.429904,23.849940
2012-09-02 00:00:00,0.364215,624.056647,23.203577
2012-09-03 00:00:00,0.351679,602.176461,22.354749
2012-09-04 00:00:00,0.317633,543.518650,20.145544
2012-09-05 00:00:00,0.306017,523.284635,19.364112
2012-09-06 00:00:00,0.325291,555.872030,20.537413
2012-09-07 00:00:00,0.330236,563.945959,20.802519
2012-09-08 00:00:00,0.323555,552.168145,20.335566
2012-09-09 00:00:00,0.310038,528.745081,19.441627
2012-09-10 00:00:00,0.295856,504.220525,18.510001
2012-09-11 00:00:00,0.287339,489.422610,17.942621
2012-09-12 00:00:00,0.284655,484.821068,17.775759
2012-09-13 00:00:00,0.274636,467.762564,17.155694
2012-09-14 00:00:00,0.258296,439.937158,16.140196
2012-09-15 00:00:00,0.241482,411.303994,15.094476
2012-09-16 00:00:00,0.226426,385.665376,14.157992
2012-09-17 00:00:00,0.213611,363.841376,13.361004
2012-09-18 00:00:00,0.192049,327.119016,12.016217
2012-09-19 00:00:00,0.145227,247.369546,9.089516
2012-09-20 00:00:00,0.110740,188.629861,6.933388
2012-09-21 00:00:00,0.104772,178.465633,6.561830
2012-09-22 00:00:00,0.097886,166.738070,6.132553
2012-09-23 00:00:00,0.104882,178.656976,6.573018
2012-09-24 00:00:00,0.107161,182.541293,6.717973
2012-09-25 00:00:00,0.094083,160.265887,5.900024
2012-09-26 00:00:00,0.084223,143.471328,5.283404
2012-09-27 00:00:00,0.069289,118.032633,4.347947
2012-09-28 00:00:00,0.075575,128.743124,4.744056
2012-09-29 00:00:00,0.091515,155.898465,5.746434
2012-09-30 00:00:00,0.083955,143.022660,5.273445
2012-10-01 00:00:00,0.073340,124.939458,4.608145
2012-10-02 00:00:00,0.065019,110.765718,4.086637
2012-10-03 00:00:00,0.047824,81.474186,3.006852
2012-10-04 00:00:00,0.017666,30.096092,1.111018
2012-10-05 00:00:00,0.000104,0.177095,0.006540
2012-10-06 00:00:00,0.000110,0.187830,0.006939
2012-10-07 00:00:00,0.000113,0.193199,0.007139
2012-10-08 00:00:00,0.000117,0.199182,0.007362
2012-10-09 00:00:00,0.000108,0.183544,0.006787
2012-10-10 00:00:00,0.000106,0.179866,0.006653
2012-10-11 00:00:00,0.000095,0.161927,0.005991
2012-10-12 00:00:00,0.000104,0.177570,0.006572
2012-10-13 00:00:00,0.000107,0.182019,0.006739
2012-10-14 00:00:00,0.000097,0.165920,0.006144
2012-10-15 00:00:00,0.000087,0.148134,0.005487
2012-10-16 00:00:00,0.000091,0.154729,0.005734
2012-10-17 00:00:00,0.000095,0.161939,0.006003
2012-10-18 00:00:00,0.000102,0.173135,0.006420
2012-10-19 00:00:00,0.000107,0.181725,0.006740
2012-10-20 00:00:00,0.000108,0.184181,0.006833
2012-10-21 00:00:00,0.000112,0.191391,0.007103
2012-10-22 00:00:00,0.000112,0.191394,0.007105
2012-10-23 00:00:00,0.000112,0.191396,0.007108
2012-10-24 00:00:00,0.000112,0.191398,0.007110
2012-10-25 00:00:00,0.000112,0.191400,0.007112
2012-10-26 00:00:00,0.000112,0.191403,0.007115
2012-10-27 00:00:00,0.000112,0.191405,0.007117
2012-10-28 00:00:00,0.000112,0.191407,0.007119
2012-10-29 00:00:00,0.000112,0.191410,0.007121
2012-10-30 00:00:00,0.000112,0.191412,0.007124
2012-10-31 00:00:00,0.000112,0.191414,0.007126
2012-11-01 00:00:00,0.000112,0.191416,0.007128
2012-11-02 00:00:00,0.000112,0.191419,0.007131
2012-11-03 00:00:00,0.000112,0.191421,0.007133
2012-11-04 00:00:00,0.000112,0.191423,0.007135
2012-11-05 00:00:00,0.000112,0.191426,0.007137
2012-11-06 00:00:00,0.000112,0.191428,0.007140
2012-11-07 00:00:00,0.000112,0.191430,0.007142
2012-11-08 00:00:00,0.000112,0.191432,0.007144
2012-11-09 00:00:00,0.000112,0.191435,0.007146
2012-11-10 00:00:00,0.000112,0.191437,0.007149
2012-11-11 00:00:00,0.000112,0.191439,0.007151
2012-11-12 00:00:00,0.000112,0.191442,0.007153
2012-11-13 00:00:00,0.000112,0.191444,0.007156
2012-11-14 00:00:00,0.000112,0.191446,0.007158
2012-11-15 00:00:00,0.000112,0.191448,0.007160
2012-11-16 00:00:00,0.000112,0.191451,0.007162
2012-11-17 00:00:00,0.000112,0.191453,0.007165
2012-11-18 00:00:00,0.000117,0.199893,0.007483
2012-11-19 00:00:00,0.000121,0.206185,0.007721
2012-11-20 00:00:00,0.000116,0.196983,0.007378
2012-11-21 00:00:00,0.000103,0.176121,0.006599
2012-11-22 00:00:00,0.000102,0.173361,0.006498
2012-11-23 00:00:00,0.000096,0.164311,0.006160
2012-11-24 00:00:00,0.000087,0.148051,0.005552
2012-11-25 00:00:00,0.000095,0.162014,0.006078
2012-11-26 00:00:00,0.000082,0.139769,0.005245
2012-11-27 00:00:00,0.000034,0.057842,0.002171
2012-11-28 00:00:00,0.000000,0.000000,0.000000
2012-11-29 00:00:00,0.000000,0.000000,0.000000
2012-11-30 00:00:00,0.000000,0.000000,0.000000
2012-12-01 00:00:00,0.000000,0.000000,0.000000
2012-12-02 00:00:00,0.000000,0.000000,0.000000
2012-12-03 00:00:00,0.000000,0.000000,0.000000
2012-12-04 00:00:00,0.000000,0.000000,0.000000
2012-12-05 00:00:00,0.000000,0.000000,0.000000
2012-12-06 00:00:00,0.000000,0.000000,0.000000
2012-12-07 00:00:00,0.000000,0.000000,0.000000
2012-12-08 00:00:00,0.000000,0.000000,0.000000
2012-12-09 00:00:00,0.000000,0.000000,0.000000
2012-12-10 00:00:00,0.000000,0.000000,0.000000
2012-12-11 00:00:00,0.000000,0.000000,0.000000
2012-12-12 00:00:00,0.000000,0.000000,0.000000
2012-12-13 00:00:00,0.000000,0.000000,0.000000
2012-12-14 00:00:00,0.000000,0.000000,0.000000
2012-12-15 00:00:00,0.000000,0.000000,0.000000
2012-12-16 00:00:00,0.000000,0.000000,0.000000
2012-12-17 00:00:00,0.000000,0.000000,0.000000
2012-12-18 00:00:00,0.000000,0.000000,0.000000
2012-12-19 00:00:00,0.000000,0.000000,0.000000
2012-12-20 00:00:00,0.000000,0.000000,0.000000
2012-12-21 00:00:00,0.000000,0.000000,0.000000
2012-12-22 00:00:00,0.000000,0.000000,0.000000
2012-12-23 00:00:00,0.000000,0.000000,0.000000
2012-12-24 00:00:00,0.000000,0.000000,0.000000
2012-12-25 00:00:00,0.000000,0.000000,0.000000
2012-12-26 00:00:00,0.000000,0.000000,0.000000
2012-12-27 00:00:00,0.000000,0.000000,0.000000
2012-12-28 00:00:00,0.000000,0.000000,0.000000
2012-12-29 00:00:00,0.000000,0.000000,0.000000
2012-12-30 00:00:00,0.000000,0.000000,0.000000
2012-12-31 00:00:00,0.000000,0.000000,0.000000
2013-01-01 00:00:00,0.000000,0.000000,0.000000
2013-01-02 00:00:00,0.000000,0.000000,0.000000
2013-01-03 00:00:00,0.000000,0.000000,0.000000
2013-01-04 00:00:00,0.000000,0.000000,0.000000
2013-01-05 00:00:00,0.000000,0.000000,0.000000
2013-01-06 00:00:00,0.000000,0.000000,0.000000
2013-01-07 00:00:00,0.000000,0.000000,0.000000
2013-01-08 00:00:00,0.000000,0.000000,0.000000
2013-01-09 00:00:00,0.000000,0.000000,0.000000
2013-01-10 00:00:00,0.000000,0.000000,0.000000
2013-01-11 00:00:00,0.000000,0.000000,0.000000
2013-01-12 00:00:00,0.000000,0.000000,0.000000
2013-01-13 00:00:00,0.000000,0.000000,0.000000
2013-01-14 00:00:00,0.000000,0.000000,0.000000
2013-01-15 00:00:00,0.000000,0.000000,0.000000
2013-01-16 00:00:00,0.000000,0.000000,0.000000
2013-01-17 00:00:00,0.000000,0.000000,0.000000
2013-01-18 00:00:00,0.000000,0.000000,0.000000
2013-01-19 00:00:00,0.000000,0.000000,0.000000
2013-01-20 00:00:00,0.000000,0.000000,0.000000
2013-01-21 00:00:00,0.000000,0.000000,0.000000
2013-01-22 00:00:00,0.000000,0.000000,0.000000
2013-01-23 00:00:00,0.000000,0.000000,0.000000
2013-01-24 00:00:00,0.000000,0.000000,0.000000
2013-01-25 00:00:00,0.000000,0.000000,0.000000
2013-01-26 00:00:00,0.000000,0.000000,0.000000
2013-01-27 00:00:00,0.000000,0.000000,0.000000
2013-01-28 00:00:00,0.000000,0.000000,0.000000
2013-01-29 00:00:00,0.000000,0.000000,0.000000
2013-01-30 00:00:00,0.000000,0.000000,0.000000
2013-01-31 00:00:00,0.000000,0.000000,0.000000
2013-02-01 00:00:00,0.000000,0.000000,0.000000
2013-02-02 00:00:00,0.000000,0.000000,0.000000
2013-02-03 00:00:00,0.000000,0.000000,0.000000
2013-02-04 00:00:00,0.000000,0.000000,0.000000
2013-02-05 00:00:00,0.000000,0.000000,0.000000
2013-02-06 00:00:00,0.000000,0.000000,0.000000
2013-02-07 00:00:00,0.000000,0.000000,0.000000
2013-02-08 00:00:00,0.000000,0.000000,0.000000
2013-02-09 00:00:00,0.000000,0.000000,0.000000
2013-02-10 00:00:00,0.000000,0.000000,0.000000
2013-02-11 00:00:00,0.000000,0.000000,0.000000
2013-02-12 00:00:00,0.000000,0.000000,0.000000
2013-02-13 00:00:00,0.000000,0.000000,0.000000
2013-02-14 00:00:00,0.000000,0.000000,0.000000
2013-02-15 00:00:00,0.000000,0.000000,0.000000
2013-02-16 00:00:00,0.000000,0.000000,0.000000
2013-02-17 00:00:00,0.000000,0.000000,0.000000
2013-02-18 00:00:00,0.000000,0.000000,0.000000
2013-02-19 00:00:00,0.000000,0.000000,0.000000
2013-02-20 00:00:00,0.000000,0.000000,0.000000
2013-02-21 00:00:00,0.000000,0.000000,0.000000
2013-02-22 00:00:00,0.000000,0.000000,0.000000
2013-02-23 00:00:00,0.000000,0.000000,0.000000
2013-02-24 00:00:00,0.000000,0.000000,0.000000
2013-02-25 00:00:00,0.000000,0.000000,0.000000
2013-02-26 00:00:00,0.000000,0.000000,0.000000
2013-02-27 00:00:00,0.000000,0.000000,0.000000
2013-02-28 00:00:00,0.000000,0.000000,0.000000
2013-03-01 00:00:00,0.000000,0.000000,0.000000
2013-03-02 00:00:00,0.000000,0.000000,0.000000
2013-03-03 00:00:00,0.000000,0.000000,0.000000
2013-03-04 00:00:00,0.000000,0.000000,0.000000
2013-03-05 00:00:00,0.000000,0.000000,0.000000
2013-03-06 00:00:00,0.000000,0.000000,0.000000
2013-03-07 00:00:00,0.000000,0.000000,0.000000
2013-03-08 00:00:00,0.000000,0.000000,0.000000
2013-03-09 00:00:00,0.000000,0.000000,0.000000
2013-03-10 00:00:00,0.000000,0.000000,0.000000
2013-03-11 00:00:00,0.000000,0.000000,0.000000
2013-03-12 00:00:00,0.000000,0.000000,0.000000
2013-03-13 00:00:00,0.000000,0.000000,0.000000
2013-03-14 00:00:00,0.000000,0.000000,0.000000
2013-03-15 00:00:00,0.000000,0.000000,0.000000
2013-03-16 00:00:00,0.000000,0.000000,0.000000
2013-03-17 00:00:00,0.000000,0.000000,0.000000
2013-03-18 00:00:00,0.000000,0.000000,0.000000
2013-03-19 00:00:00,0.000000,0.000000,0.000000
2013-03-20 00:00:00,0.000000,0.000000,0.000000
2013-03-21 00:00:00,0.000000,0.000000,0.000000
2013-03-22 00:00:00,0.000000,0.000000,0.000000
2013-03-23 00:00:00,0.000000,0.000000,0.000000
2013-03-24 00:00:00,0.000000,0.000000,0.000000
2013-03-25 00:00:00,0.000000,0.000000,0.000000
2013-03-26 00:00:00,0.000000,0.000000,0.000000
2013-03-27 00:00:00,0.000000,0.000000,0.000000
2013-03-28 00:00:00,0.000000,0.000000,0.000000
2013-03-29 00:00:00,0.000000,0.000000,0.000000
2013-03-30 00:00:00,0.000000,0.000000,0.000000
2013-03-31 00:00:00,0.000000,0.000000,0.000000
2013-04-01 00:00:00,0.000000,0.000000,0.000000
2013-04-02 00:00:00,0.000000,0.000000,0.000000
2013-04-03 00:00:00,0.000000,0.000000,0.000000
2013-04-04 00:00:00,0.000000,0.000000,0.000000
2013-04-05 00:00:00,0.000000,0.000000,0.000000
2013-04-06 00:00:00,0.000000,0.000000,0.000000
2013-04-07 00:00:00,0.000000,0.000000,0.000000
2013-04-08 00:00:00,0.000000,0.000000,0.000000
2013-04-09 00:00:00,0.000000,0.000000,0.000000
2013-04-10 00:00:00,0.000000,0.000000,0.000000
2013-04-11 00:00:00,0.000000,0.000000,0.000000
2013-04-12 00:00:00,0.000000,0.000000,0.000000
2013-04-13 00:00:00,0.000000,0.000000,0.000000
2013-04-14 00:00:00,0.000000,0.000000,0.000000
2013-04-15 00:00:00,0.000000,0.000000,0.000000
2013-04-16 00:00:00,0.000000,0.000000,0.000000
2013-04-17 00:00:00,0.000000,0.000000,0.000000
2013-04-18 00:00:00,0.000000,0.000000,0.000000
2013-04-19 00:00:00,0.000000,0.000000,0.000000
2013-04-20 00:00:00,0.000000,0.000000,0.000000
2013-04-21 00:00:00,0.000000,0.000000,0.000000
2013-04-22 00:00:00,0.000000,0.000000,0.000000
2013-04-23 00:00:00,0.000000,0.000000,0.000000
2013-04-24 00:00:00,0.000000,0.000000,0.000000
2013-04-25 00:00:00,0.000000,0.000000,0.000000
2013-04-26 00:00:00,0.000000,0.000000,0.000000
2013-04-27 00:00:00,0.000000,0.000000,0.000000
2013-04-28 00:00:00,0.000000,0.000000,0.000000
2013-04-29 00:00:00,0.000000,0.000000,0.000000
2013-04-30 00:00:00,0.000000,0.000000,0.000000
2013-05-01 00:00:00,0.000000,0.000000,0.000000
2013-05-02 00:00:00,0.000000,0.000000,0.000000
2013-05-03 00:00:00,0.000000,0.000000,0.000000
2013-05-04 00:00:00,0.000000,0.000000,0.000000
2013-05-05 00:00:00,0.000000,0.000000,0.000000
2013-05-06 00:00:00,0.000000,0.000000,0.000000
2013-05-07 00:00:00,0.000000,0.000000,0.000000
2013-05-08 00:00:00,0.000000,0.000000,0.000000
2013-05-09 00:00:00,0.000000,0.000000,0.000000
2013-05-10 00:00:00,0.000000,0.000000,0.000000
2013-05-11 00:00:00,0.000000,0.000000,0.000000
2013-05-12 00:00:00,0.000000,0.000000,0.000000
2013-05-13 00:00:00,0.000000,0.000000,0.000000
2013-05-14 00:00:00,0.000000,0.000000,0.000000
2013-05-15 00:00:00,0.000000,0.000000,0.000000
2013-05-16 00:00:00,0.000000,0.000000,0.000000
2013-05-17 00:00:00,0.000000,0.000000,0.000000
2013-05-18 00:00:00,0.000000,0.000000,0.000000
2013-05-19 00:00:00,0.000000,0.000000,0.000000
2013-05-20 00:00:00,0.000000,0.000000,0.000000
2013-05-21 00:00:00,0.000000,0.000000,0.000000
2013-05-22 00:00:00,0.000000,0.000000,0.000000
2013-05-23 00:00:00,0.000000,0.000000,0.000000
2013-05-24 00:00:00,0.000000,0.000000,0.000000
2013-05-25 00:00:00,0.000000,0.000000,0.000000
2013-05-26 00:00:00,0.000000,0.000000,0.000000
2013-05-27 00:00:00,0.000000,0.000000,0.000000
2013-05-28 00:00:00,0.000000,0.000000,0.000000
2013-05-29 00:00:00,0.000000,0.000000,0.000000
2013-05-30 00:00:00,0.000000,0.000000,0.000000
2013-05-31 00:00:00,0.000000,0.000000,0.000000
2013-06-01 00:00:00,0.000000,0.000000,0.000000
2013-06-02 00:00:00,0.000000,0.000000,0.000000
2013-06-03 00:00:00,0.000000,0.000000,0.000000
2013-06-04 00:00:00,0.000000,0.000000,0.000000
2013-06-05 00:00:00,0.000000,0.000000,0.000000
2013-06-06 00:00:00,0.000000,0.000000,0.000000
2013-06-07 00:00:00,0.000000,0.000000,0.000000
2013-06-08 00:00:00,0.000002,0.003998,0.000159
2013-06-09 00:00:00,0.000009,0.014763,0.000587
2013-06-10 00:00:00,0.000009,0.014763,0.000587
2013-06-11 00:00:00,0.000009,0.014763,0.000587
2013-06-12 00:00:00,0.000009,0.014764,0.000588
2013-06-13 00:00:00,0.000009,0.014764,0.000588
2013-06-14 00:00:00,0.000016,0.027990,0.001114
2013-06-15 00:00:00,0.000017,0.029528,0.001176
2013-06-16 00:00:00,0.000017,0.029528,0.001176
2013-06-17 00:00:00,0.000023,0.038449,0.001532
2013-06-18 00:00:00,0.000026,0.044294,0.001766
2013-06-19 00:00:00,0.000026,0.044294,0.001766
2013-06-20 00:00:00,0.000034,0.058137,0.002319
2013-06-21 00:00:00,0.000035,0.059060,0.002356
2013-06-22 00:00:00,0.000041,0.070596,0.002817
2013-06-23 00:00:00,0.000043,0.073827,0.002947
2013-06-24 00:00:00,0.000050,0.085825,0.003427
2013-06-25 00:00:00,0.062185,106.275223,4.245135
2013-06-26 00:00:00,0.205397,351.029080,14.025375
2013-06-27 00:00:00,0.291432,498.070968,19.905743
2013-06-28 00:00:00,0.303920,519.419940,20.764945
2013-06-29 00:00:00,0.309571,529.083377,21.157244
2013-06-30 00:00:00,0.303892,519.383805,20.775315
2013-07-01 00:00:00,0.290325,503.434625,20.184359
2013-07-02 00:00:00,0.272386,486.234465,19.577872
2013-07-03 00:00:00,0.272342,500.237450,20.210598
2013-07-04 00:00:00,0.291055,550.011857,22.201874
2013-07-05 00:00:00,0.294365,571.735164,23.042429
2013-07-06 00:00:00,0.278682,556.078321,22.378218
2013-07-07 00:00:00,0.268471,550.011571,22.102867
2013-07-08 00:00:00,0.275525,579.207811,23.244185
2013-07-09 00:00:00,0.287591,619.781270,24.840956
2013-07-10 00:00:00,0.290789,642.108859,25.704807
2013-07-11 00:00:00,0.292041,660.383837,26.405025
2013-07-12 00:00:00,0.292588,677.163927,27.046158
2013-07-13 00:00:00,0.292787,693.176740,27.656515
2013-07-14 00:00:00,0.294113,711.951366,28.376114
2013-07-15 00:00:00,0.295565,731.158881,29.113588
2013-07-16 00:00:00,0.295647,746.943188,29.733824
2013-07-17 00:00:00,0.308124,794.085719,31.718098
2013-07-18 00:00:00,0.342834,900.733856,36.116183
2013-07-19 00:00:00,0.369344,988.676381,39.786383
2013-07-20 00:00:00,0.373125,1017.400159,41.085444
2013-07-21 00:00:00,0.375733,1043.316288,42.274953
2013-07-22 00:00:00,0.393364,1112.022035,45.205922
2013-07-23 00:00:00,0.419852,1207.850530,49.254294
2013-07-24 00:00:00,0.430383,1259.535990,51.516086
2013-07-25 00:00:00,0.428613,1275.781111,52.331731
2013-07-26 00:00:00,0.426996,1292.294880,53.156879
2013-07-27 00:00:00,0.423856,1303.967609,53.782114
2013-07-28 00:00:00,0.422137,1319.786384,54.576156
2013-07-29 00:00:00,0.421897,1340.113633,55.555895
2013-07-30 00:00:00,0.420449,1356.515618,56.372974
2013-07-31 00:00:00,0.416191,1363.947937,56.812270
2013-08-01 00:00:00,0.409005,1340.465758,55.856516
2013-08-02 00:00:00,0.402778,1297.170023,53.980423
2013-08-03 00:00:00,0.400149,1265.963940,52.609141
2013-08-04 00:00:00,0.396654,1232.410381,51.141591
2013-08-05 00:00:00,0.394899,1204.489671,49.908480
2013-08-06 00:00:00,0.395032,1182.490962,48.921233
2013-08-07 00:00:00,0.391447,1149.541938,47.481686
2013-08-08 00:00:00,0.387537,1116.046165,46.021009
2013-08-09 00:00:00,0.385676,1088.772689,44.817954
2013-08-10 00:00:00,0.383422,1060.654970,43.581178
2013-08-11 00:00:00,0.376863,1021.136925,41.877847
2013-08-12 00:00:00,0.372860,989.068440,40.482107
2013-08-13 00:00:00,0.373599,969.819977,39.611850
2013-08-14 00:00:00,0.374288,950.350977,38.732295
2013-08-15 00:00:00,0.372552,924.117573,37.566697
2013-08-16 00:00:00,0.367939,887.184782,35.907215
2013-08-17 00:00:00,0.363179,849.943451,34.229831
2013-08-18 00:00:00,0.367204,833.203529,33.377825
2013-08-19 00:00:00,0.374227,822.664366,32.769975
2013-08-20 00:00:00,0.372708,792.908481,31.393560
2013-08-21 00:00:00,0.371162,763.260331,30.022412
2013-08-22 00:00:00,0.373114,740.788238,28.933581
2013-08-23 00:00:00,0.374868,717.691245,27.818477
2013-08-24 00:00:00,0.374696,690.785186,26.554715
2013-08-25 00:00:00,0.374900,664.552173,25.316510
2013-08-26 00:00:00,0.374613,637.482046,24.046888
2013-08-27 00:00:00,0.373740,609.469796,22.742216
2013-08-28 00:00:00,0.371636,580.019229,21.389856
2013-08-29 00:00:00,0.368508,551.109680,20.081975
2013-08-30 00:00:00,0.367910,526.507483,18.937203
2013-08-31 00:00:00,0.367473,502.229797,17.805138
2013-09-01 00:00:00,0.366320,490.821134,17.266415
2013-09-02 00:00:00,0.366502,495.300722,17.430263
2013-09-03 00:00:00,0.365597,498.298160,17.541897
2013-09-04 00:00:00,0.361979,497.548322,17.521529
2013-09-05 00:00:00,0.357188,495.090146,17.440862
2013-09-06 00:00:00,0.353000,493.365457,17.385927
2013-09-07 00:00:00,0.351340,495.108847,17.453008
2013-09-08 00:00:00,0.345164,490.381101,17.291955
2013-09-09 00:00:00,0.339604,486.419684,17.157788
2013-09-10 00:00:00,0.339140,489.670330,17.277756
2013-09-11 00:00:00,0.339080,493.562543,17.426438
2013-09-12 00:00:00,0.340891,500.491406,17.713533
2013-09-13 00:00:00,0.341203,505.286322,17.929839
2013-09-14 00:00:00,0.342007,510.831265,18.172924
2013-09-15 00:00:00,0.341824,514.900851,18.363658
2013-09-16 00:00:00,0.339442,515.630829,18.434923
2013-09-17 00:00:00,0.336803,515.904817,18.489197
2013-09-18 00:00:00,0.332525,513.579405,18.449390
2013-09-19 00:00:00,0.330790,515.115470,18.547586
2013-09-20 00:00:00,0.335311,526.425751,18.998089
2013-09-21 00:00:00,0.341502,540.487542,19.549257
2013-09-22 00:00:00,0.343250,547.611723,19.850376
2013-09-23 00:00:00,0.338618,544.523886,19.780966
2013-09-24 00:00:00,0.333688,540.845615,19.689065
2013-09-25 00:00:00,0.330215,539.413804,19.677755
2013-09-26 00:00:00,0.328232,540.355239,19.752502
2013-09-27 00:00:00,0.325863,540.593591,19.800839
2013-09-28 00:00:00,0.325322,543.844686,19.959410
2013-09-29 00:00:00,0.325167,547.711551,20.140303
2013-09-30 00:00:00,0.318519,540.561720,19.915258
2013-10-01 00:00:00,0.308083,524.842842,19.357825
2013-10-02 00:00:00,0.311392,530.486252,19.572086
2013-10-03 00:00:00,0.320265,545.609212,20.136300
2013-10-04 00:00:00,0.318933,543.345260,20.058988
2013-10-05 00:00:00,0.317070,540.179048,19.948297
2013-10-06 00:00:00,0.312808,532.923440,19.686490
2013-10-07 00:00:00,0.310136,528.377971,19.524652
2013-10-08 00:00:00,0.308600,525.767305,19.434235
2013-10-09 00:00:00,0.307502,523.903043,19.371326
2013-10-10 00:00:00,0.303218,516.609920,19.107615
2013-10-11 00:00:00,0.297234,506.420356,18.736544
2013-10-12 00:00:00,0.297917,507.590581,18.785707
2013-10-13 00:00:00,0.296003,504.335618,18.671002
2013-10-14 00:00:00,0.287220,489.376020,18.122807
2013-10-15 00:00:00,0.271415,462.452508,17.131059
2013-10-16 00:00:00,0.261373,445.348581,16.502604
2013-10-17 00:00:00,0.262548,447.355740,16.582146
2013-10-18 00:00:00,0.261614,445.769267,16.528436
2013-10-19 00:00:00,0.263952,449.759381,16.681585
2013-10-20 00:00:00,0.267902,456.495548,16.936651
2013-10-21 00:00:00,0.265610,452.593876,16.797094
2013-10-22 00:00:00,0.252717,430.630709,15.986894
2013-10-23 00:00:00,0.248437,423.342927,15.721251
2013-10-24 00:00:00,0.246799,420.555627,15.622539
2013-10-25 00:00:00,0.240946,410.586699,15.256955
2013-10-26 00:00:00,0.247792,422.259195,15.695571
2013-10-27 00:00:00,0.252963,431.075752,16.028202
2013-10-28 00:00:00,0.243143,414.345303,15.410876
2013-10-29 00:00:00,0.219950,374.827074,13.945352
2013-10-30 00:00:00,0.205845,350.794221,13.055283
2013-10-31 00:00:00,0.196323,334.570363,12.455311
2013-11-01 00:00:00,0.184793,314.925976,11.727618
2013-11-02 00:00:00,0.188905,321.936943,11.992447
2013-11-03 00:00:00,0.191156,325.776836,12.139172
2013-11-04 00:00:00,0.179814,306.450188,11.422552
2013-11-05 00:00:00,0.141358,240.914903,8.982470
2013-11-06 00:00:00,0.086986,148.251255,5.529223
2013-11-07 00:00:00,0.065663,111.911757,4.175234
2013-11-08 00:00:00,0.066341,113.067818,4.219664
2013-11-09 00:00:00,0.066503,113.344970,4.231308
2013-11-10 00:00:00,0.067392,114.862019,4.289261
2013-11-11 00:00:00,0.068362,116.516699,4.352393
2013-11-12 00:00:00,0.067806,115.570388,4.318360
2013-11-13 00:00:00,0.067191,114.523893,4.280585
2013-11-14 00:00:00,0.067728,115.439843,4.316138
2013-11-15 00:00:00,0.068489,116.739480,4.366076
2013-11-16 00:00:00,0.068663,117.036331,4.378518
2013-11-17 00:00:00,0.067134,114.432246,4.282405
2013-11-18 00:00:00,0.067127,114.422267,4.283356
2013-11-19 00:00:00,0.069067,117.729493,4.408507
2013-11-20 00:00:00,0.068753,117.195172,4.389844
2013-11-21 00:00:00,0.066975,114.166470,4.277704
2013-11-22 00:00:00,0.067195,114.542330,4.293111
2013-11-23 00:00:00,0.067654,115.327198,4.323846
2013-11-24 00:00:00,0.066211,112.868475,4.232959
2013-11-25 00:00:00,0.064451,109.869031,4.121729
2013-11-26 00:00:00,0.061254,104.421167,3.918547
2013-11-27 00:00:00,0.059375,101.219345,3.799566
2013-11-28 00:00:00,0.060893,103.807195,3.897899
2013-11-29 00:00:00,0.061206,104.342210,3.919187
2013-11-30 00:00:00,0.059647,101.685714,3.820568
2013-12-01 00:00:00,0.059285,101.070435,3.798620
2013-12-02 00:00:00,0.059480,101.403210,3.812285
2013-12-03 00:00:00,0.058458,99.662294,3.747978
2013-12-04 00:00:00,0.058365,99.505599,3.743234
2013-12-05 00:00:00,0.058864,100.356385,3.776383
2013-12-06 00:00:00,0.058294,99.385829,3.741008
2013-12-07 00:00:00,0.057370,97.812981,3.682919
2013-12-08 00:00:00,0.056654,96.593483,3.638117
2013-12-09 00:00:00,0.055059,93.873692,3.536749
2013-12-10 00:00:00,0.054626,93.136417,3.510049
2013-12-11 00:00:00,0.056003,95.485798,3.599685
2013-12-12 00:00:00,0.056506,96.345508,3.633200
2013-12-13 00:00:00,0.057146,97.438035,3.675520
2013-12-14 00:00:00,0.057644,98.287659,3.708692
2013-12-15 00:00:00,0.057884,98.697494,3.725294
2013-12-16 00:00:00,0.058935,100.491248,3.794148
2013-12-17 00:00:00,0.059169,100.892061,3.810441
2013-12-18 00:00:00,0.057867,98.672169,3.727727
2013-12-19 00:00:00,0.058481,99.720456,3.768484
2013-12-20 00:00:00,0.059968,102.258161,3.865553
2013-12-21 00:00:00,0.057195,97.530961,3.687966
2013-12-22 00:00:00,0.055812,95.172201,3.599882
2013-12-23 00:00:00,0.057023,97.238933,3.679160
2013-12-24 00:00:00,0.054655,93.201991,3.527487
2013-12-25 00:00:00,0.051600,87.994239,3.331393
2013-12-26 00:00:00,0.052128,88.895605,3.366550
2013-12-27 00:00:00,0.047639,81.240547,3.077552
2013-12-28 00:00:00,0.044847,76.480510,2.898140
2013-12-29 00:00:00,0.043774,74.651397,2.829659
2013-12-30 00:00:00,0.034606,59.017692,2.237737
2013-12-31 00:00:00,0.025119,42.838883,1.624782
2014-01-01 00:00:00,0.018095,30.859650,1.170794
2014-01-02 00:00:00,0.008677,14.797831,0.561570
2014-01-03 00:00:00,0.001066,1.817213,0.068986
2014-01-04 00:00:00,0.000829,1.413695,0.053683
2014-01-05 00:00:00,0.000747,1.273569,0.048377
2014-01-06 00:00:00,0.000713,1.216175,0.046211
2014-01-07 00:00:00,0.000630,1.074201,0.040829
2014-01-08 00:00:00,0.000576,0.983033,0.037375
2014-01-09 00:00:00,0.000517,0.881117,0.033510
2014-01-10 00:00:00,0.000484,0.825252,0.031395
2014-01-11 00:00:00,0.000522,0.889889,0.033864
2014-01-12 00:00:00,0.000576,0.982773,0.037410
2014-01-13 00:00:00,0.000582,0.992916,0.037807
2014-01-14 00:00:00,0.000580,0.988630,0.037656
2014-01-15 00:00:00,0.000567,0.966842,0.036837
2014-01-16 00:00:00,0.000544,0.928475,0.035386
2014-01-17 00:00:00,0.000532,0.907453,0.034595
2014-01-18 00:00:00,0.000519,0.885204,0.033757
2014-01-19 00:00:00,0.000504,0.859729,0.032795
2014-01-20 00:00:00,0.000486,0.828267,0.031605
2014-01-21 00:00:00,0.000492,0.838870,0.032019
2014-01-22 00:00:00,0.000493,0.840723,0.032099
2014-01-23 00:00:00,0.000456,0.778706,0.029740
2014-01-24 00:00:00,0.000434,0.740947,0.028307
2014-01-25 00:00:00,0.000430,0.733586,0.028034
2014-01-26 00:00:00,0.000402,0.685384,0.026200
2014-01-27 00:00:00,0.000349,0.595726,0.022779
2014-01-28 00:00:00,0.000340,0.580840,0.022217
2014-01-29 00:00:00,0.000351,0.599272,0.022929
2014-01-30 00:00:00,0.000337,0.574866,0.022001
2014-01-31 00:00:00,0.000322,0.549384,0.021032
2014-02-01 00:00:00,0.000292,0.498413,0.019087
2014-02-02 00:00:00,0.000270,0.460646,0.017646
2014-02-03 00:00:00,0.000294,0.502264,0.019246
2014-02-04 00:00:00,0.000299,0.509794,0.019540
2014-02-05 00:00:00,0.000256,0.435940,0.016714
2014-02-06 00:00:00,0.000241,0.411070,0.015765
2014-02-07 00:00:00,0.000251,0.427505,0.016401
2014-02-08 00:00:00,0.000214,0.365626,0.014031
2014-02-09 00:00:00,0.000203,0.346128,0.013287
2014-02-10 00:00:00,0.000223,0.381298,0.014641
2014-02-11 00:00:00,0.000202,0.344140,0.013218
2014-02-12 00:00:00,0.000217,0.369636,0.014202
2014-02-13 00:00:00,0.000290,0.494953,0.019022
2014-02-14 00:00:00,0.000267,0.454876,0.017487
2014-02-15 00:00:00,0.000199,0.339088,0.013040
2014-02-16 00:00:00,0.000201,0.342932,0.013192
2014-02-17 00:00:00,0.000188,0.320667,0.012339
2014-02-18 00:00:00,0.000167,0.285501,0.010989
2014-02-19 00:00:00,0.000202,0.344787,0.013275
2014-02-20 00:00:00,0.000212,0.361224,0.013912
2014-02-21 00:00:00,0.000171,0.292423,0.011265
2014-02-22 00:00:00,0.000154,0.262017,0.010097
2014-02-23 00:00:00,0.000137,0.233299,0.008993
2014-02-24 00:00:00,0.000115,0.196594,0.007580
2014-02-25 00:00:00,0.000111,0.189685,0.007316
2014-02-26 00:00:00,0.000115,0.195677,0.007550
2014-02-27 00:00:00,0.000108,0.184006,0.007101
2014-02-28 00:00:00,0.000102,0.174178,0.006724
2014-03-01 00:00:00,0.000095,0.162200,0.006263
2014-03-02 00:00:00,0.000094,0.160051,0.006182
2014-03-03 00:00:00,0.000077,0.132098,0.005104
2014-03-04 00:00:00,0.000061,0.103529,0.004001
2014-03-05 00:00:00,0.000063,0.107370,0.004151
2014-03-06 00:00:00,0.000068,0.115666,0.004473
2014-03-07 00:00:00,0.000060,0.103225,0.003993
2014-03-08 00:00:00,0.000060,0.101690,0.003935
2014-03-09 00:00:00,0.000059,0.100770,0.003901
2014-03-10 00:00:00,0.000060,0.101846,0.003943
2014-03-11 00:00:00,0.000060,0.102001,0.003951
2014-03-12 00:00:00,0.000060,0.103231,0.003999
2014-03-13 00:00:00,0.000060,0.103233,0.004001
2014-03-14 00:00:00,0.000043,0.072817,0.002823
2014-03-15 00:00:00,0.000019,0.032415,0.001257
2014-03-16 00:00:00,0.000024,0.041018,0.001591
2014-03-17 00:00:00,0.000038,0.064216,0.002492
2014-03-18 00:00:00,0.000036,0.061913,0.002403
2014-03-19 00:00:00,0.000030,0.051159,0.001986
2014-03-20 00:00:00,0.000019,0.032109,0.001247
2014-03-21 00:00:00,0.000015,0.025350,0.000985
2014-03-22 00:00:00,0.000013,0.021355,0.000830
2014-03-23 00:00:00,0.000009,0.014749,0.000573
2014-03-24 00:00:00,0.000009,0.014749,0.000573
2014-03-25 00:00:00,0.000019,0.032418,0.001261
2014-03-26 00:00:00,0.000030,0.051471,0.002002
2014-03-27 00:00:00,0.000028,0.047323,0.001841
2014-03-28 00:00:00,0.000017,0.029500,0.001148
2014-03-29 00:00:00,0.000013,0.022279,0.000867
2014-03-30 00:00:00,0.000009,0.014751,0.000575
2014-03-31 00:00:00,0.000009,0.014751,0.000575
2014-04-01 00:00:00,0.000002,0.002919,0.000114
2014-04-02 00:00:00,0.000000,0.000000,0.000000
2014-04-03 00:00:00,0.000000,0.000000,0.000000
2014-04-04 00:00:00,0.000000,0.000000,0.000000
2014-04-05 00:00:00,0.000000,0.000000,0.000000
2014-04-06 00:00:00,0.000000,0.000000,0.000000
2014-04-07 00:00:00,0.000000,0.000000,0.000000
2014-04-08 00:00:00,0.000003,0.004303,0.000168
2014-04-09 00:00:00,0.000004,0.007376,0.000288
2014-04-10 00:00:00,0.000000,0.000000,0.000000
2014-04-11 00:00:00,0.000000,0.000000,0.000000
2014-04-12 00:00:00,0.000000,0.000000,0.000000
2014-04-13 00:00:00,0.000000,0.000000,0.000000
2014-04-14 00:00:00,0.000000,0.000000,0.000000
2014-04-15 00:00:00,0.000000,0.000000,0.000000
2014-04-16 00:00:00,0.000000,0.000000,0.000000
2014-04-17 00:00:00,0.000000,0.000000,0.000000
2014-04-18 00:00:00,0.000000,0.000000,0.000000
2014-04-19 00:00:00,0.000000,0.000000,0.000000
2014-04-20 00:00:00,0.000000,0.000000,0.000000
2014-04-21 00:00:00,0.000000,0.000000,0.000000
2014-04-22 00:00:00,0.000000,0.000000,0.000000
2014-04-23 00:00:00,0.000000,0.000000,0.000000
2014-04-24 00:00:00,0.000000,0.000000,0.000000
2014-04-25 00:00:00,0.000000,0.000000,0.000000
2014-04-26 00:00:00,0.000000,0.000000,0.000000
2014-04-27 00:00:00,0.000000,0.000000,0.000000
2014-04-28 00:00:00,0.000000,0.000000,0.000000
2014-04-29 00:00:00,0.000009,0.014602,0.000574
2014-04-30 00:00:00,0.000012,0.021058,0.000828
2014-05-01 00:00:00,0.000014,0.023518,0.000925
2014-05-02 00:00:00,0.000037,0.063329,0.002491
2014-05-03 00:00:00,0.000039,0.066558,0.002618
2014-05-04 00:00:00,0.000026,0.044270,0.001742
2014-05-05 00:00:00,0.000026,0.044271,0.001742
2014-05-06 00:00:00,0.000022,0.036893,0.001452
2014-05-07 00:00:00,0.000014,0.024749,0.000975
2014-05-08 00:00:00,0.000009,0.014757,0.000581
2014-05-09 00:00:00,0.000009,0.014758,0.000582
2014-05-10 00:00:00,0.000009,0.014758,0.000582
2014-05-11 00:00:00,0.000009,0.014758,0.000582
2014-05-12 00:00:00,0.000009,0.014758,0.000582
2014-05-13 00:00:00,0.000009,0.014758,0.000582
2014-05-14 00:00:00,0.000003,0.005381,0.000212
2014-05-15 00:00:00,0.000000,0.000000,0.000000
2014-05-16 00:00:00,0.000000,0.000000,0.000000
2014-05-17 00:00:00,0.000000,0.000000,0.000000
2014-05-18 00:00:00,0.000000,0.000000,0.000000
2014-05-19 00:00:00,0.000000,0.000000,0.000000
2014-05-20 00:00:00,0.000000,0.000000,0.000000
2014-05-21 00:00:00,0.000000,0.000000,0.000000
2014-05-22 00:00:00,0.000000,0.000000,0.000000
2014-05-23 00:00:00,0.000000,0.000000,0.000000
2014-05-24 00:00:00,0.000000,0.000000,0.000000
2014-05-25 00:00:00,0.000002,0.003998,0.000158
2014-05-26 00:00:00,0.000009,0.014761,0.000585
2014-05-27 00:00:00,0.000015,0.024909,0.000987
2014-05-28 00:00:00,0.000023,0.038901,0.001541
2014-05-29 00:00:00,0.000026,0.044283,0.001755
2014-05-30 00:00:00,0.000023,0.039517,0.001567
2014-05-31 00:00:00,0.000020,0.034751,0.001378
2014-06-01 00:00:00,0.000026,0.044285,0.001757
2014-06-02 00:00:00,0.000021,0.035059,0.001391
2014-06-03 00:00:00,0.000030,0.051667,0.002051
2014-06-04 00:00:00,0.000048,0.081960,0.003254
2014-06-05 00:00:00,0.000039,0.067045,0.002663
2014-06-06 00:00:00,0.000026,0.044287,0.001759
2014-06-07 00:00:00,0.000026,0.044288,0.001760
2014-06-08 00:00:00,0.000026,0.044288,0.001760
2014-06-09 00:00:00,0.000026,0.044289,0.001761
2014-06-10 00:00:00,0.000022,0.037677,0.001498
2014-06-11 00:00:00,0.000017,0.029527,0.001175
2014-06-12 00:00:00,0.000017,0.029527,0.001175
2014-06-13 00:00:00,0.000013,0.022761,0.000906
2014-06-14 00:00:00,0.000012,0.021223,0.000845
2014-06-15 00:00:00,0.000017,0.029528,0.001176
2014-06-16 00:00:00,0.000027,0.045523,0.001814
2014-06-17 00:00:00,0.000032,0.054905,0.002188
2014-06-18 00:00:00,0.000022,0.038296,0.001527
2014-06-19 00:00:00,0.000011,0.019225,0.000767
2014-06-20 00:00:00,0.000007,0.011689,0.000466
2014-06-21 00:00:00,0.000021,0.035221,0.001405
2014-06-22 00:00:00,0.000018,0.031069,0.001240
2014-06-23 00:00:00,0.000006,0.009844,0.000393
2014-06-24 00:00:00,0.000027,0.046143,0.001843
2014-06-25 00:00:00,0.000075,0.127970,0.005112
2014-06-26 00:00:00,0.000084,0.144122,0.005758
2014-06-27 00:00:00,0.000039,0.066140,0.002643
2014-06-28 00:00:00,0.000093,0.159200,0.006365
2014-06-29 00:00:00,0.000137,0.234880,0.009392
2014-06-30 00:00:00,0.000096,0.164433,0.006577
2014-07-01 00:00:00,0.000079,0.134440,0.005379
2014-07-02 00:00:00,0.000069,0.118136,0.004728
2014-07-03 00:00:00,0.000043,0.072919,0.002918
2014-07-04 00:00:00,0.000039,0.066851,0.002660
2014-07-05 00:00:00,0.000112,0.192317,0.007608
2014-07-06 00:00:00,0.000141,0.241633,0.009510
2014-07-07 00:00:00,0.000105,0.180411,0.007059
2014-07-08 00:00:00,0.000202,0.347858,0.013522
2014-07-09 00:00:00,0.000270,0.465718,0.018009
2014-07-10 00:00:00,0.000239,0.412010,0.015835
2014-07-11 00:00:00,0.000292,0.504052,0.019257
2014-07-12 00:00:00,0.000287,0.495473,0.018823
2014-07-13 00:00:00,0.000243,0.420408,0.015874
2014-07-14 00:00:00,0.000240,0.416251,0.015623
2014-07-15 00:00:00,0.000199,0.346022,0.012912
2014-07-16 00:00:00,0.000283,0.490824,0.018217
2014-07-17 00:00:00,0.000440,0.764389,0.028395
2014-07-18 00:00:00,0.000431,0.748659,0.027854
2014-07-19 00:00:00,0.000399,0.691094,0.025755
2014-07-20 00:00:00,0.000424,0.735152,0.027441
2014-07-21 00:00:00,0.038030,65.868046,2.463247
2014-07-22 00:00:00,0.189920,328.762280,12.313071
2014-07-23 00:00:00,0.357676,618.828552,23.211254
2014-07-24 00:00:00,0.410197,709.295972,26.646214
2014-07-25 00:00:00,0.408326,705.653715,26.551896
2014-07-26 00:00:00,0.403032,696.101136,26.234440
2014-07-27 00:00:00,0.395245,682.257054,25.753901
2014-07-28 00:00:00,0.387262,668.090652,25.259557
2014-07-29 00:00:00,0.381218,657.281723,24.890733
2014-07-30 00:00:00,0.375076,646.318496,24.514714
2014-07-31 00:00:00,0.373348,643.322271,24.439429
2014-08-01 00:00:00,0.375935,649.867554,24.721800
2014-08-02 00:00:00,0.374103,649.119003,24.726014
2014-08-03 00:00:00,0.370339,644.985443,24.600801
2014-08-04 00:00:00,0.366785,641.169252,24.487064
2014-08-05 00:00:00,0.363143,637.152035,24.365029
2014-08-06 00:00:00,0.360002,633.970761,24.274372
2014-08-07 00:00:00,0.357041,631.066486,24.193821
2014-08-08 00:00:00,0.353395,626.908953,24.064622
2014-08-09 00:00:00,0.351320,625.503153,24.040610
2014-08-10 00:00:00,0.348854,623.368555,23.988150
2014-08-11 00:00:00,0.345302,619.256403,23.859103
2014-08-12 00:00:00,0.342668,616.750301,23.791431
2014-08-13 00:00:00,0.339167,612.642897,23.661442
2014-08-14 00:00:00,0.366734,664.845652,25.708734
2014-08-15 00:00:00,0.424820,772.058206,29.875194
2014-08-16 00:00:00,0.446980,809.649320,31.269859
2014-08-17 00:00:00,0.434201,783.161934,30.175478
2014-08-18 00:00:00,0.421677,757.328374,29.110490
2014-08-19 00:00:00,0.345405,617.772597,23.690733
2014-08-20 00:00:00,0.211929,377.437902,14.439467
2014-08-21 00:00:00,0.181623,321.955565,12.284108
2014-08-22 00:00:00,0.244965,432.374476,16.456374
2014-08-23 00:00:00,0.275474,484.147964,18.381354
2014-08-24 00:00:00,0.275098,481.371635,18.229357
2014-08-25 00:00:00,0.272909,475.444316,17.958459
2014-08-26 00:00:00,0.262016,454.460879,17.121318
2014-08-27 00:00:00,0.242834,419.323363,15.755883
2014-08-28 00:00:00,0.232276,399.495954,14.972775
2014-08-29 00:00:00,0.229864,394.908242,14.775838
2014-08-30 00:00:00,0.226195,388.346320,14.507636
2014-08-31 00:00:00,0.223783,383.947746,14.320832
2014-09-01 00:00:00,0.226312,388.028064,14.450260
2014-09-02 00:00:00,0.218044,373.604352,13.891451
2014-09-03 00:00:00,0.198845,340.480016,12.639773
2014-09-04 00:00:00,0.190542,326.044017,12.084587
2014-09-05 00:00:00,0.188999,323.188066,11.959719
2014-09-06 00:00:00,0.185554,317.084058,11.715168
2014-09-07 00:00:00,0.168823,288.302541,10.634985
2014-09-08 00:00:00,0.142175,242.632270,8.935954
2014-09-09 00:00:00,0.129722,221.229677,8.134433
2014-09-10 00:00:00,0.131494,224.100781,8.226679
2014-09-11 00:00:00,0.134183,228.553067,8.378930
2014-09-12 00:00:00,0.134561,229.183399,8.402914
2014-09-13 00:00:00,0.135033,229.989832,8.435140
2014-09-14 00:00:00,0.119406,203.375740,7.461306
2014-09-15 00:00:00,0.081170,138.253210,5.073705
2014-09-16 00:00:00,0.059671,101.635831,3.731115
2014-09-17 00:00:00,0.060468,102.995096,3.782199
2014-09-18 00:00:00,0.061222,104.280656,3.830607
2014-09-19 00:00:00,0.062321,106.152619,3.900592
2014-09-20 00:00:00,0.063215,107.676630,3.957829
2014-09-21 00:00:00,0.062828,107.019934,3.934918
2014-09-22 00:00:00,0.062697,106.797237,3.927963
2014-09-23 00:00:00,0.062722,106.841588,3.930817
2014-09-24 00:00:00,0.063618,108.369368,3.988282
2014-09-25 00:00:00,0.064409,109.718409,4.039180
2014-09-26 00:00:00,0.062906,107.158018,3.946157
2014-09-27 00:00:00,0.062759,106.909246,3.938229
2014-09-28 00:00:00,0.065495,111.571649,4.111264
2014-09-29 00:00:00,0.067467,114.932632,4.236431
2014-09-30 00:00:00,0.070169,119.537448,4.407540
2014-10-01 00:00:00,0.071114,121.147971,4.468310
2014-10-02 00:00:00,0.068318,116.386114,4.294011
2014-10-03 00:00:00,0.064874,110.520347,4.078866
2014-10-04 00:00:00,0.063394,108.000671,3.987126
2014-10-05 00:00:00,0.065451,111.505682,4.117803
2014-10-06 00:00:00,0.070297,119.763896,4.424160
2014-10-07 00:00:00,0.071248,121.384495,4.485397
2014-10-08 00:00:00,0.065811,112.123309,4.144470
2014-10-09 00:00:00,0.061592,104.937312,3.880053
2014-10-10 00:00:00,0.062071,105.753879,3.911481
2014-10-11 00:00:00,0.065050,110.831151,4.100535
2014-10-12 00:00:00,0.069686,118.730667,4.394182
2014-10-13 00:00:00,0.071923,122.543884,4.536693
2014-10-14 00:00:00,0.065716,111.968786,4.146471
2014-10-15 00:00:00,0.059040,100.596660,3.726496
2014-10-16 00:00:00,0.057218,97.492700,3.612639
2014-10-17 00:00:00,0.054872,93.496297,3.465620
2014-10-18 00:00:00,0.051253,87.330332,3.238072
2014-10-19 00:00:00,0.052542,89.528192,3.320607
2014-10-20 00:00:00,0.052250,89.031909,3.303206
2014-10-21 00:00:00,0.048728,83.031295,3.081534
2014-10-22 00:00:00,0.050690,86.375707,3.206661
2014-10-23 00:00:00,0.051852,88.356472,3.281193
2014-10-24 00:00:00,0.050814,86.589249,3.216572
2014-10-25 00:00:00,0.053100,90.486387,3.362378
2014-10-26 00:00:00,0.054271,92.482160,3.437601
2014-10-27 00:00:00,0.054877,93.516056,3.477104
2014-10-28 00:00:00,0.054956,93.651368,3.483210
2014-10-29 00:00:00,0.042170,71.864271,2.673661
2014-10-30 00:00:00,0.015565,26.524906,0.987114
2014-10-31 00:00:00,0.000885,1.508919,0.056173
2014-11-01 00:00:00,0.000777,1.324270,0.049315
2014-11-02 00:00:00,0.000703,1.198667,0.044651
2014-11-03 00:00:00,0.000528,0.900200,0.033543
2014-11-04 00:00:00,0.000471,0.802659,0.029918
2014-11-05 00:00:00,0.000446,0.760487,0.028355
2014-11-06 00:00:00,0.000359,0.611710,0.022815
2014-11-07 00:00:00,0.000280,0.476735,0.017786
2014-11-08 00:00:00,0.000273,0.464776,0.017345
2014-11-09 00:00:00,0.000273,0.466008,0.017397
2014-11-10 00:00:00,0.000255,0.435028,0.016245
2014-11-11 00:00:00,0.000205,0.349438,0.013053
2014-11-12 00:00:00,0.000141,0.240376,0.008982
2014-11-13 00:00:00,0.000160,0.272286,0.010177
2014-11-14 00:00:00,0.000238,0.404982,0.015142
2014-11-15 00:00:00,0.000251,0.428458,0.016024
2014-11-16 00:00:00,0.000201,0.343322,0.012844
2014-11-17 00:00:00,0.000185,0.314639,0.011775
2014-11-18 00:00:00,0.000185,0.314797,0.011784
2014-11-19 00:00:00,0.000175,0.298692,0.011185
2014-11-20 00:00:00,0.000161,0.274610,0.010286
2014-11-21 00:00:00,0.000140,0.239174,0.008962
2014-11-22 00:00:00,0.000120,0.203738,0.007636
2014-11-23 00:00:00,0.000119,0.203126,0.007616
2014-11-24 00:00:00,0.000143,0.243632,0.009137
2014-11-25 00:00:00,0.000156,0.265114,0.009946
2014-11-26 00:00:00,0.000166,0.282914,0.010617
2014-11-27 00:00:00,0.000162,0.276167,0.010367
2014-11-28 00:00:00,0.000134,0.228301,0.008572
2014-11-29 00:00:00,0.000096,0.163556,0.006143
2014-11-30 00:00:00,0.000085,0.144993,0.005448
2014-12-01 00:00:00,0.000115,0.195321,0.007341
2014-12-02 00:00:00,0.000110,0.186731,0.007020
2014-12-03 00:00:00,0.000075,0.127506,0.004795
2014-12-04 00:00:00,0.000085,0.144386,0.005432
2014-12-05 00:00:00,0.000109,0.186431,0.007015
2014-12-06 00:00:00,0.000112,0.191496,0.007208
2014-12-07 00:00:00,0.000099,0.169556,0.006384
2014-12-08 00:00:00,0.000086,0.147308,0.005548
2014-12-09 00:00:00,0.000086,0.147310,0.005550
2014-12-10 00:00:00,0.000095,0.161890,0.006101
2014-12-11 00:00:00,0.000098,0.167876,0.006329
2014-12-12 00:00:00,0.000076,0.129822,0.004896
2014-12-13 00:00:00,0.000044,0.074272,0.002802
2014-12-14 00:00:00,0.000048,0.081946,0.003092
2014-12-15 00:00:00,0.000062,0.106194,0.004008
2014-12-16 00:00:00,0.000064,0.108650,0.004102
2014-12-17 00:00:00,0.000056,0.095300,0.003599
2014-12-18 00:00:00,0.000049,0.083638,0.003160
2014-12-19 00:00:00,0.000055,0.093154,0.003520
2014-12-20 00:00:00,0.000047,0.080264,0.003034
2014-12-21 00:00:00,0.000036,0.061541,0.002327
2014-12-22 00:00:00,0.000031,0.052027,0.001968
2014-12-23 00:00:00,0.000035,0.060162,0.002276
2014-12-24 00:00:00,0.000042,0.071520,0.002707
2014-12-25 00:00:00,0.000048,0.081036,0.003068
2014-12-26 00:00:00,0.000065,0.111119,0.004208
2014-12-27 00:00:00,0.000059,0.101451,0.003843
2014-12-28 00:00:00,0.000029,0.049268,0.001867
2014-12-29 00:00:00,0.000012,0.020720,0.000785
2014-12-30 00:00:00,0.000028,0.048348,0.001833
2014-12-31 00:00:00,0.000040,0.068916,0.002614
2015-01-01 00:00:00,0.000030,0.050345,0.001910
2015-01-02 00:00:00,0.000014,0.023331,0.000885
2015-01-03 00:00:00,0.000011,0.018112,0.000688
2015-01-04 00:00:00,0.000017,0.029471,0.001119
2015-01-05 00:00:00,0.000017,0.029472,0.001119
2015-01-06 00:00:00,0.000008,0.014122,0.000537
2015-01-07 00:00:00,0.000000,0.000000,0.000000
2015-01-08 00:00:00,0.000013,0.022258,0.000846
2015-01-09 00:00:00,0.000041,0.069538,0.002645
2015-01-10 00:00:00,0.000045,0.076600,0.002914
2015-01-11 00:00:00,0.000033,0.055570,0.002115
2015-01-12 00:00:00,0.000056,0.094869,0.003611
2015-01-13 00:00:00,0.000078,0.132634,0.005050
2015-01-14 00:00:00,0.000073,0.124500,0.004742
2015-01-15 00:00:00,0.000051,0.086583,0.003299
2015-01-16 00:00:00,0.000020,0.034541,0.001316
2015-01-17 00:00:00,0.000009,0.015045,0.000574
2015-01-18 00:00:00,0.000018,0.031011,0.001183
2015-01-19 00:00:00,0.000015,0.026099,0.000996
2015-01-20 00:00:00,0.000004,0.007523,0.000287
2015-01-21 00:00:00,0.000000,0.000000,0.000000
2015-01-22 00:00:00,0.000000,0.000000,0.000000
2015-01-23 00:00:00,0.000000,0.000000,0.000000
2015-01-24 00:00:00,0.000000,0.000000,0.000000
2015-01-25 00:00:00,0.000000,0.000000,0.000000
2015-01-26 00:00:00,0.000000,0.000000,0.000000
2015-01-27 00:00:00,0.000000,0.000000,0.000000
2015-01-28 00:00:00,0.000000,0.000000,0.000000
2015-01-29 00:00:00,0.000000,0.000000,0.000000
2015-01-30 00:00:00,0.000000,0.000000,0.000000
2015-01-31 00:00:00,0.000000,0.000000,0.000000
2015-02-01 00:00:00,0.000000,0.000000,0.000000
2015-02-02 00:00:00,0.000000,0.000000,0.000000
2015-02-03 00:00:00,0.000000,0.000000,0.000000
2015-02-04 00:00:00,0.000000,0.000000,0.000000
2015-02-05 00:00:00,0.000000,0.000000,0.000000
2015-02-06 00:00:00,0.000000,0.000000,0.000000
2015-02-07 00:00:00,0.000000,0.000000,0.000000
2015-02-08 00:00:00,0.000000,0.000000,0.000000
2015-02-09 00:00:00,0.000000,0.000000,0.000000
2015-02-10 00:00:00,0.000000,0.000000,0.000000
2015-02-11 00:00:00,0.000000,0.000000,0.000000
2015-02-12 00:00:00,0.000000,0.000000,0.000000
2015-02-13 00:00:00,0.000000,0.000000,0.000000
2015-02-14 00:00:00,0.000000,0.000000,0.000000
2015-02-15 00:00:00,0.000000,0.000000,0.000000
2015-02-16 00:00:00,0.000000,0.000000,0.000000
2015-02-17 00:00:00,0.000000,0.000000,0.000000
2015-02-18 00:00:00,0.000000,0.000000,0.000000
2015-02-19 00:00:00,0.000000,0.000000,0.000000
2015-02-20 00:00:00,0.000000,0.000000,0.000000
2015-02-21 00:00:00,0.000000,0.000000,0.000000
2015-02-22 00:00:00,0.000000,0.000000,0.000000
2015-02-23 00:00:00,0.000000,0.000000,0.000000
2015-02-24 00:00:00,0.000000,0.000000,0.000000
2015-02-25 00:00:00,0.000000,0.000000,0.000000
2015-02-26 00:00:00,0.000000,0.000000,0.000000
2015-02-27 00:00:00,0.000000,0.000000,0.000000
2015-02-28 00:00:00,0.000000,0.000000,0.000000
2015-03-01 00:00:00,0.000000,0.000000,0.000000
2015-03-02 00:00:00,0.000000,0.000000,0.000000
2015-03-03 00:00:00,0.000000,0.000000,0.000000
2015-03-04 00:00:00,0.000000,0.000000,0.000000
2015-03-05 00:00:00,0.000000,0.000000,0.000000
2015-03-06 00:00:00,0.000000,0.000000,0.000000
2015-03-07 00:00:00,0.000000,0.000000,0.000000
2015-03-08 00:00:00,0.000000,0.000000,0.000000
2015-03-09 00:00:00,0.000000,0.000000,0.000000
2015-03-10 00:00:00,0.002376,4.056048,0.157054
2015-03-11 00:00:00,0.007067,12.061663,0.467161
2015-03-12 00:00:00,0.010001,17.069910,0.661322
2015-03-13 00:00:00,0.006798,11.603527,0.449663
2015-03-14 00:00:00,0.008498,14.505923,0.562338
2015-03-15 00:00:00,0.010135,17.299865,0.670810
2015-03-16 00:00:00,0.003542,6.046388,0.234518
2015-03-17 00:00:00,0.000715,1.220261,0.047344
2015-03-18 00:00:00,0.000273,0.465189,0.018054
2015-03-19 00:00:00,0.001433,2.446118,0.094967
2015-03-20 00:00:00,0.003413,5.825609,0.226231
2015-03-21 00:00:00,0.003400,5.804625,0.225478
2015-03-22 00:00:00,0.002247,3.835228,0.149022
2015-03-23 00:00:00,0.004824,8.235489,0.320105
2015-03-24 00:00:00,0.004700,8.023850,0.311951
2015-03-25 00:00:00,0.000885,1.511068,0.058765
2015-03-26 00:00:00,0.001207,2.060829,0.080174
2015-03-27 00:00:00,0.002139,3.651390,0.142089
2015-03-28 00:00:00,0.001955,3.336917,0.129889
2015-03-29 00:00:00,0.001909,3.258904,0.126891
2015-03-30 00:00:00,0.002019,3.446550,0.134236
2015-03-31 00:00:00,0.001651,2.818149,0.109792
2015-04-01 00:00:00,0.009003,15.370892,0.599042
2015-04-02 00:00:00,0.014169,24.190472,0.942991
2015-04-03 00:00:00,0.007260,12.395927,0.483350
2015-04-04 00:00:00,0.002673,4.563711,0.178007
2015-04-05 00:00:00,0.006568,11.213821,0.437540
2015-04-06 00:00:00,0.035490,60.594111,2.364952
2015-04-07 00:00:00,0.034874,59.542971,2.324446
2015-04-08 00:00:00,0.008722,14.891321,0.581521
2015-04-09 00:00:00,0.008438,14.407437,0.562788
2015-04-10 00:00:00,0.006739,11.506137,0.449586
2015-04-11 00:00:00,0.007306,12.475194,0.487602
2015-04-12 00:00:00,0.008236,14.062796,0.549807
2015-04-13 00:00:00,0.005836,9.964401,0.389685
2015-04-14 00:00:00,0.003510,5.992697,0.234429
2015-04-15 00:00:00,0.004484,7.656522,0.299614
2015-04-16 00:00:00,0.008058,13.760413,0.538623
2015-04-17 00:00:00,0.006423,10.967812,0.429423
2015-04-18 00:00:00,0.014933,25.499773,0.998748
2015-04-19 00:00:00,0.021952,37.486745,1.468596
2015-04-20 00:00:00,0.018281,31.217907,1.223381
2015-04-21 00:00:00,0.017554,29.975823,1.175038
2015-04-22 00:00:00,0.012137,20.726300,0.812693
2015-04-23 00:00:00,0.006204,10.593888,0.415511
2015-04-24 00:00:00,0.014415,24.617374,0.965877
2015-04-25 00:00:00,0.021197,36.200200,1.420680
2015-04-26 00:00:00,0.014066,24.021555,0.943005
2015-04-27 00:00:00,0.015159,25.888732,1.016619
2015-04-28 00:00:00,0.019672,33.596685,1.319676
2015-04-29 00:00:00,0.019081,32.587843,1.280411
2015-04-30 00:00:00,0.014173,24.205147,0.951317
2015-05-01 00:00:00,0.006965,11.894972,0.467628
2015-05-02 00:00:00,0.005912,10.096864,0.397074
2015-05-03 00:00:00,0.007011,11.974424,0.471032
2015-05-04 00:00:00,0.002763,4.719358,0.185691
2015-05-05 00:00:00,0.000827,1.412355,0.055592
2015-05-06 00:00:00,0.006599,11.270997,0.443771
2015-05-07 00:00:00,0.009925,16.952318,0.667623
2015-05-08 00:00:00,0.004767,8.141445,0.320715
2015-05-09 00:00:00,0.002077,3.547654,0.139799
2015-05-10 00:00:00,0.006458,11.031562,0.434845
2015-05-11 00:00:00,0.014824,25.319952,0.998342
2015-05-12 00:00:00,0.049183,84.010575,3.313472
2015-05-13 00:00:00,0.064778,110.648520,4.365185
2015-05-14 00:00:00,0.045782,78.201792,3.086052
2015-05-15 00:00:00,0.037185,63.518838,2.507341
2015-05-16 00:00:00,0.029495,50.382446,1.989378
2015-05-17 00:00:00,0.024485,41.824703,1.651947
2015-05-18 00:00:00,0.022157,37.849622,1.495383
2015-05-19 00:00:00,0.040463,69.121405,2.731737
2015-05-20 00:00:00,0.057008,97.385171,3.849766
2015-05-21 00:00:00,0.055469,94.757123,3.746969
2015-05-22 00:00:00,0.048706,83.205737,3.291117
2015-05-23 00:00:00,0.036260,61.944183,2.450852
2015-05-24 00:00:00,0.032484,55.493665,2.196282
2015-05-25 00:00:00,0.032420,55.385922,2.192649
2015-05-26 00:00:00,0.024381,41.652656,1.649422
2015-05-27 00:00:00,0.016490,28.171574,1.115914
2015-05-28 00:00:00,0.020048,34.250182,1.357105
2015-05-29 00:00:00,0.020438,34.918037,1.383938
2015-05-30 00:00:00,0.019302,32.977375,1.307423
2015-05-31 00:00:00,0.035446,60.559188,2.401646
2015-06-01 00:00:00,0.047190,80.625618,3.198301
2015-06-02 00:00:00,0.042766,73.066861,2.899285
2015-06-03 00:00:00,0.026940,46.027826,1.826869
2015-06-04 00:00:00,0.027944,47.744409,1.895638
2015-06-05 00:00:00,0.039469,67.436426,2.678181
2015-06-06 00:00:00,0.030264,51.710428,2.054214
2015-06-07 00:00:00,0.019451,33.235144,1.320655
2015-06-08 00:00:00,0.037137,63.454806,2.522313
2015-06-09 00:00:00,0.059928,102.398408,4.071360
2015-06-10 00:00:00,0.057425,98.121222,3.902418
2015-06-11 00:00:00,0.049547,84.661903,3.368073
2015-06-12 00:00:00,0.040488,69.184292,2.753131
2015-06-13 00:00:00,0.039010,66.658850,2.653411
2015-06-14 00:00:00,0.042505,72.631935,2.892001
2015-06-15 00:00:00,0.039630,67.719274,2.697150
2015-06-16 00:00:00,0.043505,74.343107,2.961855
2015-06-17 00:00:00,0.066044,112.858782,4.497634
2015-06-18 00:00:00,0.062432,106.688118,4.252830
2015-06-19 00:00:00,0.038966,66.588686,2.655162
2015-06-20 00:00:00,0.029609,50.598608,2.018147
2015-06-21 00:00:00,0.020444,34.936668,1.393857
2015-06-22 00:00:00,0.014636,25.012833,0.998223
2015-06-23 00:00:00,0.030606,52.305435,2.088088
2015-06-24 00:00:00,0.041270,70.530296,2.816352
2015-06-25 00:00:00,0.034379,58.753739,2.346789
2015-06-26 00:00:00,0.035534,60.729238,2.426397
2015-06-27 00:00:00,0.036581,62.517891,2.498567
2015-06-28 00:00:00,0.039976,68.322123,2.731334
2015-06-29 00:00:00,0.040247,68.785903,2.750634
2015-06-30 00:00:00,0.030386,51.932392,2.077272
2015-07-01 00:00:00,0.032566,55.659385,2.227036
2015-07-02 00:00:00,0.038500,65.801574,2.633551
2015-07-03 00:00:00,0.034982,59.799040,2.392396
2015-07-04 00:00:00,0.030891,52.861963,2.104663
2015-07-05 00:00:00,0.024907,42.675067,1.689205
2015-07-06 00:00:00,0.035445,60.813158,2.392130
2015-07-07 00:00:00,0.047763,82.044053,3.209659
2015-07-08 00:00:00,0.042962,73.890256,2.874002
2015-07-09 00:00:00,0.030492,52.506343,2.030662
2015-07-10 00:00:00,0.016805,28.973844,1.113991
2015-07-11 00:00:00,0.064062,110.614772,4.223105
2015-07-12 00:00:00,0.098016,169.418377,6.436393
2015-07-13 00:00:00,0.066256,114.665142,4.330258
2015-07-14 00:00:00,0.081884,141.903901,5.324207
2015-07-15 00:00:00,0.104151,180.702616,6.742038
2015-07-16 00:00:00,0.085297,148.141516,5.499455
2015-07-17 00:00:00,0.068905,119.631039,4.443888
2015-07-18 00:00:00,0.060268,104.575914,3.890848
2015-07-19 00:00:00,0.049285,85.469505,3.185075
2015-07-20 00:00:00,0.034550,59.882633,2.235060
2015-07-21 00:00:00,0.026407,45.741531,1.710144
2015-07-22 00:00:00,0.041215,71.347356,2.671966
2015-07-23 00:00:00,0.038985,67.453215,2.529677
2015-07-24 00:00:00,0.017390,30.070747,1.129584
2015-07-25 00:00:00,0.031109,53.757620,2.023091
2015-07-26 00:00:00,0.067858,117.199256,4.417286
2015-07-27 00:00:00,0.080667,139.245432,5.256175
2015-07-28 00:00:00,0.071810,123.884836,4.683857
2015-07-29 00:00:00,0.055901,96.384881,3.649810
2015-07-30 00:00:00,0.053767,92.647710,3.514298
2015-07-31 00:00:00,0.067683,116.627476,4.430657
2015-08-01 00:00:00,0.050891,87.952163,3.345515
2015-08-02 00:00:00,0.051435,89.270295,3.400770
2015-08-03 00:00:00,0.063467,110.523441,4.215405
2015-08-04 00:00:00,0.064126,112.108998,4.281745
2015-08-05 00:00:00,0.071725,125.842636,4.812244
2015-08-06 00:00:00,0.065014,114.488150,4.383641
2015-08-07 00:00:00,0.060268,106.522207,4.083831
2015-08-08 00:00:00,0.049807,88.346664,3.391163
2015-08-09 00:00:00,0.028631,50.963477,1.958561
2015-08-10 00:00:00,0.021130,37.761962,1.453206
2015-08-11 00:00:00,0.053265,95.553533,3.681937
2015-08-12 00:00:00,0.080473,144.839142,5.587232
2015-08-13 00:00:00,0.077771,140.477106,5.425474
2015-08-14 00:00:00,0.079224,143.619851,5.553555
2015-08-15 00:00:00,0.068264,124.065208,4.800916
2015-08-16 00:00:00,0.067003,121.348133,4.686243
2015-08-17 00:00:00,0.077946,140.592791,5.417135
2015-08-18 00:00:00,0.070693,126.968499,4.880556
2015-08-19 00:00:00,0.051968,92.952514,3.564710
2015-08-20 00:00:00,0.037354,66.512384,2.544223
2015-08-21 00:00:00,0.040430,71.673687,2.734810
2015-08-22 00:00:00,0.066190,116.809942,4.445422
2015-08-23 00:00:00,0.114089,200.481448,7.610858
2015-08-24 00:00:00,0.109334,191.354294,7.247365
2015-08-25 00:00:00,0.054831,95.553544,3.609922
2015-08-26 00:00:00,0.031134,53.998728,2.034291
2015-08-27 00:00:00,0.032188,55.580626,2.088370
2015-08-28 00:00:00,0.036305,62.439406,2.340088
2015-08-29 00:00:00,0.031924,54.847037,2.052285
2015-08-30 00:00:00,0.021862,37.534935,1.402234
2015-08-31 00:00:00,0.019951,34.230040,1.276747
2015-09-01 00:00:00,0.019403,33.267919,1.238915
2015-09-02 00:00:00,0.041322,70.797467,2.631997
2015-09-03 00:00:00,0.048420,82.911626,3.078195
2015-09-04 00:00:00,0.028145,48.161252,1.785133
2015-09-05 00:00:00,0.018211,31.140947,1.152478
2015-09-06 00:00:00,0.011977,20.466722,0.756181
2015-09-07 00:00:00,0.019348,33.039961,1.218625
2015-09-08 00:00:00,0.033688,57.489095,2.117123
2015-09-09 00:00:00,0.036059,61.496610,2.261247
2015-09-10 00:00:00,0.023549,40.135588,1.473516
2015-09-11 00:00:00,0.015173,25.844239,0.947469
2015-09-12 00:00:00,0.015018,25.579309,0.937854
2015-09-13 00:00:00,0.013098,22.309346,0.818215
2015-09-14 00:00:00,0.015738,26.805495,0.983442
2015-09-15 00:00:00,0.025568,43.547967,1.598191
2015-09-16 00:00:00,0.029427,50.122336,1.840016
2015-09-17 00:00:00,0.024458,41.659755,1.529824
2015-09-18 00:00:00,0.018775,31.980253,1.174742
2015-09-19 00:00:00,0.013501,22.996957,0.845017
2015-09-20 00:00:00,0.007936,13.517517,0.496849
2015-09-21 00:00:00,0.025767,43.891318,1.613868
2015-09-22 00:00:00,0.039853,67.885256,2.496771
2015-09-23 00:00:00,0.033662,57.340095,2.109608
2015-09-24 00:00:00,0.025831,44.001026,1.619324
2015-09-25 00:00:00,0.011023,18.777334,0.691251
2015-09-26 00:00:00,0.003966,6.756331,0.248802
2015-09-27 00:00:00,0.003933,6.699999,0.246812
2015-09-28 00:00:00,0.004697,8.001883,0.294857
2015-09-29 00:00:00,0.004558,7.764031,0.286184
2015-09-30 00:00:00,0.004140,7.052102,0.260020
2015-10-01 00:00:00,0.003246,5.530623,0.203986
2015-10-02 00:00:00,0.002110,3.594362,0.132609
2015-10-03 00:00:00,0.001015,1.728591,0.063795
2015-10-04 00:00:00,0.001053,1.793930,0.066228
2015-10-05 00:00:00,0.000861,1.467665,0.054198
2015-10-06 00:00:00,0.005668,9.657107,0.356756
2015-10-07 00:00:00,0.010927,18.616131,0.687904
2015-10-08 00:00:00,0.006316,10.761466,0.397767
2015-10-09 00:00:00,0.001333,2.271678,0.083994
2015-10-10 00:00:00,0.001263,2.152410,0.079611
2015-10-11 00:00:00,0.001766,3.008534,0.111311
2015-10-12 00:00:00,0.002839,4.837633,0.179041
2015-10-13 00:00:00,0.003073,5.235000,0.193803
2015-10-14 00:00:00,0.001615,2.751170,0.101880
2015-10-15 00:00:00,0.000657,1.119743,0.041480
2015-10-16 00:00:00,0.000896,1.526593,0.056570
2015-10-17 00:00:00,0.001717,2.926247,0.108469
2015-10-18 00:00:00,0.001944,3.312115,0.122807
2015-10-19 00:00:00,0.001180,2.010019,0.074550
2015-10-20 00:00:00,0.000956,1.628954,0.060437
2015-10-21 00:00:00,0.005454,9.292920,0.344902
2015-10-22 00:00:00,0.006262,10.671099,0.396147
2015-10-23 00:00:00,0.001967,3.352339,0.124490
2015-10-24 00:00:00,0.000931,1.586701,0.058941
2015-10-25 00:00:00,0.001325,2.257699,0.083896
2015-10-26 00:00:00,0.002760,4.702558,0.174798
2015-10-27 00:00:00,0.002031,3.461389,0.128696
2015-10-28 00:00:00,0.000503,0.857345,0.031887
2015-10-29 00:00:00,0.000389,0.662418,0.024645
2015-10-30 00:00:00,0.000329,0.561352,0.020891
2015-10-31 00:00:00,0.000276,0.470560,0.017518
2015-11-01 00:00:00,0.000251,0.427313,0.015913
2015-11-02 00:00:00,0.001198,2.042263,0.076079
2015-11-03 00:00:00,0.001782,3.037733,0.113192
2015-11-04 00:00:00,0.001476,2.516112,0.093785
2015-11-05 00:00:00,0.001238,2.109974,0.078670
2015-11-06 00:00:00,0.001275,2.173044,0.081049
2015-11-07 00:00:00,0.001373,2.340876,0.087333
2015-11-08 00:00:00,0.000824,1.403990,0.052396
2015-11-09 00:00:00,0.004068,6.933076,0.258832
2015-11-10 00:00:00,0.007290,12.424686,0.463970
2015-11-11 00:00:00,0.003926,6.691006,0.249927
2015-11-12 00:00:00,0.001900,3.239170,0.121037
2015-11-13 00:00:00,0.002169,3.696796,0.138173
2015-11-14 00:00:00,0.001159,1.975361,0.073855
2015-11-15 00:00:00,0.000779,1.327712,0.049656
2015-11-16 00:00:00,0.000430,0.732973,0.027421
2015-11-17 00:00:00,0.000209,0.356366,0.013336
2015-11-18 00:00:00,0.000143,0.244382,0.009148
2015-11-19 00:00:00,0.000119,0.203270,0.007612
2015-11-20 00:00:00,0.000145,0.247609,0.009275
2015-11-21 00:00:00,0.000171,0.291335,0.010916
2015-11-22 00:00:00,0.000166,0.282441,0.010586
2015-11-23 00:00:00,0.000151,0.258050,0.009675
2015-11-24 00:00:00,0.000103,0.174899,0.006559
2015-11-25 00:00:00,0.000054,0.091593,0.003436
2015-11-26 00:00:00,0.000036,0.060603,0.002274
2015-11-27 00:00:00,0.000032,0.053699,0.002016
2015-11-28 00:00:00,0.000016,0.028077,0.001054
2015-11-29 00:00:00,0.000007,0.012428,0.000467
2015-11-30 00:00:00,0.000000,0.000000,0.000000
2015-12-01 00:00:00,0.000000,0.000000,0.000000
2015-12-02 00:00:00,0.000000,0.000000,0.000000
2015-12-03 00:00:00,0.000000,0.000000,0.000000
2015-12-04 00:00:00,0.000000,0.000000,0.000000
2015-12-05 00:00:00,0.000000,0.000000,0.000000
2015-12-06 00:00:00,0.000000,0.000000,0.000000
2015-12-07 00:00:00,0.000000,0.000000,0.000000
2015-12-08 00:00:00,0.000000,0.000000,0.000000
2015-12-09 00:00:00,0.000000,0.000000,0.000000
2015-12-10 00:00:00,0.000000,0.000000,0.000000
2015-12-11 00:00:00,0.000000,0.000000,0.000000
2015-12-12 00:00:00,0.000000,0.000000,0.000000
2015-12-13 00:00:00,0.000000,0.000000,0.000000
2015-12-14 00:00:00,0.000000,0.000000,0.000000
2015-12-15 00:00:00,0.000000,0.000000,0.000000
2015-12-16 00:00:00,0.000000,0.000000,0.000000
2015-12-17 00:00:00,0.000000,0.000000,0.000000
2015-12-18 00:00:00,0.000000,0.000000,0.000000
2015-12-19 00:00:00,0.000000,0.000000,0.000000
2015-12-20 00:00:00,0.000000,0.000000,0.000000
2015-12-21 00:00:00,0.000000,0.000000,0.000000
2015-12-22 00:00:00,0.000000,0.000000,0.000000
2015-12-23 00:00:00,0.000000,0.000000,0.000000
2015-12-24 00:00:00,0.000000,0.000000,0.000000
2015-12-25 00:00:00,0.000000,0.000000,0.000000
2015-12-26 00:00:00,0.000000,0.000000,0.000000
2015-12-27 00:00:00,0.000000,0.000000,0.000000
2015-12-28 00:00:00,0.000000,0.000000,0.000000
2015-12-29 00:00:00,0.000000,0.000000,0.000000
2015-12-30 00:00:00,0.000000,0.000000,0.000000
2015-12-31 00:00:00,0.000000,0.000000,0.000000
2016-01-01 00:00:00,0.000000,0.000000,0.000000
2016-01-02 00:00:00,0.000000,0.000000,0.000000
2016-01-03 00:00:00,0.000000,0.000000,0.000000
2016-01-04 00:00:00,0.000000,0.000000,0.000000
2016-01-05 00:00:00,0.000000,0.000000,0.000000
2016-01-06 00:00:00,0.000000,0.000000,0.000000
2016-01-07 00:00:00,0.000000,0.000000,0.000000
2016-01-08 00:00:00,0.000000,0.000000,0.000000
2016-01-09 00:00:00,0.000000,0.000000,0.000000
2016-01-10 00:00:00,0.000000,0.000000,0.000000
2016-01-11 00:00:00,0.000000,0.000000,0.000000
2016-01-12 00:00:00,0.000000,0.000000,0.000000
2016-01-13 00:00:00,0.000000,0.000000,0.000000
2016-01-14 00:00:00,0.000000,0.000000,0.000000
2016-01-15 00:00:00,0.000000,0.000000,0.000000
2016-01-16 00:00:00,0.000000,0.000000,0.000000
2016-01-17 00:00:00,0.000000,0.000000,0.000000
2016-01-18 00:00:00,0.000000,0.000000,0.000000
2016-01-19 00:00:00,0.000000,0.000000,0.000000
2016-01-20 00:00:00,0.000000,0.000000,0.000000
2016-01-21 00:00:00,0.000000,0.000000,0.000000
2016-01-22 00:00:00,0.000000,0.000000,0.000000
2016-01-23 00:00:00,0.000000,0.000000,0.000000
2016-01-24 00:00:00,0.000000,0.000000,0.000000
2016-01-25 00:00:00,0.000000,0.000000,0.000000
2016-01-26 00:00:00,0.000000,0.000000,0.000000
2016-01-27 00:00:00,0.000000,0.000000,0.000000
2016-01-28 00:00:00,0.000000,0.000000,0.000000
2016-01-29 00:00:00,0.000000,0.000000,0.000000
2016-01-30 00:00:00,0.000000,0.000000,0.000000
2016-01-31 00:00:00,0.000000,0.000000,0.000000
2016-02-01 00:00:00,0.000000,0.000000,0.000000
2016-02-02 00:00:00,0.000000,0.000000,0.000000
2016-02-03 00:00:00,0.000000,0.000000,0.000000
2016-02-04 00:00:00,0.000000,0.000000,0.000000
2016-02-05 00:00:00,0.000000,0.000000,0.000000
2016-02-06 00:00:00,0.000000,0.000000,0.000000
2016-02-07 00:00:00,0.000000,0.000000,0.000000
2016-02-08 00:00:00,0.000000,0.000000,0.000000
2016-02-09 00:00:00,0.000000,0.000000,0.000000
2016-02-10 00:00:00,0.000000,0.000000,0.000000
2016-02-11 00:00:00,0.000000,0.000000,0.000000
2016-02-12 00:00:00,0.000000,0.000000,0.000000
2016-02-13 00:00:00,0.000000,0.000000,0.000000
2016-02-14 00:00:00,0.000000,0.000000,0.000000
2016-02-15 00:00:00,0.000000,0.000000,0.000000
2016-02-16 00:00:00,0.000000,0.000000,0.000000
2016-02-17 00:00:00,0.000000,0.000000,0.000000
2016-02-18 00:00:00,0.000000,0.000000,0.000000
2016-02-19 00:00:00,0.000000,0.000000,0.000000
2016-02-20 00:00:00,0.000000,0.000000,0.000000
2016-02-21 00:00:00,0.000000,0.000000,0.000000
2016-02-22 00:00:00,0.000000,0.000000,0.000000
2016-02-23 00:00:00,0.000000,0.000000,0.000000
2016-02-24 00:00:00,0.000000,0.000000,0.000000
2016-02-25 00:00:00,0.000000,0.000000,0.000000
2016-02-26 00:00:00,0.000000,0.000000,0.000000
2016-02-27 00:00:00,0.000000,0.000000,0.000000
2016-02-28 00:00:00,0.000000,0.000000,0.000000
2016-02-29 00:00:00,0.000000,0.000000,0.000000
2016-03-01 00:00:00,0.000000,0.000000,0.000000
2016-03-02 00:00:00,0.000000,0.000000,0.000000
2016-03-03 00:00:00,0.000000,0.000000,0.000000
2016-03-04 00:00:00,0.000000,0.000000,0.000000
2016-03-05 00:00:00,0.000000,0.000000,0.000000
2016-03-06 00:00:00,0.000000,0.000000,0.000000
2016-03-07 00:00:00,0.000000,0.000000,0.000000
2016-03-08 00:00:00,0.000000,0.000000,0.000000
2016-03-09 00:00:00,0.000000,0.000000,0.000000
2016-03-10 00:00:00,0.000000,0.000000,0.000000
2016-03-11 00:00:00,0.000000,0.000000,0.000000
2016-03-12 00:00:00,0.000000,0.000000,0.000000
2016-03-13 00:00:00,0.000000,0.000000,0.000000
2016-03-14 00:00:00,0.000000,0.000000,0.000000
2016-03-15 00:00:00,0.000000,0.000000,0.000000
2016-03-16 00:00:00,0.000000,0.000000,0.000000
2016-03-17 00:00:00,0.000000,0.000000,0.000000
2016-03-18 00:00:00,0.000000,0.000000,0.000000
2016-03-19 00:00:00,0.000000,0.000000,0.000000
2016-03-20 00:00:00,0.000000,0.000000,0.000000
2016-03-21 00:00:00,0.000000,0.000000,0.000000
2016-03-22 00:00:00,0.000000,0.000000,0.000000
2016-03-23 00:00:00,0.000000,0.000000,0.000000
2016-03-24 00:00:00,0.000000,0.000000,0.000000
2016-03-25 00:00:00,0.000000,0.000000,0.000000
2016-03-26 00:00:00,0.000000,0.000000,0.000000
2016-03-27 00:00:00,0.000000,0.000000,0.000000
2016-03-28 00:00:00,0.000000,0.000000,0.000000
2016-03-29 00:00:00,0.000000,0.000000,0.000000
2016-03-30 00:00:00,0.000000,0.000000,0.000000
2016-03-31 00:00:00,0.000000,0.000000,0.000000
2016-04-01 00:00:00,0.000000,0.000000,0.000000
2016-04-02 00:00:00,0.000000,0.000000,0.000000
2016-04-03 00:00:00,0.000000,0.000000,0.000000
2016-04-04 00:00:00,0.000000,0.000000,0.000000
2016-04-05 00:00:00,0.000000,0.000000,0.000000
2016-04-06 00:00:00,0.000000,0.000000,0.000000
2016-04-07 00:00:00,0.000000,0.000000,0.000000
2016-04-08 00:00:00,0.000000,0.000000,0.000000
2016-04-09 00:00:00,0.000000,0.000000,0.000000
2016-04-10 00:00:00,0.000000,0.000000,0.000000
2016-04-11 00:00:00,0.000000,0.000000,0.000000
2016-04-12 00:00:00,0.000000,0.000000,0.000000
2016-04-13 00:00:00,0.000000,0.000000,0.000000
2016-04-14 00:00:00,0.000000,0.000000,0.000000
2016-04-15 00:00:00,0.000000,0.000000,0.000000
2016-04-16 00:00:00,0.000000,0.000000,0.000000
2016-04-17 00:00:00,0.000000,0.000000,0.000000
2016-04-18 00:00:00,0.000000,0.000000,0.000000
2016-04-19 00:00:00,0.000000,0.000000,0.000000
2016-04-20 00:00:00,0.000000,0.000000,0.000000
2016-04-21 00:00:00,0.000000,0.000000,0.000000
2016-04-22 00:00:00,0.000000,0.000000,0.000000
2016-04-23 00:00:00,0.000000,0.000000,0.000000
2016-04-24 00:00:00,0.000000,0.000000,0.000000
2016-04-25 00:00:00,0.000000,0.000000,0.000000
2016-04-26 00:00:00,0.000000,0.000000,0.000000
2016-04-27 00:00:00,0.000000,0.000000,0.000000
2016-04-28 00:00:00,0.000000,0.000000,0.000000
2016-04-29 00:00:00,0.000000,0.000000,0.000000
2016-04-30 00:00:00,0.000000,0.000000,0.000000
2016-05-01 00:00:00,0.000000,0.000000,0.000000
2016-05-02 00:00:00,0.000000,0.000000,0.000000
2016-05-03 00:00:00,0.000000,0.000000,0.000000
2016-05-04 00:00:00,0.000000,0.000000,0.000000
2016-05-05 00:00:00,0.000000,0.000000,0.000000
2016-05-06 00:00:00,0.000000,0.000000,0.000000
2016-05-07 00:00:00,0.000000,0.000000,0.000000
2016-05-08 00:00:00,0.000000,0.000000,0.000000
2016-05-09 00:00:00,0.000000,0.000000,0.000000
2016-05-10 00:00:00,0.000000,0.000000,0.000000
2016-05-11 00:00:00,0.000000,0.000000,0.000000
2016-05-12 00:00:00,0.000000,0.000000,0.000000
2016-05-13 00:00:00,0.000000,0.000000,0.000000
2016-05-14 00:00:00,0.000000,0.000000,0.000000
2016-05-15 00:00:00,0.000000,0.000000,0.000000
2016-05-16 00:00:00,0.000000,0.000000,0.000000
2016-05-17 00:00:00,0.000000,0.000000,0.000000
2016-05-18 00:00:00,0.000000,0.000000,0.000000
2016-05-19 00:00:00,0.000000,0.000000,0.000000
2016-05-20 00:00:00,0.000000,0.000000,0.000000
2016-05-21 00:00:00,0.000000,0.000000,0.000000
2016-05-22 00:00:00,0.000000,0.000000,0.000000
2016-05-23 00:00:00,0.000000,0.000000,0.000000
2016-05-24 00:00:00,0.000000,0.000000,0.000000
2016-05-25 00:00:00,0.000000,0.000000,0.000000
2016-05-26 00:00:00,0.000000,0.000000,0.000000
2016-05-27 00:00:00,0.000000,0.000000,0.000000
2016-05-28 00:00:00,0.000790,1.349871,0.053504
2016-05-29 00:00:00,0.003773,6.446822,0.255596
2016-05-30 00:00:00,0.006889,11.770228,0.466776
2016-05-31 00:00:00,0.008294,14.170816,0.562138
2016-06-01 00:00:00,0.008059,13.769030,0.546353
2016-06-02 00:00:00,0.006707,11.459105,0.454827
2016-06-03 00:00:00,0.005853,9.999792,0.397020
2016-06-04 00:00:00,0.005402,9.230273,0.366573
2016-06-05 00:00:00,0.005002,8.546851,0.339529
2016-06-06 00:00:00,0.003663,6.258894,0.248707
2016-06-07 00:00:00,0.003735,6.382615,0.253704
2016-06-08 00:00:00,0.007520,12.849961,0.510923
2016-06-09 00:00:00,0.009556,16.328983,0.649426
2016-06-10 00:00:00,0.008950,15.293899,0.608435
2016-06-11 00:00:00,0.009444,16.136527,0.642144
2016-06-12 00:00:00,0.012025,20.548299,0.817947
2016-06-13 00:00:00,0.013458,22.996723,0.915662
2016-06-14 00:00:00,0.011960,20.437741,0.814004
2016-06-15 00:00:00,0.011149,19.052458,0.759050
2016-06-16 00:00:00,0.011249,19.223551,0.766087
2016-06-17 00:00:00,0.011003,18.803450,0.749558
2016-06-18 00:00:00,0.012282,20.988863,0.836922
2016-06-19 00:00:00,0.013902,23.756761,0.947555
2016-06-20 00:00:00,0.013010,22.233928,0.887067
2016-06-21 00:00:00,0.010123,17.299204,0.690380
2016-06-22 00:00:00,0.005778,9.874079,0.394165
2016-06-23 00:00:00,0.003845,6.570859,0.262385
2016-06-24 00:00:00,0.005783,9.883863,0.394794
2016-06-25 00:00:00,0.013723,23.452547,0.937051
2016-06-26 00:00:00,0.018917,32.330179,1.292092
2016-06-27 00:00:00,0.017302,29.571110,1.182168
2016-06-28 00:00:00,0.015665,26.772129,1.070573
2016-06-29 00:00:00,0.014002,23.931558,0.957260
2016-06-30 00:00:00,0.010439,17.841273,0.713842
2016-07-01 00:00:00,0.010905,18.638161,0.745963
2016-07-02 00:00:00,0.014999,25.639024,1.025739
2016-07-03 00:00:00,0.014358,24.570876,0.978210
2016-07-04 00:00:00,0.016567,28.387066,1.123346
2016-07-05 00:00:00,0.026769,45.927690,1.806768
2016-07-06 00:00:00,0.034051,58.490305,2.288172
2016-07-07 00:00:00,0.033011,56.776129,2.208203
2016-07-08 00:00:00,0.030962,53.318377,2.061569
2016-07-09 00:00:00,0.030246,52.151148,2.004492
2016-07-10 00:00:00,0.027782,47.962402,1.832816
2016-07-11 00:00:00,0.017590,30.403131,1.155298
2016-07-12 00:00:00,0.007728,13.373824,0.505122
2016-07-13 00:00:00,0.025519,44.228001,1.658661
2016-07-14 00:00:00,0.048968,84.961812,3.169574
2016-07-15 00:00:00,0.057682,100.181273,3.718700
2016-07-16 00:00:00,0.069433,120.545490,4.478015
2016-07-17 00:00:00,0.071347,123.798709,4.606092
2016-07-18 00:00:00,0.066757,115.766569,4.314235
2016-07-19 00:00:00,0.078907,136.755797,5.104861
2016-07-20 00:00:00,0.093037,161.154751,6.025062
2016-07-21 00:00:00,0.084366,146.052006,5.469002
2016-07-22 00:00:00,0.053455,92.489287,3.468621
2016-07-23 00:00:00,0.053504,92.513705,3.475851
2016-07-24 00:00:00,0.068724,118.767856,4.468810
2016-07-25 00:00:00,0.055967,96.665405,3.643000
2016-07-26 00:00:00,0.061965,106.960186,4.037766
2016-07-27 00:00:00,0.105489,181.979592,6.880957
2016-07-28 00:00:00,0.130483,224.975039,8.519515
2016-07-29 00:00:00,0.122264,210.680538,7.991068
2016-07-30 00:00:00,0.126044,217.190687,8.251012
2016-07-31 00:00:00,0.142725,246.737273,9.386374
2016-08-01 00:00:00,0.163897,284.395297,10.833235
2016-08-02 00:00:00,0.180369,314.140378,11.981942
2016-08-03 00:00:00,0.181421,317.132646,12.111621
2016-08-04 00:00:00,0.172976,303.493059,11.605714
2016-08-05 00:00:00,0.164524,289.724227,11.093292
2016-08-06 00:00:00,0.157558,278.482052,10.676443
2016-08-07 00:00:00,0.148104,262.722340,10.084785
2016-08-08 00:00:00,0.138210,246.073911,9.457601
2016-08-09 00:00:00,0.122067,218.106985,8.392877
2016-08-10 00:00:00,0.096568,173.172299,6.671955
2016-08-11 00:00:00,0.129675,233.442739,9.005784
2016-08-12 00:00:00,0.157151,283.847303,10.962501
2016-08-13 00:00:00,0.143853,260.780817,10.083954
2016-08-14 00:00:00,0.151508,275.348701,10.654811
2016-08-15 00:00:00,0.155794,282.197238,10.898799
2016-08-16 00:00:00,0.146704,264.616790,10.195979
2016-08-17 00:00:00,0.151392,271.877793,10.450078
2016-08-18 00:00:00,0.132783,237.497512,9.107889
2016-08-19 00:00:00,0.101071,179.963038,6.883858
2016-08-20 00:00:00,0.108843,192.960436,7.362757
2016-08-21 00:00:00,0.129973,229.408506,8.731389
2016-08-22 00:00:00,0.160194,281.524109,10.688062
2016-08-23 00:00:00,0.176576,308.973847,11.700648
2016-08-24 00:00:00,0.175635,305.982462,11.557615
2016-08-25 00:00:00,0.164938,286.083600,10.777937
2016-08-26 00:00:00,0.151219,261.123952,9.811613
2016-08-27 00:00:00,0.135312,232.732872,8.722848
2016-08-28 00:00:00,0.134248,230.637663,8.629342
2016-08-29 00:00:00,0.144043,247.301301,9.238519
2016-08-30 00:00:00,0.143315,245.888081,9.171376
2016-08-31 00:00:00,0.135029,231.517967,8.621932
2016-09-01 00:00:00,0.144708,247.943695,9.218695
2016-09-02 00:00:00,0.160465,274.762352,10.200028
2016-09-03 00:00:00,0.138785,237.484401,8.802528
2016-09-04 00:00:00,0.125368,214.376573,7.932964
2016-09-05 00:00:00,0.141205,241.296937,8.914923
2016-09-06 00:00:00,0.153260,261.722104,9.654197
2016-09-07 00:00:00,0.148005,252.582032,9.302335
2016-09-08 00:00:00,0.139641,238.146733,8.756443
2016-09-09 00:00:00,0.165610,282.239905,10.360563
2016-09-10 00:00:00,0.182699,311.191402,11.408571
2016-09-11 00:00:00,0.166382,283.379838,10.389980
2016-09-12 00:00:00,0.178476,303.982268,11.148959
2016-09-13 00:00:00,0.200874,342.133757,12.552061
2016-09-14 00:00:00,0.199394,339.617231,12.463649
2016-09-15 00:00:00,0.197725,336.778615,12.363356
2016-09-16 00:00:00,0.190658,324.745786,11.925322
2016-09-17 00:00:00,0.179815,306.280807,11.250799
2016-09-18 00:00:00,0.196983,335.528002,12.329074
2016-09-19 00:00:00,0.194548,331.383530,12.180466
2016-09-20 00:00:00,0.181257,308.748648,11.352129
2016-09-21 00:00:00,0.206870,352.380757,12.960487
2016-09-22 00:00:00,0.206289,351.394941,12.928144
2016-09-23 00:00:00,0.182710,311.233610,11.454197
2016-09-24 00:00:00,0.171466,292.084355,10.752797
2016-09-25 00:00:00,0.168270,286.642820,10.555807
2016-09-26 00:00:00,0.162692,277.144843,10.209185
2016-09-27 00:00:00,0.158698,270.344789,9.961837
2016-09-28 00:00:00,0.168140,286.431696,10.557924
2016-09-29 00:00:00,0.174928,297.999269,10.987701
2016-09-30 00:00:00,0.176256,300.266153,11.074753
2016-10-01 00:00:00,0.176441,300.584972,11.089951
2016-10-02 00:00:00,0.170426,290.340723,10.715319
2016-10-03 00:00:00,0.115988,197.601592,7.294814
2016-10-04 00:00:00,0.085699,146.002337,5.391789
2016-10-05 00:00:00,0.133671,227.731963,8.412646
2016-10-06 00:00:00,0.167009,284.533649,10.514115
2016-10-07 00:00:00,0.191555,326.356507,12.063373
2016-10-08 00:00:00,0.210975,359.445728,13.290505
2016-10-09 00:00:00,0.171756,292.630301,10.823270
2016-10-10 00:00:00,0.119379,203.395763,7.525192
2016-10-11 00:00:00,0.147540,251.378612,9.303552
2016-10-12 00:00:00,0.192439,327.880682,12.138478
2016-10-13 00:00:00,0.193499,329.690846,12.209280
2016-10-14 00:00:00,0.176844,301.317483,11.161952
2016-10-15 00:00:00,0.136663,232.856906,8.628546
2016-10-16 00:00:00,0.123534,210.489714,7.802261
2016-10-17 00:00:00,0.123021,209.618344,7.772289
2016-10-18 00:00:00,0.128913,219.660469,8.147263
2016-10-19 00:00:00,0.166926,284.436306,10.553068
2016-10-20 00:00:00,0.168282,286.749143,10.642048
2016-10-21 00:00:00,0.161289,274.836741,10.203205
2016-10-22 00:00:00,0.189123,322.269237,11.967814
2016-10-23 00:00:00,0.191452,326.242653,12.119037
2016-10-24 00:00:00,0.166242,283.287436,10.526608
2016-10-25 00:00:00,0.140046,238.650121,8.870682
2016-10-26 00:00:00,0.144639,246.480440,9.164664
2016-10-27 00:00:00,0.167799,285.949884,10.635462
2016-10-28 00:00:00,0.160039,272.728799,10.146801
2016-10-29 00:00:00,0.131782,224.578164,8.357931
2016-10-30 00:00:00,0.078524,133.819043,4.981673
2016-10-31 00:00:00,0.059495,101.392624,3.775854
2016-11-01 00:00:00,0.088436,150.715706,5.614320
2016-11-02 00:00:00,0.106648,181.754540,6.772616
2016-11-03 00:00:00,0.123306,210.146093,7.832977
2016-11-04 00:00:00,0.108260,184.506829,6.879309
2016-11-05 00:00:00,0.091566,156.056792,5.820440
2016-11-06 00:00:00,0.095192,162.238991,6.052840
2016-11-07 00:00:00,0.104351,177.849931,6.637360
2016-11-08 00:00:00,0.116366,198.329992,7.403899
2016-11-09 00:00:00,0.111935,190.781023,7.124269
2016-11-10 00:00:00,0.108256,184.512752,6.892331
2016-11-11 00:00:00,0.106711,181.881403,6.796113
2016-11-12 00:00:00,0.067960,115.834110,4.329432
2016-11-13 00:00:00,0.040524,69.072804,2.582574
2016-11-14 00:00:00,0.082798,141.129001,5.278348
2016-11-15 00:00:00,0.102581,174.849941,6.541381
2016-11-16 00:00:00,0.089314,152.237758,5.697204
2016-11-17 00:00:00,0.070657,120.437701,4.508479
2016-11-18 00:00:00,0.069838,119.044132,4.457789
2016-11-19 00:00:00,0.085422,145.608845,5.454148
2016-11-20 00:00:00,0.073708,125.643271,4.707699
2016-11-21 00:00:00,0.058508,99.735425,3.738120
2016-11-22 00:00:00,0.058190,99.194619,3.719021
2016-11-23 00:00:00,0.063547,108.326922,4.062638
2016-11-24 00:00:00,0.057768,98.476629,3.694327
2016-11-25 00:00:00,0.055109,93.945071,3.525436
2016-11-26 00:00:00,0.055142,94.002934,3.528664
2016-11-27 00:00:00,0.047645,81.223507,3.049880
2016-11-28 00:00:00,0.042464,72.392301,2.719117
2016-11-29 00:00:00,0.040903,69.731898,2.619990
2016-11-30 00:00:00,0.041243,70.311943,2.642597
2016-12-01 00:00:00,0.038290,65.278403,2.454150
2016-12-02 00:00:00,0.034254,58.398000,2.196161
2016-12-03 00:00:00,0.034246,58.384889,2.196342
2016-12-04 00:00:00,0.030944,52.755985,1.985181
2016-12-05 00:00:00,0.027595,47.047950,1.770946
2016-12-06 00:00:00,0.029730,50.687450,1.908524
2016-12-07 00:00:00,0.029423,50.165557,1.889440
2016-12-08 00:00:00,0.019832,33.813790,1.273932
2016-12-09 00:00:00,0.025598,43.643958,1.644860
2016-12-10 00:00:00,0.038608,65.827412,2.481601
2016-12-11 00:00:00,0.037702,64.284149,2.424162
2016-12-12 00:00:00,0.031815,54.245693,2.046215
2016-12-13 00:00:00,0.023478,40.031301,1.510494
2016-12-14 00:00:00,0.024758,42.215523,1.593419
2016-12-15 00:00:00,0.032211,54.924427,2.073737
2016-12-16 00:00:00,0.031847,54.303073,2.050879
2016-12-17 00:00:00,0.024195,41.257087,1.558637
2016-12-18 00:00:00,0.022871,38.999035,1.473798
2016-12-19 00:00:00,0.022533,38.422748,1.452444
2016-12-20 00:00:00,0.018663,31.823849,1.203364
2016-12-21 00:00:00,0.019132,32.624132,1.234009
2016-12-22 00:00:00,0.022480,38.333590,1.450407
2016-12-23 00:00:00,0.021630,36.884608,1.395994
2016-12-24 00:00:00,0.018158,30.965127,1.172314
2016-12-25 00:00:00,0.018685,31.863356,1.206694
2016-12-26 00:00:00,0.020741,35.370315,1.339908
2016-12-27 00:00:00,0.022784,38.855260,1.472373
2016-12-28 00:00:00,0.023260,39.667189,1.503589
2016-12-29 00:00:00,0.031741,54.130729,2.052485
2016-12-30 00:00:00,0.036208,61.750486,2.342063
2016-12-31 00:00:00,0.036044,61.470370,2.332174
2017-01-01 00:00:00,0.000429,0.731846,0.027771
