Time,Q
01/07/2013 00:00:00,4.5704
02/07/2013 00:00:00,4.2231
03/07/2013 00:00:00,4.9194
04/07/2013 00:00:00,1.1835
05/07/2013 00:00:00,-3.7790
06/07/2013 00:00:00,-1.3686
07/07/2013 00:00:00,0.5629
08/07/2013 00:00:00,3.0714
09/07/2013 00:00:00,5.6452
10/07/2013 00:00:00,6.2319
11/07/2013 00:00:00,6.1348
12/07/2013 00:00:00,6.0961
13/07/2013 00:00:00,6.7485
14/07/2013 00:00:00,5.7185
15/07/2013 00:00:00,5.2026
16/07/2013 00:00:00,6.1230
17/07/2013 00:00:00,8.0299
18/07/2013 00:00:00,10.9460
19/07/2013 00:00:00,-4.2315
20/07/2013 00:00:00,-11.7795
21/07/2013 00:00:00,4.1219
22/07/2013 00:00:00,1.0204
23/07/2013 00:00:00,10.2628
24/07/2013 00:00:00,13.5457
25/07/2013 00:00:00,15.1855
26/07/2013 00:00:00,14.9280
27/07/2013 00:00:00,18.6072
28/07/2013 00:00:00,14.3527
29/07/2013 00:00:00,11.8781
30/07/2013 00:00:00,12.5154
31/07/2013 00:00:00,14.1777
01/08/2013 00:00:00,15.5135
02/08/2013 00:00:00,7.9208
03/08/2013 00:00:00,9.0598
04/08/2013 00:00:00,11.0114
05/08/2013 00:00:00,13.6704
06/08/2013 00:00:00,11.2106
07/08/2013 00:00:00,3.8533
08/08/2013 00:00:00,25.3103
09/08/2013 00:00:00,25.8119
10/08/2013 00:00:00,39.6212
11/08/2013 00:00:00,55.2935
12/08/2013 00:00:00,32.9076
13/08/2013 00:00:00,40.8229
14/08/2013 00:00:00,-9.8657
15/08/2013 00:00:00,49.1354
16/08/2013 00:00:00,61.5774
17/08/2013 00:00:00,33.1917
18/08/2013 00:00:00,-51.1700
19/08/2013 00:00:00,-54.7814
20/08/2013 00:00:00,22.3371
21/08/2013 00:00:00,80.7674
22/08/2013 00:00:00,73.5981
23/08/2013 00:00:00,44.9731
24/08/2013 00:00:00,86.3752
25/08/2013 00:00:00,98.4047
26/08/2013 00:00:00,126.0023
27/08/2013 00:00:00,143.5861
28/08/2013 00:00:00,95.4720
29/08/2013 00:00:00,75.7292
30/08/2013 00:00:00,55.3645
31/08/2013 00:00:00,62.5582
01/09/2013 00:00:00,64.0852
02/09/2013 00:00:00,61.5441
03/09/2013 00:00:00,69.2591
04/09/2013 00:00:00,72.6805
05/09/2013 00:00:00,61.7125
06/09/2013 00:00:00,63.2897
07/09/2013 00:00:00,61.3133
08/09/2013 00:00:00,71.5141
09/09/2013 00:00:00,55.9900
10/09/2013 00:00:00,24.5878
11/09/2013 00:00:00,51.8091
12/09/2013 00:00:00,73.4179
13/09/2013 00:00:00,69.7347
14/09/2013 00:00:00,58.8452
15/09/2013 00:00:00,77.0148
16/09/2013 00:00:00,44.8793
17/09/2013 00:00:00,44.3483
18/09/2013 00:00:00,13.1003
19/09/2013 00:00:00,24.3425
20/09/2013 00:00:00,40.6790
21/09/2013 00:00:00,66.1154
22/09/2013 00:00:00,63.9214
23/09/2013 00:00:00,73.5167
24/09/2013 00:00:00,63.6984
25/09/2013 00:00:00,52.6755
26/09/2013 00:00:00,-27.2629
27/09/2013 00:00:00,45.7106
28/09/2013 00:00:00,0.1096
29/09/2013 00:00:00,0.2268
30/09/2013 00:00:00,83.8335
01/10/2013 00:00:00,-34.7785
02/10/2013 00:00:00,-0.8200
03/10/2013 00:00:00,30.9641
04/10/2013 00:00:00,176.4585
05/10/2013 00:00:00,171.5371
06/10/2013 00:00:00,306.1349
07/10/2013 00:00:00,163.8361
08/10/2013 00:00:00,186.1200
09/10/2013 00:00:00,171.2409
10/10/2013 00:00:00,31.9078
11/10/2013 00:00:00,132.5499
12/10/2013 00:00:00,101.5977
13/10/2013 00:00:00,1.6894
14/10/2013 00:00:00,0.1213
15/10/2013 00:00:00,107.2485
16/10/2013 00:00:00,169.5188
17/10/2013 00:00:00,-102.8689
18/10/2013 00:00:00,0.1598
19/10/2013 00:00:00,83.4270
20/10/2013 00:00:00,109.9998
21/10/2013 00:00:00,117.0607
22/10/2013 00:00:00,113.1795
23/10/2013 00:00:00,-12.6014
24/10/2013 00:00:00,0.0685
25/10/2013 00:00:00,0.1373
26/10/2013 00:00:00,20.3472
27/10/2013 00:00:00,45.3331
28/10/2013 00:00:00,22.0618
29/10/2013 00:00:00,18.1642
30/10/2013 00:00:00,24.0657
31/10/2013 00:00:00,29.8000
01/11/2013 00:00:00,21.9965
02/11/2013 00:00:00,10.3547
03/11/2013 00:00:00,0.0707
04/11/2013 00:00:00,11.9247
05/11/2013 00:00:00,23.1897
06/11/2013 00:00:00,21.0114
07/11/2013 00:00:00,15.0518
08/11/2013 00:00:00,6.9799
09/11/2013 00:00:00,10.5318
10/11/2013 00:00:00,20.9134
11/11/2013 00:00:00,21.3536
12/11/2013 00:00:00,21.8017
13/11/2013 00:00:00,25.9266
14/11/2013 00:00:00,30.1239
15/11/2013 00:00:00,30.9650
16/11/2013 00:00:00,30.0678
17/11/2013 00:00:00,29.6331
18/11/2013 00:00:00,29.3845
19/11/2013 00:00:00,12.3653
20/11/2013 00:00:00,16.8926
21/11/2013 00:00:00,36.0648
22/11/2013 00:00:00,35.9034
23/11/2013 00:00:00,34.8802
24/11/2013 00:00:00,40.2049
25/11/2013 00:00:00,43.9090
26/11/2013 00:00:00,41.9466
27/11/2013 00:00:00,32.1096
28/11/2013 00:00:00,19.8060
29/11/2013 00:00:00,18.9697
30/11/2013 00:00:00,22.5715
01/12/2013 00:00:00,22.1324
02/12/2013 00:00:00,18.1192
03/12/2013 00:00:00,17.2956
04/12/2013 00:00:00,14.1299
05/12/2013 00:00:00,0.0107
06/12/2013 00:00:00,17.8404
07/12/2013 00:00:00,36.5396
08/12/2013 00:00:00,35.2854
09/12/2013 00:00:00,27.8340
10/12/2013 00:00:00,21.8809
11/12/2013 00:00:00,20.4351
12/12/2013 00:00:00,22.4307
13/12/2013 00:00:00,21.6721
14/12/2013 00:00:00,21.2632
15/12/2013 00:00:00,22.8212
16/12/2013 00:00:00,21.2881
17/12/2013 00:00:00,17.7895
18/12/2013 00:00:00,16.6882
19/12/2013 00:00:00,16.0105
20/12/2013 00:00:00,7.8589
21/12/2013 00:00:00,11.1287
22/12/2013 00:00:00,12.8300
23/12/2013 00:00:00,13.0589
24/12/2013 00:00:00,16.0065
25/12/2013 00:00:00,16.0574
26/12/2013 00:00:00,12.3115
27/12/2013 00:00:00,16.2761
28/12/2013 00:00:00,11.8960
29/12/2013 00:00:00,14.7444
30/12/2013 00:00:00,15.8175
31/12/2013 00:00:00,12.6827
01/01/2014 00:00:00,12.6827
02/01/2014 00:00:00,8.2927
03/01/2014 00:00:00,4.1042
04/01/2014 00:00:00,0.0990
05/01/2014 00:00:00,0.0826
06/01/2014 00:00:00,3.3545
07/01/2014 00:00:00,6.9204
08/01/2014 00:00:00,7.9670
09/01/2014 00:00:00,7.9735
10/01/2014 00:00:00,7.5294
11/01/2014 00:00:00,6.7790
12/01/2014 00:00:00,7.7218
13/01/2014 00:00:00,8.3608
14/01/2014 00:00:00,8.2267
15/01/2014 00:00:00,8.1672
16/01/2014 00:00:00,8.1827
17/01/2014 00:00:00,4.8632
18/01/2014 00:00:00,0.0800
19/01/2014 00:00:00,0.0919
20/01/2014 00:00:00,4.1826
21/01/2014 00:00:00,6.6249
22/01/2014 00:00:00,7.2914
23/01/2014 00:00:00,7.4434
24/01/2014 00:00:00,6.0236
25/01/2014 00:00:00,6.6526
26/01/2014 00:00:00,7.5973
27/01/2014 00:00:00,7.2744
28/01/2014 00:00:00,6.1699
29/01/2014 00:00:00,5.2789
30/01/2014 00:00:00,6.3141
31/01/2014 00:00:00,6.1627
01/02/2014 00:00:00,5.1873
02/02/2014 00:00:00,3.2841
03/02/2014 00:00:00,1.1786
04/02/2014 00:00:00,2.8530
05/02/2014 00:00:00,3.3654
06/02/2014 00:00:00,2.9940
07/02/2014 00:00:00,3.1224
08/02/2014 00:00:00,3.4213
09/02/2014 00:00:00,2.1104
10/02/2014 00:00:00,3.0748
11/02/2014 00:00:00,3.3125
12/02/2014 00:00:00,3.2003
13/02/2014 00:00:00,3.4482
14/02/2014 00:00:00,3.4913
15/02/2014 00:00:00,2.4028
16/02/2014 00:00:00,2.6526
17/02/2014 00:00:00,3.2422
18/02/2014 00:00:00,3.0457
19/02/2014 00:00:00,1.2303
20/02/2014 00:00:00,2.3002
21/02/2014 00:00:00,2.6404
22/02/2014 00:00:00,2.8596
23/02/2014 00:00:00,3.2000
24/02/2014 00:00:00,3.1469
25/02/2014 00:00:00,2.8424
26/02/2014 00:00:00,2.7229
27/02/2014 00:00:00,2.7626
28/02/2014 00:00:00,2.6988
01/03/2014 00:00:00,2.7513
02/03/2014 00:00:00,3.0546
03/03/2014 00:00:00,3.2086
04/03/2014 00:00:00,3.1159
05/03/2014 00:00:00,2.4294
06/03/2014 00:00:00,2.7721
07/03/2014 00:00:00,2.8903
08/03/2014 00:00:00,3.3054
09/03/2014 00:00:00,3.2594
10/03/2014 00:00:00,3.2052
11/03/2014 00:00:00,2.9026
12/03/2014 00:00:00,2.9267
13/03/2014 00:00:00,3.1430
14/03/2014 00:00:00,2.0178
15/03/2014 00:00:00,0.0390
16/03/2014 00:00:00,0.0414
17/03/2014 00:00:00,0.0614
18/03/2014 00:00:00,1.7957
19/03/2014 00:00:00,2.8924
20/03/2014 00:00:00,3.1986
21/03/2014 00:00:00,0.6735
22/03/2014 00:00:00,0.0780
23/03/2014 00:00:00,0.0693
24/03/2014 00:00:00,1.9716
25/03/2014 00:00:00,4.7634
26/03/2014 00:00:00,6.4928
27/03/2014 00:00:00,6.5244
28/03/2014 00:00:00,6.2203
29/03/2014 00:00:00,6.1656
30/03/2014 00:00:00,6.5436
31/03/2014 00:00:00,9.1089
01/04/2014 00:00:00,9.6544
02/04/2014 00:00:00,7.0609
03/04/2014 00:00:00,4.8970
04/04/2014 00:00:00,6.1680
05/04/2014 00:00:00,11.5963
06/04/2014 00:00:00,12.5740
07/04/2014 00:00:00,13.4433
08/04/2014 00:00:00,12.5197
09/04/2014 00:00:00,12.0510
10/04/2014 00:00:00,10.3638
11/04/2014 00:00:00,11.6361
12/04/2014 00:00:00,15.4496
13/04/2014 00:00:00,14.0775
14/04/2014 00:00:00,14.3232
15/04/2014 00:00:00,15.6816
16/04/2014 00:00:00,15.9228
17/04/2014 00:00:00,21.7038
18/04/2014 00:00:00,16.8643
19/04/2014 00:00:00,21.5419
20/04/2014 00:00:00,23.5424
21/04/2014 00:00:00,27.7491
22/04/2014 00:00:00,19.1630
23/04/2014 00:00:00,20.1358
24/04/2014 00:00:00,14.9636
25/04/2014 00:00:00,19.1866
26/04/2014 00:00:00,14.9918
27/04/2014 00:00:00,20.3657
28/04/2014 00:00:00,24.1488
29/04/2014 00:00:00,13.0751
30/04/2014 00:00:00,13.6489
01/05/2014 00:00:00,16.6877
02/05/2014 00:00:00,4.1390
03/05/2014 00:00:00,-0.0612
04/05/2014 00:00:00,0.0880
05/05/2014 00:00:00,8.5157
06/05/2014 00:00:00,15.2504
07/05/2014 00:00:00,16.8993
08/05/2014 00:00:00,19.2628
09/05/2014 00:00:00,19.3682
10/05/2014 00:00:00,15.3624
11/05/2014 00:00:00,14.5829
12/05/2014 00:00:00,15.4598
13/05/2014 00:00:00,16.3245
14/05/2014 00:00:00,17.4689
15/05/2014 00:00:00,17.7967
16/05/2014 00:00:00,18.4825
17/05/2014 00:00:00,17.8063
18/05/2014 00:00:00,17.1988
19/05/2014 00:00:00,17.1601
20/05/2014 00:00:00,17.2908
21/05/2014 00:00:00,18.7937
22/05/2014 00:00:00,18.0049
23/05/2014 00:00:00,17.3028
24/05/2014 00:00:00,18.2147
25/05/2014 00:00:00,17.6729
26/05/2014 00:00:00,16.4150
27/05/2014 00:00:00,9.8485
28/05/2014 00:00:00,7.0771
29/05/2014 00:00:00,13.0743
30/05/2014 00:00:00,14.4312
31/05/2014 00:00:00,14.0601
01/06/2014 00:00:00,12.4518
02/06/2014 00:00:00,14.4098
03/06/2014 00:00:00,14.7410
04/06/2014 00:00:00,14.7642
05/06/2014 00:00:00,14.8093
06/06/2014 00:00:00,15.4794
07/06/2014 00:00:00,15.9044
08/06/2014 00:00:00,16.7782
09/06/2014 00:00:00,18.6857
10/06/2014 00:00:00,20.2053
11/06/2014 00:00:00,17.8114
12/06/2014 00:00:00,15.7684
13/06/2014 00:00:00,8.7964
14/06/2014 00:00:00,0.0447
15/06/2014 00:00:00,0.0942
16/06/2014 00:00:00,7.9119
17/06/2014 00:00:00,14.5257
18/06/2014 00:00:00,17.9504
19/06/2014 00:00:00,19.1091
20/06/2014 00:00:00,13.4693
21/06/2014 00:00:00,11.6000
22/06/2014 00:00:00,17.3094
23/06/2014 00:00:00,4.0750
24/06/2014 00:00:00,-0.2142
25/06/2014 00:00:00,-0.1032
26/06/2014 00:00:00,0.0040
27/06/2014 00:00:00,0.1201
28/06/2014 00:00:00,-0.1534
29/06/2014 00:00:00,-0.2489
30/06/2014 00:00:00,-0.0544
01/07/2014 00:00:00,5.1704
02/07/2014 00:00:00,12.7426
03/07/2014 00:00:00,12.7426
04/07/2014 00:00:00,8.7968
05/07/2014 00:00:00,0.0386
06/07/2014 00:00:00,7.4362
07/07/2014 00:00:00,16.4843
08/07/2014 00:00:00,16.4925
09/07/2014 00:00:00,3.0554
10/07/2014 00:00:00,-0.1629
11/07/2014 00:00:00,0.0860
12/07/2014 00:00:00,0.0659
13/07/2014 00:00:00,0.1505
14/07/2014 00:00:00,12.8815
15/07/2014 00:00:00,19.8280
16/07/2014 00:00:00,10.6968
17/07/2014 00:00:00,0.0024
18/07/2014 00:00:00,0.0682
19/07/2014 00:00:00,20.1435
20/07/2014 00:00:00,37.2003
21/07/2014 00:00:00,39.5396
22/07/2014 00:00:00,43.3393
23/07/2014 00:00:00,52.5102
24/07/2014 00:00:00,47.6788
25/07/2014 00:00:00,41.3561
26/07/2014 00:00:00,41.8942
27/07/2014 00:00:00,45.3062
28/07/2014 00:00:00,41.7076
29/07/2014 00:00:00,36.4709
30/07/2014 00:00:00,36.3045
31/07/2014 00:00:00,19.3452
01/08/2014 00:00:00,-0.1930
02/08/2014 00:00:00,0.0609
03/08/2014 00:00:00,19.3239
04/08/2014 00:00:00,24.4070
05/08/2014 00:00:00,17.2585
06/08/2014 00:00:00,40.5951
07/08/2014 00:00:00,66.1723
08/08/2014 00:00:00,73.5350
09/08/2014 00:00:00,82.6229
10/08/2014 00:00:00,68.8679
11/08/2014 00:00:00,89.2594
12/08/2014 00:00:00,107.4617
13/08/2014 00:00:00,116.2371
14/08/2014 00:00:00,117.6884
15/08/2014 00:00:00,127.8216
16/08/2014 00:00:00,127.3557
17/08/2014 00:00:00,124.4564
18/08/2014 00:00:00,121.0735
19/08/2014 00:00:00,114.2845
20/08/2014 00:00:00,119.9532
21/08/2014 00:00:00,99.8484
22/08/2014 00:00:00,104.2404
23/08/2014 00:00:00,105.1604
24/08/2014 00:00:00,68.8451
25/08/2014 00:00:00,29.5329
26/08/2014 00:00:00,15.1329
27/08/2014 00:00:00,15.6761
28/08/2014 00:00:00,15.8969
29/08/2014 00:00:00,16.4059
30/08/2014 00:00:00,17.0427
31/08/2014 00:00:00,17.0350
01/09/2014 00:00:00,13.2301
02/09/2014 00:00:00,13.1654
03/09/2014 00:00:00,17.4516
04/09/2014 00:00:00,17.6392
05/09/2014 00:00:00,16.4285
06/09/2014 00:00:00,17.5212
07/09/2014 00:00:00,19.2990
08/09/2014 00:00:00,22.5082
09/09/2014 00:00:00,14.9737
10/09/2014 00:00:00,13.2261
11/09/2014 00:00:00,11.5739
12/09/2014 00:00:00,14.2968
13/09/2014 00:00:00,15.2717
14/09/2014 00:00:00,15.7564
15/09/2014 00:00:00,11.4946
16/09/2014 00:00:00,10.5660
17/09/2014 00:00:00,9.2699
18/09/2014 00:00:00,11.3213
19/09/2014 00:00:00,12.5050
20/09/2014 00:00:00,12.9750
21/09/2014 00:00:00,13.1338
22/09/2014 00:00:00,13.4109
23/09/2014 00:00:00,13.4437
24/09/2014 00:00:00,11.5817
25/09/2014 00:00:00,10.5243
26/09/2014 00:00:00,11.7070
27/09/2014 00:00:00,12.8441
28/09/2014 00:00:00,12.4278
29/09/2014 00:00:00,10.0379
30/09/2014 00:00:00,6.0200
01/10/2014 00:00:00,8.3508
02/10/2014 00:00:00,10.6208
03/10/2014 00:00:00,12.1324
04/10/2014 00:00:00,11.3843
05/10/2014 00:00:00,11.1306
06/10/2014 00:00:00,11.5818
07/10/2014 00:00:00,8.3782
08/10/2014 00:00:00,10.5415
09/10/2014 00:00:00,12.0352
10/10/2014 00:00:00,10.2712
11/10/2014 00:00:00,9.9410
12/10/2014 00:00:00,8.5792
13/10/2014 00:00:00,4.3112
14/10/2014 00:00:00,8.8436
15/10/2014 00:00:00,12.3361
16/10/2014 00:00:00,13.7485
17/10/2014 00:00:00,15.9889
18/10/2014 00:00:00,16.2018
19/10/2014 00:00:00,13.4917
20/10/2014 00:00:00,15.3433
21/10/2014 00:00:00,16.7994
22/10/2014 00:00:00,12.0387
23/10/2014 00:00:00,13.5633
24/10/2014 00:00:00,14.2005
25/10/2014 00:00:00,13.8842
26/10/2014 00:00:00,14.4081
27/10/2014 00:00:00,4.5048
28/10/2014 00:00:00,7.1694
29/10/2014 00:00:00,12.6056
30/10/2014 00:00:00,15.2888
31/10/2014 00:00:00,15.8513
01/11/2014 00:00:00,0.1020
02/11/2014 00:00:00,0.0814
03/11/2014 00:00:00,12.6209
04/11/2014 00:00:00,13.4731
05/11/2014 00:00:00,15.5244
06/11/2014 00:00:00,18.1055
07/11/2014 00:00:00,19.2553
08/11/2014 00:00:00,14.0196
09/11/2014 00:00:00,15.2640
10/11/2014 00:00:00,15.3120
11/11/2014 00:00:00,17.7392
12/11/2014 00:00:00,18.3203
13/11/2014 00:00:00,18.2024
14/11/2014 00:00:00,14.2073
15/11/2014 00:00:00,16.6350
16/11/2014 00:00:00,14.0526
17/11/2014 00:00:00,15.9672
18/11/2014 00:00:00,17.0836
19/11/2014 00:00:00,19.4007
20/11/2014 00:00:00,16.9562
21/11/2014 00:00:00,16.9583
22/11/2014 00:00:00,18.8739
23/11/2014 00:00:00,17.1159
24/11/2014 00:00:00,11.1877
25/11/2014 00:00:00,14.2460
26/11/2014 00:00:00,15.6953
27/11/2014 00:00:00,16.3797
28/11/2014 00:00:00,18.1524
29/11/2014 00:00:00,19.2062
30/11/2014 00:00:00,17.3303
01/12/2014 00:00:00,15.3566
02/12/2014 00:00:00,17.6603
03/12/2014 00:00:00,17.5865
04/12/2014 00:00:00,13.5272
05/12/2014 00:00:00,14.8711
06/12/2014 00:00:00,12.5985
07/12/2014 00:00:00,16.5974
08/12/2014 00:00:00,16.0177
09/12/2014 00:00:00,16.6056
10/12/2014 00:00:00,16.1601
11/12/2014 00:00:00,13.3705
12/12/2014 00:00:00,18.4051
13/12/2014 00:00:00,18.5283
14/12/2014 00:00:00,16.6391
15/12/2014 00:00:00,16.9519
16/12/2014 00:00:00,11.2138
17/12/2014 00:00:00,15.0767
18/12/2014 00:00:00,11.4299
19/12/2014 00:00:00,13.4998
20/12/2014 00:00:00,15.1408
21/12/2014 00:00:00,14.6337
22/12/2014 00:00:00,10.9891
23/12/2014 00:00:00,7.3955
24/12/2014 00:00:00,8.4817
25/12/2014 00:00:00,6.6955
26/12/2014 00:00:00,6.9659
27/12/2014 00:00:00,8.5638
28/12/2014 00:00:00,8.7707
29/12/2014 00:00:00,4.3583
30/12/2014 00:00:00,5.4315
31/12/2014 00:00:00,7.8454
01/01/2015 00:00:00,8.6959
02/01/2015 00:00:00,9.5358
03/01/2015 00:00:00,7.0352
04/01/2015 00:00:00,6.1628
05/01/2015 00:00:00,7.2665
06/01/2015 00:00:00,8.1199
07/01/2015 00:00:00,7.6319
08/01/2015 00:00:00,6.2317
09/01/2015 00:00:00,5.3293
10/01/2015 00:00:00,6.2593
11/01/2015 00:00:00,6.1421
12/01/2015 00:00:00,6.8643
13/01/2015 00:00:00,4.9110
14/01/2015 00:00:00,6.1199
15/01/2015 00:00:00,8.6481
16/01/2015 00:00:00,8.9503
17/01/2015 00:00:00,7.4699
18/01/2015 00:00:00,8.4437
19/01/2015 00:00:00,10.1277
20/01/2015 00:00:00,13.0206
21/01/2015 00:00:00,14.7827
22/01/2015 00:00:00,16.4591
23/01/2015 00:00:00,15.7304
24/01/2015 00:00:00,14.2515
25/01/2015 00:00:00,8.6179
26/01/2015 00:00:00,13.6114
27/01/2015 00:00:00,13.5145
28/01/2015 00:00:00,22.9648
29/01/2015 00:00:00,17.3716
30/01/2015 00:00:00,21.3294
31/01/2015 00:00:00,21.2837
01/02/2015 00:00:00,18.9358
02/02/2015 00:00:00,18.9610
03/02/2015 00:00:00,22.1020
04/02/2015 00:00:00,20.7577
05/02/2015 00:00:00,23.9423
06/02/2015 00:00:00,21.1825
07/02/2015 00:00:00,17.1444
08/02/2015 00:00:00,12.9217
09/02/2015 00:00:00,16.4858
10/02/2015 00:00:00,16.6969
11/02/2015 00:00:00,15.4082
12/02/2015 00:00:00,16.3779
13/02/2015 00:00:00,17.9031
14/02/2015 00:00:00,17.9021
15/02/2015 00:00:00,15.0837
16/02/2015 00:00:00,12.9723
17/02/2015 00:00:00,14.7168
18/02/2015 00:00:00,15.0960
19/02/2015 00:00:00,16.3211
20/02/2015 00:00:00,14.2032
21/02/2015 00:00:00,14.3349
22/02/2015 00:00:00,12.9232
23/02/2015 00:00:00,3.2903
24/02/2015 00:00:00,6.1229
25/02/2015 00:00:00,13.2565
26/02/2015 00:00:00,13.3979
27/02/2015 00:00:00,15.4451
28/02/2015 00:00:00,14.0572
01/03/2015 00:00:00,11.4282
02/03/2015 00:00:00,21.0095
03/03/2015 00:00:00,24.0416
04/03/2015 00:00:00,21.0586
05/03/2015 00:00:00,15.1726
06/03/2015 00:00:00,13.9632
07/03/2015 00:00:00,18.0307
08/03/2015 00:00:00,19.1426
09/03/2015 00:00:00,17.9738
10/03/2015 00:00:00,20.2085
11/03/2015 00:00:00,19.2771
12/03/2015 00:00:00,17.3190
13/03/2015 00:00:00,22.5329
14/03/2015 00:00:00,21.5538
15/03/2015 00:00:00,20.6118
16/03/2015 00:00:00,27.6997
17/03/2015 00:00:00,20.7226
18/03/2015 00:00:00,13.4044
19/03/2015 00:00:00,4.7095
20/03/2015 00:00:00,0.0000
21/03/2015 00:00:00,22.3010
22/03/2015 00:00:00,35.3949
23/03/2015 00:00:00,8.6255
24/03/2015 00:00:00,16.8584
25/03/2015 00:00:00,28.7234
26/03/2015 00:00:00,-0.0035
27/03/2015 00:00:00,7.8316
28/03/2015 00:00:00,15.5597
29/03/2015 00:00:00,16.1381
30/03/2015 00:00:00,10.0436
31/03/2015 00:00:00,4.8342
01/04/2015 00:00:00,4.0640
02/04/2015 00:00:00,4.8360
03/04/2015 00:00:00,6.9913
04/04/2015 00:00:00,6.9507
05/04/2015 00:00:00,1.8414
06/04/2015 00:00:00,-0.0031
07/04/2015 00:00:00,-0.0229
08/04/2015 00:00:00,6.1696
09/04/2015 00:00:00,11.4502
10/04/2015 00:00:00,18.4579
11/04/2015 00:00:00,21.1579
12/04/2015 00:00:00,21.1160
13/04/2015 00:00:00,21.5547
14/04/2015 00:00:00,20.2348
15/04/2015 00:00:00,18.0916
16/04/2015 00:00:00,21.9019
17/04/2015 00:00:00,19.2663
18/04/2015 00:00:00,11.9028
19/04/2015 00:00:00,0.0245
20/04/2015 00:00:00,13.5298
21/04/2015 00:00:00,49.3610
22/04/2015 00:00:00,50.7826
23/04/2015 00:00:00,51.8125
24/04/2015 00:00:00,30.6012
25/04/2015 00:00:00,0.0150
26/04/2015 00:00:00,0.0373
27/04/2015 00:00:00,9.5040
28/04/2015 00:00:00,15.7079
29/04/2015 00:00:00,16.6003
30/04/2015 00:00:00,17.0535
01/05/2015 00:00:00,18.3902
02/05/2015 00:00:00,15.3476
03/05/2015 00:00:00,14.6366
04/05/2015 00:00:00,27.3604
05/05/2015 00:00:00,-0.0548
06/05/2015 00:00:00,-0.1069
07/05/2015 00:00:00,-0.0837
08/05/2015 00:00:00,7.5154
09/05/2015 00:00:00,0.0401
10/05/2015 00:00:00,-0.0643
11/05/2015 00:00:00,-0.0810
12/05/2015 00:00:00,-0.0945
13/05/2015 00:00:00,-0.1264
14/05/2015 00:00:00,12.8751
15/05/2015 00:00:00,22.8850
16/05/2015 00:00:00,18.7528
17/05/2015 00:00:00,17.7023
18/05/2015 00:00:00,19.0660
19/05/2015 00:00:00,31.4963
20/05/2015 00:00:00,4.9763
21/05/2015 00:00:00,7.1835
22/05/2015 00:00:00,9.9818
23/05/2015 00:00:00,18.6798
24/05/2015 00:00:00,20.6014
25/05/2015 00:00:00,19.8974
26/05/2015 00:00:00,51.6467
27/05/2015 00:00:00,45.7013
28/05/2015 00:00:00,16.6186
29/05/2015 00:00:00,9.8237
30/05/2015 00:00:00,0.0909
31/05/2015 00:00:00,0.0642
01/06/2015 00:00:00,5.7657
02/06/2015 00:00:00,9.6460
03/06/2015 00:00:00,9.6460
04/06/2015 00:00:00,8.0433
05/06/2015 00:00:00,1.2666
06/06/2015 00:00:00,0.1073
07/06/2015 00:00:00,0.1116
08/06/2015 00:00:00,0.0891
09/06/2015 00:00:00,0.0615
10/06/2015 00:00:00,4.8649
11/06/2015 00:00:00,6.8858
12/06/2015 00:00:00,7.5101
13/06/2015 00:00:00,7.5188
14/06/2015 00:00:00,7.4910
15/06/2015 00:00:00,7.0252
16/06/2015 00:00:00,6.8960
17/06/2015 00:00:00,6.3821
18/06/2015 00:00:00,5.9576
19/06/2015 00:00:00,6.9252
20/06/2015 00:00:00,7.4750
21/06/2015 00:00:00,9.0051
22/06/2015 00:00:00,9.8873
23/06/2015 00:00:00,8.6951
24/06/2015 00:00:00,7.8810
25/06/2015 00:00:00,6.4725
26/06/2015 00:00:00,7.2697
27/06/2015 00:00:00,7.4132
28/06/2015 00:00:00,7.4159
29/06/2015 00:00:00,7.3181
30/06/2015 00:00:00,7.3875
01/07/2015 00:00:00,7.3606
02/07/2015 00:00:00,6.7262
03/07/2015 00:00:00,13.0638
04/07/2015 00:00:00,18.3565
05/07/2015 00:00:00,18.2417
06/07/2015 00:00:00,16.5888
07/07/2015 00:00:00,16.4217
08/07/2015 00:00:00,32.5993
09/07/2015 00:00:00,58.3506
10/07/2015 00:00:00,43.3258
11/07/2015 00:00:00,0.0097
12/07/2015 00:00:00,-0.1860
13/07/2015 00:00:00,6.4772
14/07/2015 00:00:00,0.0783
15/07/2015 00:00:00,0.1116
16/07/2015 00:00:00,45.3114
17/07/2015 00:00:00,66.3990
18/07/2015 00:00:00,74.9611
19/07/2015 00:00:00,78.2494
20/07/2015 00:00:00,81.9804
21/07/2015 00:00:00,86.5499
22/07/2015 00:00:00,65.1919
23/07/2015 00:00:00,57.9401
24/07/2015 00:00:00,27.0480
25/07/2015 00:00:00,0.1399
26/07/2015 00:00:00,-0.0337
27/07/2015 00:00:00,24.3435
28/07/2015 00:00:00,55.1384
29/07/2015 00:00:00,76.2585
30/07/2015 00:00:00,67.1206
31/07/2015 00:00:00,23.1865
01/08/2015 00:00:00,0.1593
02/08/2015 00:00:00,0.1421
03/08/2015 00:00:00,0.1181
04/08/2015 00:00:00,0.1701
05/08/2015 00:00:00,17.8094
06/08/2015 00:00:00,94.3296
07/08/2015 00:00:00,59.9210
08/08/2015 00:00:00,0.1835
09/08/2015 00:00:00,0.1948
10/08/2015 00:00:00,1.4492
11/08/2015 00:00:00,6.3239
12/08/2015 00:00:00,1.9124
13/08/2015 00:00:00,3.7328
14/08/2015 00:00:00,10.6070
15/08/2015 00:00:00,11.4667
16/08/2015 00:00:00,12.1704
17/08/2015 00:00:00,10.9864
18/08/2015 00:00:00,18.6578
19/08/2015 00:00:00,25.5823
20/08/2015 00:00:00,19.7992
21/08/2015 00:00:00,13.0637
22/08/2015 00:00:00,12.1471
23/08/2015 00:00:00,11.7189
24/08/2015 00:00:00,10.9341
25/08/2015 00:00:00,13.1213
26/08/2015 00:00:00,13.9131
27/08/2015 00:00:00,15.4180
28/08/2015 00:00:00,18.0018
29/08/2015 00:00:00,18.5225
30/08/2015 00:00:00,19.3683
31/08/2015 00:00:00,19.3124
01/09/2015 00:00:00,42.6136
02/09/2015 00:00:00,19.0983
03/09/2015 00:00:00,29.8457
04/09/2015 00:00:00,23.3147
05/09/2015 00:00:00,33.4824
06/09/2015 00:00:00,29.2605
07/09/2015 00:00:00,25.2895
08/09/2015 00:00:00,25.4506
09/09/2015 00:00:00,30.2268
10/09/2015 00:00:00,34.5667
11/09/2015 00:00:00,59.0187
12/09/2015 00:00:00,68.5193
13/09/2015 00:00:00,71.1488
14/09/2015 00:00:00,60.5594
15/09/2015 00:00:00,36.9905
16/09/2015 00:00:00,30.7683
17/09/2015 00:00:00,27.8909
18/09/2015 00:00:00,38.2890
19/09/2015 00:00:00,47.4637
20/09/2015 00:00:00,46.4784
21/09/2015 00:00:00,25.2638
22/09/2015 00:00:00,26.6414
23/09/2015 00:00:00,31.3685
24/09/2015 00:00:00,32.1092
25/09/2015 00:00:00,31.3925
26/09/2015 00:00:00,29.1595
27/09/2015 00:00:00,28.8077
28/09/2015 00:00:00,26.3660
29/09/2015 00:00:00,26.9843
30/09/2015 00:00:00,28.7556
01/10/2015 00:00:00,28.1095
02/10/2015 00:00:00,30.1709
03/10/2015 00:00:00,29.2289
04/10/2015 00:00:00,27.4332
05/10/2015 00:00:00,30.5953
06/10/2015 00:00:00,21.1365
07/10/2015 00:00:00,24.2632
08/10/2015 00:00:00,29.3588
09/10/2015 00:00:00,29.2074
10/10/2015 00:00:00,28.0533
11/10/2015 00:00:00,25.8743
12/10/2015 00:00:00,26.2156
13/10/2015 00:00:00,24.0090
14/10/2015 00:00:00,20.0318
15/10/2015 00:00:00,19.8889
16/10/2015 00:00:00,18.1381
17/10/2015 00:00:00,17.8731
18/10/2015 00:00:00,19.3882
19/10/2015 00:00:00,20.2667
20/10/2015 00:00:00,19.4464
21/10/2015 00:00:00,13.5808
22/10/2015 00:00:00,17.2435
23/10/2015 00:00:00,19.9440
24/10/2015 00:00:00,20.9549
25/10/2015 00:00:00,16.6360
26/10/2015 00:00:00,15.1535
27/10/2015 00:00:00,19.4572
28/10/2015 00:00:00,18.9445
29/10/2015 00:00:00,18.7821
30/10/2015 00:00:00,18.7209
31/10/2015 00:00:00,18.9342
01/11/2015 00:00:00,18.2515
02/11/2015 00:00:00,18.0469
03/11/2015 00:00:00,20.6575
04/11/2015 00:00:00,21.7161
05/11/2015 00:00:00,17.2034
06/11/2015 00:00:00,18.2581
07/11/2015 00:00:00,20.8793
08/11/2015 00:00:00,22.0663
09/11/2015 00:00:00,20.4059
10/11/2015 00:00:00,18.8356
11/11/2015 00:00:00,21.2565
12/11/2015 00:00:00,30.7979
13/11/2015 00:00:00,26.7056
14/11/2015 00:00:00,18.9872
15/11/2015 00:00:00,19.5720
16/11/2015 00:00:00,20.6495
17/11/2015 00:00:00,15.7030
18/11/2015 00:00:00,10.1623
19/11/2015 00:00:00,9.5742
20/11/2015 00:00:00,8.2255
21/11/2015 00:00:00,8.5855
22/11/2015 00:00:00,9.0160
23/11/2015 00:00:00,8.4961
24/11/2015 00:00:00,9.4777
25/11/2015 00:00:00,4.6459
26/11/2015 00:00:00,0.0679
27/11/2015 00:00:00,0.1625
28/11/2015 00:00:00,0.1762
29/11/2015 00:00:00,0.1786
30/11/2015 00:00:00,0.5626
01/12/2015 00:00:00,0.2329
02/12/2015 00:00:00,0.4317
03/12/2015 00:00:00,0.6358
04/12/2015 00:00:00,0.5909
05/12/2015 00:00:00,0.5800
06/12/2015 00:00:00,0.5676
07/12/2015 00:00:00,0.6096
08/12/2015 00:00:00,0.3803
09/12/2015 00:00:00,0.3361
10/12/2015 00:00:00,0.3710
11/12/2015 00:00:00,0.1423
12/12/2015 00:00:00,0.4279
13/12/2015 00:00:00,0.4531
14/12/2015 00:00:00,0.3462
15/12/2015 00:00:00,0.4174
16/12/2015 00:00:00,0.4000
17/12/2015 00:00:00,0.3905
18/12/2015 00:00:00,0.2453
19/12/2015 00:00:00,0.4481
20/12/2015 00:00:00,0.1174
21/12/2015 00:00:00,0.2393
22/12/2015 00:00:00,0.2726
23/12/2015 00:00:00,0.2377
24/12/2015 00:00:00,0.3449
25/12/2015 00:00:00,0.2946
26/12/2015 00:00:00,0.0355
27/12/2015 00:00:00,0.1898
28/12/2015 00:00:00,0.1905
29/12/2015 00:00:00,0.1903
30/12/2015 00:00:00,0.2253
31/12/2015 00:00:00,0.1645
01/01/2016 00:00:00,0.0430
02/01/2016 00:00:00,0.0351
03/01/2016 00:00:00,0.0631
04/01/2016 00:00:00,0.0989
05/01/2016 00:00:00,0.0821
06/01/2016 00:00:00,0.0394
07/01/2016 00:00:00,0.0535
08/01/2016 00:00:00,0.0671
09/01/2016 00:00:00,0.0656
10/01/2016 00:00:00,0.0744
11/01/2016 00:00:00,0.0644
12/01/2016 00:00:00,0.0641
13/01/2016 00:00:00,0.0486
14/01/2016 00:00:00,0.0111
15/01/2016 00:00:00,0.0419
16/01/2016 00:00:00,0.0544
17/01/2016 00:00:00,0.0561
18/01/2016 00:00:00,0.0444
19/01/2016 00:00:00,0.0615
20/01/2016 00:00:00,0.0400
21/01/2016 00:00:00,0.0522
22/01/2016 00:00:00,0.0468
23/01/2016 00:00:00,0.0327
24/01/2016 00:00:00,0.0387
25/01/2016 00:00:00,0.0362
26/01/2016 00:00:00,0.0467
27/01/2016 00:00:00,0.0278
28/01/2016 00:00:00,0.0137
29/01/2016 00:00:00,0.0353
30/01/2016 00:00:00,0.0373
31/01/2016 00:00:00,0.0338
01/02/2016 00:00:00,0.0558
02/02/2016 00:00:00,0.0683
03/02/2016 00:00:00,0.0165
04/02/2016 00:00:00,0.0333
05/02/2016 00:00:00,0.0601
06/02/2016 00:00:00,0.0520
07/02/2016 00:00:00,0.0348
08/02/2016 00:00:00,0.0365
09/02/2016 00:00:00,0.0661
10/02/2016 00:00:00,1.8458
11/02/2016 00:00:00,5.4722
12/02/2016 00:00:00,6.2133
13/02/2016 00:00:00,5.5236
14/02/2016 00:00:00,5.2969
15/02/2016 00:00:00,4.8097
16/02/2016 00:00:00,4.1100
17/02/2016 00:00:00,5.4226
18/02/2016 00:00:00,5.6841
19/02/2016 00:00:00,5.3118
20/02/2016 00:00:00,5.8980
21/02/2016 00:00:00,6.6360
22/02/2016 00:00:00,8.2347
23/02/2016 00:00:00,10.9122
24/02/2016 00:00:00,15.5649
25/02/2016 00:00:00,16.7543
26/02/2016 00:00:00,16.9232
27/02/2016 00:00:00,17.9483
28/02/2016 00:00:00,18.2852
29/02/2016 00:00:00,26.2069
01/03/2016 00:00:00,37.6671
02/03/2016 00:00:00,33.7286
03/03/2016 00:00:00,28.0561
04/03/2016 00:00:00,21.0473
05/03/2016 00:00:00,21.4980
06/03/2016 00:00:00,20.3313
07/03/2016 00:00:00,19.7814
08/03/2016 00:00:00,20.6843
09/03/2016 00:00:00,20.8234
10/03/2016 00:00:00,29.6708
11/03/2016 00:00:00,35.6799
12/03/2016 00:00:00,26.9556
13/03/2016 00:00:00,26.0092
14/03/2016 00:00:00,22.4127
15/03/2016 00:00:00,28.8927
16/03/2016 00:00:00,29.5485
17/03/2016 00:00:00,35.1382
18/03/2016 00:00:00,0.0000
19/03/2016 00:00:00,22.1394
20/03/2016 00:00:00,24.6744
21/03/2016 00:00:00,26.7078
22/03/2016 00:00:00,20.4645
23/03/2016 00:00:00,4.9742
24/03/2016 00:00:00,3.0634
25/03/2016 00:00:00,0.0324
26/03/2016 00:00:00,0.0336
27/03/2016 00:00:00,0.0393
28/03/2016 00:00:00,0.0476
29/03/2016 00:00:00,3.3246
30/03/2016 00:00:00,5.4957
31/03/2016 00:00:00,5.4660
01/04/2016 00:00:00,5.5370
02/04/2016 00:00:00,4.2013
03/04/2016 00:00:00,4.9624
04/04/2016 00:00:00,5.4818
05/04/2016 00:00:00,5.4106
06/04/2016 00:00:00,4.9698
07/04/2016 00:00:00,5.4517
08/04/2016 00:00:00,5.2151
09/04/2016 00:00:00,5.1694
10/04/2016 00:00:00,4.4595
11/04/2016 00:00:00,4.3413
12/04/2016 00:00:00,4.7800
13/04/2016 00:00:00,5.6284
14/04/2016 00:00:00,5.9413
15/04/2016 00:00:00,5.7084
16/04/2016 00:00:00,4.8486
17/04/2016 00:00:00,5.5498
18/04/2016 00:00:00,6.0332
19/04/2016 00:00:00,5.8340
20/04/2016 00:00:00,5.8456
21/04/2016 00:00:00,4.9590
22/04/2016 00:00:00,5.1404
23/04/2016 00:00:00,5.5424
24/04/2016 00:00:00,6.1268
25/04/2016 00:00:00,6.2164
26/04/2016 00:00:00,6.4296
27/04/2016 00:00:00,6.4088
28/04/2016 00:00:00,5.4550
29/04/2016 00:00:00,3.4289
30/04/2016 00:00:00,0.0635
01/05/2016 00:00:00,0.0038
02/05/2016 00:00:00,0.0606
03/05/2016 00:00:00,-0.0887
04/05/2016 00:00:00,-0.1005
05/05/2016 00:00:00,0.0343
06/05/2016 00:00:00,0.0324
07/05/2016 00:00:00,0.0599
08/05/2016 00:00:00,7.7387
09/05/2016 00:00:00,22.9123
10/05/2016 00:00:00,-0.4494
11/05/2016 00:00:00,-0.0286
12/05/2016 00:00:00,0.0024
13/05/2016 00:00:00,0.0456
14/05/2016 00:00:00,0.0612
15/05/2016 00:00:00,0.0462
16/05/2016 00:00:00,0.0837
17/05/2016 00:00:00,0.0425
18/05/2016 00:00:00,0.0503
19/05/2016 00:00:00,0.0376
20/05/2016 00:00:00,0.0500
21/05/2016 00:00:00,0.1512
22/05/2016 00:00:00,0.2928
23/05/2016 00:00:00,-0.0250
24/05/2016 00:00:00,0.0345
25/05/2016 00:00:00,0.0735
26/05/2016 00:00:00,0.0069
27/05/2016 00:00:00,-0.0538
28/05/2016 00:00:00,-0.0641
29/05/2016 00:00:00,0.2264
30/05/2016 00:00:00,0.3935
31/05/2016 00:00:00,0.2160
01/06/2016 00:00:00,0.2160
02/06/2016 00:00:00,0.1159
03/06/2016 00:00:00,0.0699
04/06/2016 00:00:00,0.0667
05/06/2016 00:00:00,0.1191
06/06/2016 00:00:00,-0.0123
07/06/2016 00:00:00,0.0599
08/06/2016 00:00:00,0.3934
09/06/2016 00:00:00,-0.0985
10/06/2016 00:00:00,0.0950
11/06/2016 00:00:00,0.0966
12/06/2016 00:00:00,0.2137
13/06/2016 00:00:00,0.3635
14/06/2016 00:00:00,0.2477
15/06/2016 00:00:00,0.2707
16/06/2016 00:00:00,0.3503
17/06/2016 00:00:00,0.1526
18/06/2016 00:00:00,0.2105
19/06/2016 00:00:00,0.2030
20/06/2016 00:00:00,0.2087
21/06/2016 00:00:00,0.1852
22/06/2016 00:00:00,0.1608
23/06/2016 00:00:00,0.0420
24/06/2016 00:00:00,-0.6922
25/06/2016 00:00:00,0.2170
26/06/2016 00:00:00,0.3650
27/06/2016 00:00:00,0.2661
28/06/2016 00:00:00,0.2947
29/06/2016 00:00:00,0.5465
30/06/2016 00:00:00,0.1348
01/07/2016 00:00:00,0.0000
02/07/2016 00:00:00,0.0000
03/07/2016 00:00:00,0.0000
04/07/2016 00:00:00,0.0000
05/07/2016 00:00:00,0.0000
06/07/2016 00:00:00,0.0000
07/07/2016 00:00:00,0.0000
08/07/2016 00:00:00,0.0000
09/07/2016 00:00:00,0.0000
10/07/2016 00:00:00,0.0000
11/07/2016 00:00:00,0.0000
12/07/2016 00:00:00,0.0000
13/07/2016 00:00:00,0.0000
14/07/2016 00:00:00,0.0000
15/07/2016 00:00:00,0.0000
16/07/2016 00:00:00,35.4953
17/07/2016 00:00:00,56.4847
18/07/2016 00:00:00,51.8423
19/07/2016 00:00:00,49.7768
20/07/2016 00:00:00,48.7790
21/07/2016 00:00:00,70.2741
22/07/2016 00:00:00,47.0996
23/07/2016 00:00:00,0.0000
24/07/2016 00:00:00,17.2249
25/07/2016 00:00:00,11.5273
26/07/2016 00:00:00,1.5333
27/07/2016 00:00:00,1.1511
28/07/2016 00:00:00,62.9743
29/07/2016 00:00:00,67.3763
30/07/2016 00:00:00,68.0248
31/07/2016 00:00:00,60.8728
01/08/2016 00:00:00,70.4276
02/08/2016 00:00:00,22.8626
03/08/2016 00:00:00,7.0672
04/08/2016 00:00:00,11.0818
05/08/2016 00:00:00,219.5575
06/08/2016 00:00:00,309.5537
07/08/2016 00:00:00,324.0384
08/08/2016 00:00:00,294.4539
09/08/2016 00:00:00,8.7148
10/08/2016 00:00:00,0.0000
11/08/2016 00:00:00,45.0344
12/08/2016 00:00:00,312.0287
13/08/2016 00:00:00,263.3243
14/08/2016 00:00:00,231.9467
15/08/2016 00:00:00,265.5992
16/08/2016 00:00:00,228.0138
17/08/2016 00:00:00,164.7471
18/08/2016 00:00:00,210.0549
19/08/2016 00:00:00,76.7957
20/08/2016 00:00:00,7.2666
21/08/2016 00:00:00,2.9582
22/08/2016 00:00:00,6.7128
23/08/2016 00:00:00,56.8955
24/08/2016 00:00:00,83.0905
25/08/2016 00:00:00,105.3531
26/08/2016 00:00:00,121.3876
27/08/2016 00:00:00,129.4663
28/08/2016 00:00:00,141.1964
29/08/2016 00:00:00,146.2157
30/08/2016 00:00:00,59.0348
31/08/2016 00:00:00,93.8089
01/09/2016 00:00:00,107.3345
02/09/2016 00:00:00,139.6408
03/09/2016 00:00:00,133.4628
04/09/2016 00:00:00,154.0614
05/09/2016 00:00:00,159.4969
06/09/2016 00:00:00,164.8956
07/09/2016 00:00:00,131.3653
08/09/2016 00:00:00,100.6393
09/09/2016 00:00:00,70.4710
10/09/2016 00:00:00,84.1539
11/09/2016 00:00:00,101.7138
12/09/2016 00:00:00,111.2158
13/09/2016 00:00:00,113.3891
14/09/2016 00:00:00,64.1140
15/09/2016 00:00:00,31.5748
16/09/2016 00:00:00,324.0925
17/09/2016 00:00:00,429.6896
18/09/2016 00:00:00,401.4890
19/09/2016 00:00:00,490.6597
20/09/2016 00:00:00,397.4842
21/09/2016 00:00:00,69.7616
22/09/2016 00:00:00,400.9979
23/09/2016 00:00:00,464.3250
24/09/2016 00:00:00,277.7132
25/09/2016 00:00:00,216.5991
26/09/2016 00:00:00,200.9570
27/09/2016 00:00:00,210.0756
28/09/2016 00:00:00,286.0599
29/09/2016 00:00:00,124.8974
30/09/2016 00:00:00,0.0000
01/10/2016 00:00:00,0.0000
02/10/2016 00:00:00,77.9977
03/10/2016 00:00:00,39.4580
04/10/2016 00:00:00,20.5687
05/10/2016 00:00:00,235.7968
06/10/2016 00:00:00,338.3868
07/10/2016 00:00:00,207.6233
08/10/2016 00:00:00,346.0319
09/10/2016 00:00:00,98.6405
10/10/2016 00:00:00,13.1012
11/10/2016 00:00:00,299.3884
12/10/2016 00:00:00,302.7028
13/10/2016 00:00:00,406.8768
14/10/2016 00:00:00,442.5849
15/10/2016 00:00:00,459.2567
16/10/2016 00:00:00,178.4445
17/10/2016 00:00:00,341.9945
18/10/2016 00:00:00,42.7766
19/10/2016 00:00:00,371.5570
20/10/2016 00:00:00,380.3396
21/10/2016 00:00:00,0.0000
22/10/2016 00:00:00,73.9049
23/10/2016 00:00:00,476.2740
24/10/2016 00:00:00,516.7158
25/10/2016 00:00:00,463.8565
26/10/2016 00:00:00,378.5839
27/10/2016 00:00:00,394.2386
28/10/2016 00:00:00,382.7764
29/10/2016 00:00:00,540.5952
30/10/2016 00:00:00,0.0000
31/10/2016 00:00:00,285.4457
01/11/2016 00:00:00,265.4084
02/11/2016 00:00:00,373.6045
03/11/2016 00:00:00,385.9175
04/11/2016 00:00:00,0.0000
05/11/2016 00:00:00,232.7459
06/11/2016 00:00:00,384.8155
07/11/2016 00:00:00,211.0908
08/11/2016 00:00:00,360.9348
09/11/2016 00:00:00,260.9626
10/11/2016 00:00:00,368.1819
11/11/2016 00:00:00,524.3409
12/11/2016 00:00:00,64.2790
13/11/2016 00:00:00,0.0000
14/11/2016 00:00:00,404.3610
15/11/2016 00:00:00,504.3092
16/11/2016 00:00:00,532.9109
17/11/2016 00:00:00,226.3659
18/11/2016 00:00:00,134.0061
19/11/2016 00:00:00,270.4329
20/11/2016 00:00:00,356.5948
21/11/2016 00:00:00,5.6599
22/11/2016 00:00:00,243.3855
23/11/2016 00:00:00,203.5162
24/11/2016 00:00:00,261.6842
25/11/2016 00:00:00,223.4735
26/11/2016 00:00:00,223.2849
27/11/2016 00:00:00,218.3845
28/11/2016 00:00:00,207.4998
29/11/2016 00:00:00,174.6167
30/11/2016 00:00:00,167.2015
01/12/2016 00:00:00,211.9546
02/12/2016 00:00:00,239.4744
03/12/2016 00:00:00,291.2463
04/12/2016 00:00:00,282.0628
05/12/2016 00:00:00,272.8247
06/12/2016 00:00:00,322.9654
07/12/2016 00:00:00,346.4279
08/12/2016 00:00:00,0.0000
09/12/2016 00:00:00,276.3750
10/12/2016 00:00:00,404.8617
11/12/2016 00:00:00,460.7641
12/12/2016 00:00:00,478.1115
13/12/2016 00:00:00,350.9178
14/12/2016 00:00:00,427.3402
15/12/2016 00:00:00,595.5272
16/12/2016 00:00:00,507.4939
17/12/2016 00:00:00,169.5396
18/12/2016 00:00:00,650.3499
19/12/2016 00:00:00,578.7631
20/12/2016 00:00:00,377.6507
21/12/2016 00:00:00,588.1257
22/12/2016 00:00:00,671.9138
23/12/2016 00:00:00,600.0432
24/12/2016 00:00:00,530.2668
25/12/2016 00:00:00,492.3050
26/12/2016 00:00:00,553.7578
27/12/2016 00:00:00,614.5071
28/12/2016 00:00:00,451.2188
29/12/2016 00:00:00,384.3173
30/12/2016 00:00:00,423.1487
31/12/2016 00:00:00,497.5868
01/01/2017 00:00:00,324.9497
02/01/2017 00:00:00,222.5172
03/01/2017 00:00:00,477.0079
04/01/2017 00:00:00,537.6323
05/01/2017 00:00:00,401.9147
06/01/2017 00:00:00,243.3169
07/01/2017 00:00:00,174.7458
08/01/2017 00:00:00,155.2534
09/01/2017 00:00:00,166.1463
10/01/2017 00:00:00,151.8772
11/01/2017 00:00:00,142.7283
12/01/2017 00:00:00,162.4060
13/01/2017 00:00:00,99.1553
14/01/2017 00:00:00,86.1915
15/01/2017 00:00:00,145.3954
16/01/2017 00:00:00,166.4762
17/01/2017 00:00:00,150.1418
18/01/2017 00:00:00,130.6353
19/01/2017 00:00:00,146.6717
20/01/2017 00:00:00,112.0488
21/01/2017 00:00:00,147.6797
22/01/2017 00:00:00,154.5401
23/01/2017 00:00:00,140.9813
24/01/2017 00:00:00,115.6486
25/01/2017 00:00:00,137.2318
26/01/2017 00:00:00,139.9466
27/01/2017 00:00:00,142.8584
28/01/2017 00:00:00,133.8487
29/01/2017 00:00:00,133.8167
30/01/2017 00:00:00,112.3682
31/01/2017 00:00:00,107.0613
01/02/2017 00:00:00,76.8046
02/02/2017 00:00:00,74.5059
03/02/2017 00:00:00,81.5228
04/02/2017 00:00:00,87.3262
05/02/2017 00:00:00,83.6495
06/02/2017 00:00:00,77.4296
07/02/2017 00:00:00,94.7019
08/02/2017 00:00:00,59.6566
09/02/2017 00:00:00,33.3568
10/02/2017 00:00:00,25.1762
11/02/2017 00:00:00,18.8319
12/02/2017 00:00:00,14.7081
13/02/2017 00:00:00,17.3443
14/02/2017 00:00:00,20.5174
15/02/2017 00:00:00,19.9317
16/02/2017 00:00:00,18.8918
17/02/2017 00:00:00,15.1173
18/02/2017 00:00:00,12.3013
19/02/2017 00:00:00,13.0262
20/02/2017 00:00:00,17.7482
21/02/2017 00:00:00,21.9737
22/02/2017 00:00:00,20.6679
23/02/2017 00:00:00,14.0498
24/02/2017 00:00:00,16.2088
25/02/2017 00:00:00,17.3820
26/02/2017 00:00:00,19.3569
27/02/2017 00:00:00,18.9171
28/02/2017 00:00:00,19.2206
01/03/2017 00:00:00,18.0576
02/03/2017 00:00:00,14.3906
03/03/2017 00:00:00,17.0684
04/03/2017 00:00:00,16.2538
05/03/2017 00:00:00,14.4201
06/03/2017 00:00:00,15.6084
07/03/2017 00:00:00,16.2991
08/03/2017 00:00:00,34.6934
09/03/2017 00:00:00,42.8591
10/03/2017 00:00:00,44.4592
11/03/2017 00:00:00,67.5168
12/03/2017 00:00:00,53.5218
13/03/2017 00:00:00,55.5044
14/03/2017 00:00:00,76.6175
15/03/2017 00:00:00,64.6053
16/03/2017 00:00:00,17.8486
17/03/2017 00:00:00,33.0958
18/03/2017 00:00:00,37.4731
19/03/2017 00:00:00,35.1274
20/03/2017 00:00:00,46.5486
21/03/2017 00:00:00,37.3623
22/03/2017 00:00:00,31.2297
23/03/2017 00:00:00,37.7887
24/03/2017 00:00:00,40.6999
25/03/2017 00:00:00,35.9903
26/03/2017 00:00:00,38.4447
27/03/2017 00:00:00,24.3207
28/03/2017 00:00:00,28.6671
29/03/2017 00:00:00,10.2979
30/03/2017 00:00:00,0.2421
31/03/2017 00:00:00,28.2386
01/04/2017 00:00:00,35.2589
02/04/2017 00:00:00,41.4335
03/04/2017 00:00:00,47.1711
04/04/2017 00:00:00,33.8588
05/04/2017 00:00:00,26.0354
06/04/2017 00:00:00,76.3471
07/04/2017 00:00:00,101.6664
08/04/2017 00:00:00,71.8300
09/04/2017 00:00:00,0.0000
10/04/2017 00:00:00,0.0000
11/04/2017 00:00:00,0.0000
12/04/2017 00:00:00,0.0000
13/04/2017 00:00:00,0.0000
14/04/2017 00:00:00,17.9911
15/04/2017 00:00:00,9.2959
16/04/2017 00:00:00,0.0000
17/04/2017 00:00:00,0.0000
18/04/2017 00:00:00,0.0000
19/04/2017 00:00:00,9.8614
20/04/2017 00:00:00,14.8192
21/04/2017 00:00:00,13.9990
22/04/2017 00:00:00,15.0975
23/04/2017 00:00:00,15.6997
24/04/2017 00:00:00,15.8675
25/04/2017 00:00:00,10.4281
26/04/2017 00:00:00,0.0000
27/04/2017 00:00:00,4.0851
28/04/2017 00:00:00,30.7119
29/04/2017 00:00:00,16.6818
30/04/2017 00:00:00,0.0000
01/05/2017 00:00:00,0.0000
02/05/2017 00:00:00,0.0000
03/05/2017 00:00:00,0.0000
04/05/2017 00:00:00,9.8177
05/05/2017 00:00:00,15.1818
06/05/2017 00:00:00,17.4297
07/05/2017 00:00:00,22.9569
08/05/2017 00:00:00,24.4694
09/05/2017 00:00:00,18.5916
10/05/2017 00:00:00,15.2656
11/05/2017 00:00:00,14.6647
12/05/2017 00:00:00,14.3738
13/05/2017 00:00:00,14.7600
14/05/2017 00:00:00,15.0181
15/05/2017 00:00:00,15.5740
16/05/2017 00:00:00,18.4842
17/05/2017 00:00:00,16.7897
18/05/2017 00:00:00,14.7328
19/05/2017 00:00:00,15.3241
20/05/2017 00:00:00,15.0789
21/05/2017 00:00:00,15.0303
22/05/2017 00:00:00,16.2989
23/05/2017 00:00:00,13.1314
24/05/2017 00:00:00,11.6229
25/05/2017 00:00:00,13.4441
26/05/2017 00:00:00,14.4859
27/05/2017 00:00:00,5.3579
28/05/2017 00:00:00,0.0000
29/05/2017 00:00:00,0.0000
30/05/2017 00:00:00,0.0000
31/05/2017 00:00:00,27.4410
01/06/2017 00:00:00,19.3874
02/06/2017 00:00:00,13.3398
03/06/2017 00:00:00,13.2948
04/06/2017 00:00:00,12.6336
05/06/2017 00:00:00,11.8868
06/06/2017 00:00:00,11.9216
07/06/2017 00:00:00,12.6870
08/06/2017 00:00:00,12.4025
09/06/2017 00:00:00,12.5636
10/06/2017 00:00:00,12.6695
11/06/2017 00:00:00,12.6828
12/06/2017 00:00:00,12.1406
13/06/2017 00:00:00,12.4283
14/06/2017 00:00:00,12.6377
15/06/2017 00:00:00,11.9217
16/06/2017 00:00:00,11.7433
17/06/2017 00:00:00,11.4360
18/06/2017 00:00:00,11.4609
19/06/2017 00:00:00,11.9342
20/06/2017 00:00:00,12.1962
21/06/2017 00:00:00,12.1077
22/06/2017 00:00:00,13.0243
23/06/2017 00:00:00,12.5151
24/06/2017 00:00:00,12.2197
25/06/2017 00:00:00,11.7253
26/06/2017 00:00:00,12.1764
27/06/2017 00:00:00,12.7947
28/06/2017 00:00:00,12.1963
29/06/2017 00:00:00,10.7205
30/06/2017 00:00:00,62.4344
