FVC file = MER_Scen2_20170701_20200701.fvc, Simulation Execution: 06/12/2020 11:56:13
Nodestring coordinates,X,Y,ZB,Chain,Length,LeftCellID,RightCellID,NSID,ID
, 0.31405200000000E+06, 0.60561900000000E+07, -0.2416100E+02,  0.0000000E+00,  0.1521045E+05,          86,           0,           1,           1
, 0.31387781200000E+06, 0.60562885600000E+07, -0.2400000E+02,  0.2001388E+03,  0.1521045E+05,          84,           0,           1,           1
, 0.31370362400000E+06, 0.60563871200000E+07, -0.2400000E+02,  0.4002776E+03,  0.1521045E+05,          83,           0,           1,           1
, 0.31352943600000E+06, 0.60564856700000E+07, -0.2400000E+02,  0.6004114E+03,  0.1521045E+05,          82,           0,           1,           1
, 0.31335524900000E+06, 0.60565842300000E+07, -0.2464015E+02,  0.8005493E+03,  0.1521045E+05,          81,           0,           1,           1
, 0.31318106100000E+06, 0.60566827900000E+07, -0.2586670E+02,  0.1000688E+04,  0.1521045E+05,          80,           0,           1,           1
, 0.31300687300000E+06, 0.60567813500000E+07, -0.2578718E+02,  0.1200827E+04,  0.1521045E+05,          79,           0,           1,           1
, 0.31283268500000E+06, 0.60568799100000E+07, -0.2514872E+02,  0.1400966E+04,  0.1521045E+05,          78,           0,           1,           1
, 0.31265849700000E+06, 0.60569784700000E+07, -0.2600000E+02,  0.1601104E+04,  0.1521045E+05,          77,           0,           1,           1
, 0.31248430900000E+06, 0.60570770200000E+07, -0.2699862E+02,  0.1801238E+04,  0.1521045E+05,          76,           0,           1,           1
, 0.31231012100000E+06, 0.60571755800000E+07, -0.2639368E+02,  0.2001377E+04,  0.1521045E+05,          75,           0,           1,           1
, 0.31213593300000E+06, 0.60572741400000E+07, -0.2454452E+02,  0.2201516E+04,  0.1521045E+05,          74,           0,           1,           1
, 0.31196174600000E+06, 0.60573727000000E+07, -0.2230534E+02,  0.2401654E+04,  0.1521045E+05,          73,           0,           1,           1
, 0.31178755800000E+06, 0.60574712600000E+07, -0.2400000E+02,  0.2601792E+04,  0.1521045E+05,          72,           0,           1,           1
, 0.31161337000000E+06, 0.60575698200000E+07, -0.2464523E+02,  0.2801931E+04,  0.1521045E+05,          71,           0,           1,           1
, 0.31143918200000E+06, 0.60576683700000E+07, -0.2318441E+02,  0.3002065E+04,  0.1521045E+05,          70,           0,           1,           1
, 0.31126499400000E+06, 0.60577669300000E+07, -0.2589266E+02,  0.3202204E+04,  0.1521045E+05,          69,           0,           1,           1
, 0.31109080600000E+06, 0.60578654900000E+07, -0.2557066E+02,  0.3402342E+04,  0.1521045E+05,          68,           0,           1,           1
, 0.31091410900000E+06, 0.60579594600000E+07, -0.2600000E+02,  0.3602473E+04,  0.1521045E+05,          67,           0,           1,           1
, 0.31073714400000E+06, 0.60580529400000E+07, -0.2600000E+02,  0.3802610E+04,  0.1521045E+05,          66,           0,           1,           1
, 0.31056017900000E+06, 0.60581464200000E+07, -0.2676791E+02,  0.4002748E+04,  0.1521045E+05,          65,           0,           1,           1
, 0.31038321300000E+06, 0.60582399000000E+07, -0.2846508E+02,  0.4202887E+04,  0.1521045E+05,          64,           0,           1,           1
, 0.31020624800000E+06, 0.60583333800000E+07, -0.2725514E+02,  0.4403024E+04,  0.1521045E+05,          63,           0,           1,           1
, 0.31002928300000E+06, 0.60584268600000E+07, -0.2602053E+02,  0.4603162E+04,  0.1521045E+05,          62,           0,           1,           1
, 0.30985231800000E+06, 0.60585203400000E+07, -0.2581322E+02,  0.4803300E+04,  0.1521045E+05,          61,           0,           1,           1
, 0.30967535300000E+06, 0.60586138200000E+07, -0.2700000E+02,  0.5003438E+04,  0.1521045E+05,          60,           0,           1,           1
, 0.30949838800000E+06, 0.60587073000000E+07, -0.2700000E+02,  0.5203575E+04,  0.1521045E+05,          59,           0,           1,           1
, 0.30932142200000E+06, 0.60588007800000E+07, -0.2700000E+02,  0.5403714E+04,  0.1521045E+05,          58,           0,           1,           1
, 0.30914445700000E+06, 0.60588942600000E+07, -0.2700000E+02,  0.5603852E+04,  0.1521045E+05,          57,           0,           1,           1
, 0.30896749200000E+06, 0.60589877400000E+07, -0.2700000E+02,  0.5803989E+04,  0.1521045E+05,          56,           0,           1,           1
, 0.30879052700000E+06, 0.60590812200000E+07, -0.2794260E+02,  0.6004127E+04,  0.1521045E+05,          54,           0,           1,           1
, 0.30861356200000E+06, 0.60591747000000E+07, -0.2794215E+02,  0.6204265E+04,  0.1521045E+05,          53,           0,           1,           1
, 0.30843659600000E+06, 0.60592681800000E+07, -0.2776861E+02,  0.6404403E+04,  0.1521045E+05,          51,           0,           1,           1
, 0.30825963100000E+06, 0.60593616600000E+07, -0.2615830E+02,  0.6604541E+04,  0.1521045E+05,          49,           0,           1,           1
, 0.30808266600000E+06, 0.60594551400000E+07, -0.2490699E+02,  0.6804679E+04,  0.1521045E+05,          47,           0,           1,           1
, 0.30790570100000E+06, 0.60595486200000E+07, -0.2424617E+02,  0.7004816E+04,  0.1521045E+05,          45,           0,           1,           1
, 0.30772792200000E+06, 0.60596405200000E+07, -0.2600000E+02,  0.7204944E+04,  0.1521045E+05,          44,           0,           1,           1
, 0.30754930700000E+06, 0.60597308100000E+07, -0.2522044E+02,  0.7405083E+04,  0.1521045E+05,          42,           0,           1,           1
, 0.30737069200000E+06, 0.60598211000000E+07, -0.2288174E+02,  0.7605222E+04,  0.1521045E+05,          41,           0,           1,           1
, 0.30719207700000E+06, 0.60599113900000E+07, -0.2600000E+02,  0.7805361E+04,  0.1521045E+05,          40,           0,           1,           1
, 0.30701346300000E+06, 0.60600016700000E+07, -0.2630068E+02,  0.8005495E+04,  0.1521045E+05,          39,           0,           1,           1
, 0.30683484800000E+06, 0.60600919600000E+07, -0.2533442E+02,  0.8205634E+04,  0.1521045E+05,          38,           0,           1,           1
, 0.30665623300000E+06, 0.60601822500000E+07, -0.2683646E+02,  0.8405772E+04,  0.1521045E+05,          37,           0,           1,           1
, 0.30647761800000E+06, 0.60602725400000E+07, -0.2634583E+02,  0.8605911E+04,  0.1521045E+05,          36,           0,           1,           1
, 0.30629900300000E+06, 0.60603628200000E+07, -0.2578058E+02,  0.8806046E+04,  0.1521045E+05,          35,           0,           1,           1
, 0.30612038800000E+06, 0.60604531100000E+07, -0.2481487E+02,  0.9006185E+04,  0.1521045E+05,          34,           0,           1,           1
, 0.30594177300000E+06, 0.60605434000000E+07, -0.2367833E+02,  0.9206323E+04,  0.1521045E+05,          33,           0,           1,           1
, 0.30576315800000E+06, 0.60606336900000E+07, -0.2500000E+02,  0.9406462E+04,  0.1521045E+05,          32,           0,           1,           1
, 0.30558454400000E+06, 0.60607239700000E+07, -0.2472286E+02,  0.9606596E+04,  0.1521045E+05,          31,           0,           1,           1
, 0.30540592900000E+06, 0.60608142600000E+07, -0.2389145E+02,  0.9806734E+04,  0.1521045E+05,          30,           0,           1,           1
, 0.30522731400000E+06, 0.60609045500000E+07, -0.2363901E+02,  0.1000687E+05,  0.1521045E+05,          29,           0,           1,           1
, 0.30504869900000E+06, 0.60609948400000E+07, -0.2426186E+02,  0.1020701E+05,  0.1521045E+05,          28,           0,           1,           1
, 0.30487008400000E+06, 0.60610851300000E+07, -0.2494998E+02,  0.1040715E+05,  0.1521045E+05,          27,           0,           1,           1
, 0.30469146900000E+06, 0.60611754100000E+07, -0.2479991E+02,  0.1060729E+05,  0.1521045E+05,          26,           0,           1,           1
, 0.30451285400000E+06, 0.60612657000000E+07, -0.2500000E+02,  0.1080742E+05,  0.1521045E+05,          25,           0,           1,           1
, 0.30433429500000E+06, 0.60613561000000E+07, -0.2500000E+02,  0.1100756E+05,  0.1521045E+05,          23,           0,           1,           1
, 0.30415618600000E+06, 0.60614473800000E+07, -0.2513753E+02,  0.1120770E+05,  0.1521045E+05,          22,           0,           1,           1
, 0.30397807700000E+06, 0.60615386600000E+07, -0.2419517E+02,  0.1140784E+05,  0.1521045E+05,          21,           0,           1,           1
, 0.30379996700000E+06, 0.60616299400000E+07, -0.2330764E+02,  0.1160797E+05,  0.1521045E+05,          19,           0,           1,           1
, 0.30362185800000E+06, 0.60617212200000E+07, -0.2300000E+02,  0.1180811E+05,  0.1521045E+05,          18,           0,           1,           1
, 0.30344374900000E+06, 0.60618125000000E+07, -0.2300000E+02,  0.1200825E+05,  0.1521045E+05,          17,           0,           1,           1
, 0.30326563900000E+06, 0.60619037800000E+07, -0.2400000E+02,  0.1220838E+05,  0.1521045E+05,          16,           0,           1,           1
, 0.30308753000000E+06, 0.60619950700000E+07, -0.2400000E+02,  0.1240853E+05,  0.1521045E+05,          15,           0,           1,           1
, 0.30290942100000E+06, 0.60620863500000E+07, -0.2397880E+02,  0.1260866E+05,  0.1521045E+05,          14,           0,           1,           1
, 0.30273131200000E+06, 0.60621776300000E+07, -0.2391520E+02,  0.1280880E+05,  0.1521045E+05,          13,           0,           1,           1
, 0.30255320200000E+06, 0.60622689100000E+07, -0.2400000E+02,  0.1300894E+05,  0.1521045E+05,          12,           0,           1,           1
, 0.30237509300000E+06, 0.60623601900000E+07, -0.2330532E+02,  0.1320907E+05,  0.1521045E+05,          11,           0,           1,           1
, 0.30219698400000E+06, 0.60624514700000E+07, -0.2307376E+02,  0.1340921E+05,  0.1521045E+05,          10,           0,           1,           1
, 0.30201887400000E+06, 0.60625427500000E+07, -0.2202695E+02,  0.1360935E+05,  0.1521045E+05,           8,           0,           1,           1
, 0.30184076500000E+06, 0.60626340300000E+07, -0.2127695E+02,  0.1380949E+05,  0.1521045E+05,           7,           0,           1,           1
, 0.30166265600000E+06, 0.60627253100000E+07, -0.2100000E+02,  0.1400962E+05,  0.1521045E+05,           6,           0,           1,           1
, 0.30148454600000E+06, 0.60628165900000E+07, -0.2188535E+02,  0.1420976E+05,  0.1521045E+05,           5,           0,           1,           1
, 0.30130643700000E+06, 0.60629078800000E+07, -0.2200000E+02,  0.1440990E+05,  0.1521045E+05,           4,           0,           1,           1
, 0.30112832800000E+06, 0.60629991600000E+07, -0.2200000E+02,  0.1461004E+05,  0.1521045E+05,           3,           0,           1,           1
, 0.30095021900000E+06, 0.60630904400000E+07, -0.2200000E+02,  0.1481017E+05,  0.1521045E+05,           2,           0,           1,           1
, 0.30077210900000E+06, 0.60631817200000E+07, -0.2200000E+02,  0.1501031E+05,  0.1521045E+05,           1,           0,           1,           1
, 0.30059400000000E+06, 0.60632730000000E+07, -0.2288230E+02,  0.1521045E+05,  0.1521045E+05,,,           1,           1
, 0.30103748200000E+06, 0.60661706800000E+07,  0.1301935E+00,  0.0000000E+00,  0.6645172E+03,        4405,           0,           2,           2
, 0.30108762500000E+06, 0.60662694300000E+07, -0.3204761E+00,  0.1107514E+03,  0.6645172E+03,        4406,           0,           2,           2
, 0.30113776800000E+06, 0.60663681800000E+07, -0.9433740E+00,  0.2215029E+03,  0.6645172E+03,        4407,           0,           2,           2
, 0.30118791000000E+06, 0.60664669300000E+07, -0.2155623E+01,  0.3322539E+03,  0.6645172E+03,        4408,           0,           2,           2
, 0.30123805300000E+06, 0.60665656800000E+07, -0.2827882E+01,  0.4430054E+03,  0.6645172E+03,        4410,           0,           2,           2
, 0.30128819600000E+06, 0.60666644300000E+07, -0.1878192E+01,  0.5537568E+03,  0.6645172E+03,        4409,           0,           2,           2
, 0.30133833900000E+06, 0.60667631900000E+07,  0.1969130E+01,  0.6645172E+03,  0.6645172E+03,,,           2,           2
, 0.30975906900000E+06, 0.60653012400000E+07,  0.5306485E+00,  0.0000000E+00,  0.7005275E+03,        4042,           0,           3,           3
, 0.30982322600000E+06, 0.60652276800000E+07,  0.5041212E+00,  0.9760735E+02,  0.7005275E+03,        4045,           0,           3,           3
, 0.30988660700000E+06, 0.60651497000000E+07,  0.7096186E+00,  0.1980963E+03,  0.7005275E+03,        4103,           0,           3,           3
, 0.30994998900000E+06, 0.60650717200000E+07,  0.1032815E+01,  0.2985859E+03,  0.7005275E+03,        4152,           0,           3,           3
, 0.31001337000000E+06, 0.60649937500000E+07,  0.4259708E+00,  0.3990671E+03,  0.7005275E+03,        4202,           0,           3,           3
, 0.31007675200000E+06, 0.60649157700000E+07, -0.5044401E+00,  0.4995567E+03,  0.7005275E+03,        4249,           0,           3,           3
, 0.31014013300000E+06, 0.60648378000000E+07,  0.1290055E+01,  0.6000379E+03,  0.7005275E+03,        4253,           0,           3,           3
, 0.31020351500000E+06, 0.60647598200000E+07,  0.1088366E+01,  0.7005275E+03,  0.7005275E+03,,,           3,           3
, 0.31359041200000E+06, 0.60634484600000E+07,  0.9516593E+00,  0.0000000E+00,  0.9305773E+02,        4565,           0,           4,           4
, 0.31362564500000E+06, 0.60633623300000E+07,  0.3109002E+00,  0.9305773E+02,  0.9305773E+02,,,           4,           4
, 0.31538000100000E+06, 0.60626248300000E+07,  0.4467273E+00,  0.0000000E+00,  0.1008001E+04,        4321,           0,           5,           5
, 0.31549064100000E+06, 0.60625645500000E+07,  0.2201586E+00,  0.1259956E+03,  0.1008001E+04,        4336,           0,           5,           5
, 0.31560207100000E+06, 0.60625057300000E+07,  0.7450000E-01,  0.2519973E+03,  0.1008001E+04,        4367,           0,           5,           5
, 0.31571365900000E+06, 0.60624472100000E+07,  0.2051751E+00,  0.3779992E+03,  0.1008001E+04,        4396,           0,           5,           5
, 0.31582518300000E+06, 0.60623885700000E+07,  0.4788622E-02,  0.5040002E+03,  0.1008001E+04,        4411,           0,           5,           5
, 0.31593657500000E+06, 0.60623296800000E+07,  0.1757599E+00,  0.6300010E+03,  0.1008001E+04,        4425,           0,           5,           5
, 0.31604777600000E+06, 0.60622704300000E+07,  0.2913622E+00,  0.7560020E+03,  0.1008001E+04,        4450,           0,           5,           5
, 0.31615891100000E+06, 0.60622110600000E+07,  0.4925599E+00,  0.8820011E+03,  0.1008001E+04,        4473,           0,           5,           5
, 0.31626994500000E+06, 0.60621515000000E+07,  0.4676569E+00,  0.1008001E+04,  0.1008001E+04,,,           5,           5
, 0.31897452400000E+06, 0.60605095200000E+07,  0.2813754E+00,  0.0000000E+00,  0.1627889E+04,        4842,           0,           6,           6
, 0.31907993800000E+06, 0.60604419300000E+07, -0.1849044E+00,  0.1252219E+03,  0.1627889E+04,        4843,           0,           6,           6
, 0.31918529200000E+06, 0.60603742500000E+07, -0.1512068E+00,  0.2504419E+03,  0.1627889E+04,        4863,           0,           6,           6
, 0.31929065400000E+06, 0.60603065800000E+07, -0.4792298E-01,  0.3756632E+03,  0.1627889E+04,        4882,           0,           6,           6
, 0.31939593100000E+06, 0.60602387700000E+07, -0.9318672E-01,  0.5008887E+03,  0.1627889E+04,        4900,           0,           6,           6
, 0.31950096700000E+06, 0.60601706000000E+07, -0.2879297E+00,  0.6261074E+03,  0.1627889E+04,        4917,           0,           6,           6
, 0.31960573400000E+06, 0.60601020100000E+07, -0.4423567E+00,  0.7513300E+03,  0.1627889E+04,        4925,           0,           6,           6
, 0.31971016700000E+06, 0.60600329100000E+07, -0.4341614E+00,  0.8765541E+03,  0.1627889E+04,        4939,           0,           6,           6
, 0.31981456700000E+06, 0.60599637600000E+07, -0.4620547E+00,  0.1001778E+04,  0.1627889E+04,        4955,           0,           6,           6
, 0.31991894700000E+06, 0.60598945800000E+07, -0.3374450E+00,  0.1127002E+04,  0.1627889E+04,        4960,           0,           6,           6
, 0.32002333400000E+06, 0.60598254200000E+07, -0.2008744E+00,  0.1252221E+04,  0.1627889E+04,        4970,           0,           6,           6
, 0.32012772600000E+06, 0.60597562600000E+07, -0.9639592E-01,  0.1377444E+04,  0.1627889E+04,        4980,           0,           6,           6
, 0.32023325300000E+06, 0.60596888400000E+07,  0.2783383E+00,  0.1502669E+04,  0.1627889E+04,        4991,           0,           6,           6
, 0.32033895800000E+06, 0.60596217100000E+07,  0.4161121E+00,  0.1627889E+04,  0.1627889E+04,,,           6,           6
, 0.37875800000000E+06, 0.60013503000000E+07,  0.3383853E+01,  0.0000000E+00,  0.6696932E+02,       26248,           0,           7,           7
, 0.37877356700000E+06, 0.60013343000000E+07,  0.2802171E+01,  0.2232334E+02,  0.6696932E+02,       26249,           0,           7,           7
, 0.37878913300000E+06, 0.60013183000000E+07,  0.3147346E+01,  0.4464598E+02,  0.6696932E+02,       26250,           0,           7,           7
, 0.37880470000000E+06, 0.60013023000000E+07,  0.3102666E+01,  0.6696932E+02,  0.6696932E+02,,,           7,           7
, 0.32046598300000E+06, 0.60583307300000E+07,  0.2984759E+00,  0.0000000E+00,  0.9538099E+03,        5118,        5133,           8,           8
, 0.32055777200000E+06, 0.60583700500000E+07, -0.1229491E+00,  0.9985631E+02,  0.9538099E+03,        5128,        5134,           8,           8
, 0.32061738600000E+06, 0.60584647200000E+07, -0.8322049E-02,  0.2117323E+03,  0.9538099E+03,        5126,        5143,           8,           8
, 0.32066969000000E+06, 0.60585425500000E+07,  0.1512062E+00,  0.3055045E+03,  0.9538099E+03,        5136,        5142,           8,           8
, 0.32081117300000E+06, 0.60585808000000E+07,  0.1596415E+00,  0.4520667E+03,  0.9538099E+03,        5135,        5138,           8,           8
, 0.32081010100000E+06, 0.60587357500000E+07, -0.2010194E-01,  0.6070204E+03,  0.9538099E+03,        5121,        5137,           8,           8
, 0.32082859300000E+06, 0.60587743100000E+07, -0.5836810E+00,  0.6497852E+03,  0.9538099E+03,        5123,        5139,           8,           8
, 0.32084708600000E+06, 0.60588128800000E+07, -0.1071200E+01,  0.6925594E+03,  0.9538099E+03,        5124,        5140,           8,           8
, 0.32086557900000E+06, 0.60588514400000E+07, -0.1700411E+01,  0.7353247E+03,  0.9538099E+03,        5129,        5141,           8,           8
, 0.32088407100000E+06, 0.60588900000000E+07, -0.1714682E+01,  0.7780895E+03,  0.9538099E+03,        5130,        5144,           8,           8
, 0.32090256400000E+06, 0.60589285600000E+07, -0.4424057E+00,  0.8208547E+03,  0.9538099E+03,        5131,        5132,           8,           8
, 0.32095668800000E+06, 0.60590500000000E+07,  0.2749197E+00,  0.9538099E+03,  0.9538099E+03,,,           8,           8
, 0.35513567600000E+06, 0.60257064000000E+07, -0.2664384E+00,  0.0000000E+00,  0.1766039E+03,       13612,       13619,           9,           9
, 0.35516909700000E+06, 0.60257178300000E+07, -0.5857487E+00,  0.3532150E+02,  0.1766039E+03,       13613,       13620,           9,           9
, 0.35520251900000E+06, 0.60257292500000E+07, -0.8682708E+00,  0.7064070E+02,  0.1766039E+03,       13614,       13618,           9,           9
, 0.35523594100000E+06, 0.60257406800000E+07, -0.1537385E+00,  0.1059632E+03,  0.1766039E+03,       13611,       13617,           9,           9
, 0.35526936200000E+06, 0.60257521100000E+07,  0.1134315E+01,  0.1412846E+03,  0.1766039E+03,       13610,       13615,           9,           9
, 0.35530278400000E+06, 0.60257635300000E+07,  0.4240191E+00,  0.1766039E+03,  0.1766039E+03,,,           9,           9
, 0.37554260000000E+06, 0.59992185000000E+07,  0.2649397E-02,  0.0000000E+00,  0.1427676E+04,       25006,       25009,          10,          10
, 0.37575466700000E+06, 0.59993264200000E+07, -0.1555919E+01,  0.2379478E+03,  0.1427676E+04,       24971,       25008,          10,          10
, 0.37596673300000E+06, 0.59994343300000E+07, -0.1924936E+01,  0.4758901E+03,  0.1427676E+04,       24972,       25010,          10,          10
, 0.37617880000000E+06, 0.59995422500000E+07, -0.1973718E+01,  0.7138379E+03,  0.1427676E+04,       24973,       25011,          10,          10
, 0.37639086700000E+06, 0.59996501700000E+07, -0.1266847E+01,  0.9517856E+03,  0.1427676E+04,       25012,       25013,          10,          10
, 0.37660293300000E+06, 0.59997580800000E+07,  0.1365066E+00,  0.1189728E+04,  0.1427676E+04,       25016,       25057,          10,          10
, 0.37681500000000E+06, 0.59998660000000E+07,  0.1509702E+01,  0.1427676E+04,  0.1427676E+04,,,          10,          10
, 0.37766432800000E+06, 0.60006432000000E+07,  0.2767897E+01,  0.0000000E+00,  0.3182283E+03,       25412,       25436,          11,          11
, 0.37766954200000E+06, 0.60006101200000E+07,  0.1549106E+01,  0.3348839E+02,  0.3182283E+03,       25437,       25439,          11,          11
, 0.37768206400000E+06, 0.60005806800000E+07,  0.6347153E+00,  0.6548080E+02,  0.3182283E+03,       25440,       25461,          11,          11
, 0.37769157500000E+06, 0.60005496600000E+07,  0.6996838E+00,  0.9792613E+02,  0.3182283E+03,       25448,       25450,          11,          11
, 0.37770399400000E+06, 0.60005190900000E+07,  0.5908260E+00,  0.1309224E+03,  0.3182283E+03,       25427,       25449,          11,          11
, 0.37770829100000E+06, 0.60004879000000E+07,  0.7366239E+00,  0.1624070E+03,  0.3182283E+03,       25426,       25431,          11,          11
, 0.37771972600000E+06, 0.60004662900000E+07,  0.1203480E+01,  0.1868560E+03,  0.3182283E+03,       25405,       25430,          11,          11
, 0.37773116100000E+06, 0.60004446800000E+07,  0.1285080E+01,  0.2113050E+03,  0.3182283E+03,       25403,       25428,          11,          11
, 0.37774259500000E+06, 0.60004230600000E+07,  0.1613354E+01,  0.2357623E+03,  0.3182283E+03,       25404,       25406,          11,          11
, 0.37774710300000E+06, 0.60003883000000E+07,  0.1263719E+01,  0.2708134E+03,  0.3182283E+03,       25367,       25407,          11,          11
, 0.37775832800000E+06, 0.60003615000000E+07,  0.1647209E+01,  0.2998692E+03,  0.3182283E+03,       25369,       25408,          11,          11
, 0.37776972900000E+06, 0.60003471100000E+07,  0.1406607E+01,  0.3182283E+03,  0.3182283E+03,,,          11,          11
, 0.35526640200000E+06, 0.60258052500000E+07,  0.2681479E+01,  0.0000000E+00,  0.1681267E+03,       13605,       13610,          12,          12
, 0.35523283200000E+06, 0.60258071900000E+07,  0.1235532E+01,  0.3362601E+02,  0.1681267E+03,       13609,       13611,          12,          12
, 0.35519926200000E+06, 0.60258091200000E+07, -0.9985032E+00,  0.6725145E+02,  0.1681267E+03,       13608,       13614,          12,          12
, 0.35516569300000E+06, 0.60258110500000E+07, -0.8441368E+00,  0.1008759E+03,  0.1681267E+03,       13607,       13613,          12,          12
, 0.35513212300000E+06, 0.60258129800000E+07, -0.2229321E+00,  0.1345013E+03,  0.1681267E+03,       13606,       13612,          12,          12
, 0.35509855300000E+06, 0.60258149100000E+07,  0.1254061E+00,  0.1681267E+03,  0.1681267E+03,,,          12,          12
, 0.35528185000000E+06, 0.60258594700000E+07,  0.2814434E+01,  0.0000000E+00,  0.1859907E+03,       13604,       13605,          13,          13
, 0.35524740100000E+06, 0.60258735100000E+07, -0.2961433E+00,  0.3720020E+02,  0.1859907E+03,       13603,       13609,          13,          13
, 0.35521295300000E+06, 0.60258875400000E+07, -0.1236591E+01,  0.7439571E+02,  0.1859907E+03,       13602,       13608,          13,          13
, 0.35517850500000E+06, 0.60259015800000E+07, -0.7602644E+00,  0.1115950E+03,  0.1859907E+03,       13601,       13607,          13,          13
, 0.35514405600000E+06, 0.60259156200000E+07, -0.1234989E+00,  0.1487952E+03,  0.1859907E+03,       13599,       13606,          13,          13
, 0.35510960800000E+06, 0.60259296500000E+07,  0.4000653E+00,  0.1859907E+03,  0.1859907E+03,,,          13,          13
, 0.35127708400000E+06, 0.60320879500000E+07,  0.9502828E+00,  0.0000000E+00,  0.7499011E+03,       11285,       11333,          14,          14
, 0.35127502200000E+06, 0.60320308700000E+07,  0.2649041E+00,  0.5711723E+02,  0.7499011E+03,       11286,       11303,          14,          14
, 0.35126330400000E+06, 0.60319759800000E+07,  0.1425572E+00,  0.1132441E+03,  0.7499011E+03,       11259,       11302,          14,          14
, 0.35124009000000E+06, 0.60319237900000E+07, -0.1690000E-01,  0.1703640E+03,  0.7499011E+03,       11260,       11261,          14,          14
, 0.35121678300000E+06, 0.60318716500000E+07, -0.1843978E+00,  0.2274762E+03,  0.7499011E+03,       11224,       11225,          14,          14
, 0.35118662200000E+06, 0.60318231500000E+07, -0.2000989E+00,  0.2845895E+03,  0.7499011E+03,       11188,       11220,          14,          14
, 0.35117061800000E+06, 0.60317987900000E+07, -0.2435508E+00,  0.3137363E+03,  0.7499011E+03,       11185,       11190,          14,          14
, 0.35115461300000E+06, 0.60317744400000E+07, -0.2733919E+00,  0.3428753E+03,  0.7499011E+03,       11146,       11171,          14,          14
, 0.35113860800000E+06, 0.60317500800000E+07, -0.2652341E+00,  0.3720227E+03,  0.7499011E+03,       11131,       11140,          14,          14
, 0.35112260400000E+06, 0.60317257300000E+07, -0.1977288E+00,  0.4011612E+03,  0.7499011E+03,       11093,       11139,          14,          14
, 0.35110659900000E+06, 0.60317013800000E+07, -0.1704855E+00,  0.4303002E+03,  0.7499011E+03,       11092,       11138,          14,          14
, 0.35109059500000E+06, 0.60316770200000E+07, -0.1929740E+00,  0.4594470E+03,  0.7499011E+03,       11088,       11135,          14,          14
, 0.35107459000000E+06, 0.60316526700000E+07, -0.1964691E+00,  0.4885860E+03,  0.7499011E+03,       11085,       11132,          14,          14
, 0.35105858600000E+06, 0.60316283100000E+07, -0.2130998E+00,  0.5177328E+03,  0.7499011E+03,       11133,       11134,          14,          14
, 0.35103863400000E+06, 0.60315535400000E+07,  0.1508890E-01,  0.5951191E+03,  0.7499011E+03,       11176,       11177,          14,          14
, 0.35101868200000E+06, 0.60314787600000E+07,  0.5655395E+00,  0.6725151E+03,  0.7499011E+03,       11213,       11214,          14,          14
, 0.35099873100000E+06, 0.60314039900000E+07,  0.1402063E+01,  0.7499011E+03,  0.7499011E+03,,,          14,          14
, 0.35137496400000E+06, 0.60320817200000E+07,  0.8748561E+00,  0.0000000E+00,  0.7507524E+03,       11333,       11354,          15,          15
, 0.35136234600000E+06, 0.60320146500000E+07,  0.2707000E+00,  0.6824660E+02,  0.7507524E+03,       11303,       11352,          15,          15
, 0.35134848000000E+06, 0.60319478400000E+07,  0.7180000E-01,  0.1364803E+03,  0.7507524E+03,       11302,       11304,          15,          15
, 0.35133371700000E+06, 0.60318812200000E+07, -0.1801892E+00,  0.2047165E+03,  0.7507524E+03,       11261,       11262,          15,          15
, 0.35131683900000E+06, 0.60318151300000E+07, -0.2476050E+00,  0.2729276E+03,  0.7507524E+03,       11225,       11256,          15,          15
, 0.35129087400000E+06, 0.60317520200000E+07, -0.2467000E+00,  0.3411702E+03,  0.7507524E+03,       11220,       11226,          15,          15
, 0.35127466800000E+06, 0.60317263400000E+07, -0.4043338E+00,  0.3715363E+03,  0.7507524E+03,       11190,       11206,          15,          15
, 0.35125846300000E+06, 0.60317006600000E+07, -0.3863077E+00,  0.4019018E+03,  0.7507524E+03,       11171,       11184,          15,          15
, 0.35124225700000E+06, 0.60316749800000E+07, -0.3388067E+00,  0.4322679E+03,  0.7507524E+03,       11140,       11183,          15,          15
, 0.35122605100000E+06, 0.60316492900000E+07, -0.2650042E+00,  0.4626424E+03,  0.7507524E+03,       11139,       11182,          15,          15
, 0.35120984600000E+06, 0.60316236100000E+07, -0.2180117E+00,  0.4930079E+03,  0.7507524E+03,       11138,       11180,          15,          15
, 0.35119364000000E+06, 0.60315979300000E+07, -0.2042000E+00,  0.5233739E+03,  0.7507524E+03,       11135,       11175,          15,          15
, 0.35117743400000E+06, 0.60315722500000E+07, -0.1783711E+00,  0.5537399E+03,  0.7507524E+03,       11132,       11172,          15,          15
, 0.35116122900000E+06, 0.60315465600000E+07, -0.1547054E+00,  0.5841139E+03,  0.7507524E+03,       11133,       11174,          15,          15
, 0.35114762000000E+06, 0.60314927100000E+07, -0.3088526E-01,  0.6396569E+03,  0.7507524E+03,       11176,       11178,          15,          15
, 0.35113401200000E+06, 0.60314388600000E+07,  0.4725544E+00,  0.6951997E+03,  0.7507524E+03,       11213,       11215,          15,          15
, 0.35112040300000E+06, 0.60313850000000E+07,  0.3495954E+00,  0.7507524E+03,  0.7507524E+03,,,          15,          15
, 0.35180053700000E+06, 0.60328133500000E+07,  0.1265186E+00,  0.0000000E+00,  0.6067675E+03,       10974,       11019,          16,          16
, 0.35176946900000E+06, 0.60327535200000E+07,  0.7077305E-01,  0.6741550E+02,  0.6067675E+03,       11016,       11020,          16,          16
, 0.35173840000000E+06, 0.60326936800000E+07,  0.2840000E-01,  0.1348403E+03,  0.6067675E+03,       11017,       11061,          16,          16
, 0.35170733200000E+06, 0.60326338500000E+07,  0.1587568E-01,  0.2022558E+03,  0.6067675E+03,       11018,       11062,          16,          16
, 0.35167626400000E+06, 0.60325740100000E+07,  0.2489848E-01,  0.2696802E+03,  0.6067675E+03,       11059,       11063,          16,          16
, 0.35164519500000E+06, 0.60325141800000E+07,  0.5743106E-01,  0.3370962E+03,  0.6067675E+03,       11060,       11108,          16,          16
, 0.35161412700000E+06, 0.60324543500000E+07,  0.1529970E+00,  0.4045117E+03,  0.6067675E+03,       11100,       11106,          16,          16
, 0.35158305900000E+06, 0.60323945100000E+07,  0.3369997E+00,  0.4719360E+03,  0.6067675E+03,       11104,       11107,          16,          16
, 0.35155199000000E+06, 0.60323346800000E+07,  0.1603400E+01,  0.5393520E+03,  0.6067675E+03,       11105,       11149,          16,          16
, 0.35152092200000E+06, 0.60322748500000E+07,  0.2517619E+01,  0.6067675E+03,  0.6067675E+03,,,          16,          16
, 0.35191208200000E+06, 0.60327580800000E+07,  0.5740417E+00,  0.0000000E+00,  0.5864555E+03,       11019,       11064,          17,          17
, 0.35187859500000E+06, 0.60327021800000E+07,  0.1340673E+00,  0.6516279E+02,  0.5864555E+03,       11020,       11066,          17,          17
, 0.35184510900000E+06, 0.60326462800000E+07,  0.6129234E-01,  0.1303251E+03,  0.5864555E+03,       11061,       11067,          17,          17
, 0.35181162200000E+06, 0.60325903800000E+07,  0.2469763E-01,  0.1954879E+03,  0.5864555E+03,       11062,       11109,          17,          17
, 0.35177813500000E+06, 0.60325344800000E+07,  0.4980662E-01,  0.2606506E+03,  0.5864555E+03,       11063,       11110,          17,          17
, 0.35174464800000E+06, 0.60324785800000E+07,  0.1005888E+00,  0.3258134E+03,  0.5864555E+03,       11108,       11111,          17,          17
, 0.35171116200000E+06, 0.60324226800000E+07,  0.1615371E+00,  0.3909757E+03,  0.5864555E+03,       11106,       11150,          17,          17
, 0.35167767500000E+06, 0.60323667900000E+07,  0.3209674E+00,  0.4561299E+03,  0.5864555E+03,       11107,       11151,          17,          17
, 0.35164418800000E+06, 0.60323108900000E+07,  0.1603400E+01,  0.5212927E+03,  0.5864555E+03,       11149,       11152,          17,          17
, 0.35161070100000E+06, 0.60322549900000E+07,  0.3053396E+01,  0.5864555E+03,  0.5864555E+03,,,          17,          17
, 0.30888216800000E+06, 0.60624651700000E+07,  0.2375386E+01,  0.0000000E+00,  0.2357322E+04,        2191,        2227,          18,          18
, 0.30876404200000E+06, 0.60625054600000E+07,  0.2151784E+01,  0.1248080E+03,  0.2357322E+04,        2192,        2229,          18,          18
, 0.30865042200000E+06, 0.60625571100000E+07,  0.2156300E+01,  0.2496168E+03,  0.2357322E+04,        2193,        2230,          18,          18
, 0.30853680100000E+06, 0.60626087700000E+07,  0.2142425E+01,  0.3744306E+03,  0.2357322E+04,        2224,        2231,          18,          18
, 0.30842318100000E+06, 0.60626604300000E+07,  0.2156102E+01,  0.4992435E+03,  0.2357322E+04,        2225,        2261,          18,          18
, 0.30830956800000E+06, 0.60627121000000E+07,  0.2115658E+01,  0.6240541E+03,  0.2357322E+04,        2255,        2263,          18,          18
, 0.30819693100000E+06, 0.60627658700000E+07,  0.1000083E+01,  0.7488672E+03,  0.2357322E+04,        2253,        2260,          18,          18
, 0.30813198500000E+06, 0.60627981800000E+07, -0.2003411E+01,  0.8214063E+03,  0.2357322E+04,        2222,        2258,          18,          18
, 0.30807136700000E+06, 0.60628284700000E+07, -0.2983326E+01,  0.8891708E+03,  0.2357322E+04,        2221,        2257,          18,          18
, 0.30801091300000E+06, 0.60628590800000E+07, -0.4129803E+01,  0.9569326E+03,  0.2357322E+04,        2220,        2256,          18,          18
, 0.30795054200000E+06, 0.60628898500000E+07, -0.4759616E+01,  0.1024693E+04,  0.2357322E+04,        2219,        2249,          18,          18
, 0.30789030300000E+06, 0.60629208900000E+07, -0.4329698E+01,  0.1092459E+04,  0.2357322E+04,        2210,        2248,          18,          18
, 0.30782920000000E+06, 0.60629501300000E+07, -0.2844120E+01,  0.1160198E+04,  0.2357322E+04,        2209,        2212,          18,          18
, 0.30776737700000E+06, 0.60629778700000E+07, -0.1084068E+01,  0.1227959E+04,  0.2357322E+04,        2174,        2211,          18,          18
, 0.30772143500000E+06, 0.60629984900000E+07,  0.3896835E+00,  0.1278316E+04,  0.2357322E+04,        2173,        2208,          18,          18
, 0.30757967000000E+06, 0.60630612500000E+07,  0.2043999E+01,  0.1433352E+04,  0.2357322E+04,        2169,        2206,          18,          18
, 0.30743759500000E+06, 0.60631233200000E+07,  0.2167336E+01,  0.1588394E+04,  0.2357322E+04,        2167,        2205,          18,          18
, 0.30729506100000E+06, 0.60631843200000E+07,  0.2176835E+01,  0.1743432E+04,  0.2357322E+04,        2166,        2203,          18,          18
, 0.30715465900000E+06, 0.60632499700000E+07,  0.2127299E+01,  0.1898425E+04,  0.2357322E+04,        2165,        2201,          18,          18
, 0.30701779700000E+06, 0.60633222300000E+07,  0.1875698E+01,  0.2053191E+04,  0.2357322E+04,        2164,        2194,          18,          18
, 0.30688988000000E+06, 0.60634098300000E+07,  0.1943725E+01,  0.2208229E+04,  0.2357322E+04,        2160,        2163,          18,          18
, 0.30682345800000E+06, 0.60635433100000E+07,  0.1999998E+01,  0.2357322E+04,  0.2357322E+04,,,          18,          18
, 0.35026491500000E+06, 0.60314165200000E+07,  0.3582095E+00,  0.0000000E+00,  0.2292671E+04,       10954,       10995,          19,          19
, 0.35033351300000E+06, 0.60315026200000E+07,  0.7000000E-03,  0.1100859E+03,  0.2292671E+04,       10952,       10993,          19,          19
, 0.35039260200000E+06, 0.60315861400000E+07, -0.3232526E+00,  0.2123947E+03,  0.2292671E+04,       10950,       10990,          19,          19
, 0.35043461300000E+06, 0.60316620800000E+07, -0.3864865E+00,  0.2991807E+03,  0.2292671E+04,       10949,       10989,          19,          19
, 0.35050325300000E+06, 0.60317241500000E+07,  0.6574371E+00,  0.3917233E+03,  0.2292671E+04,       10951,       10991,          19,          19
, 0.35054700800000E+06, 0.60317944100000E+07,  0.1083927E+01,  0.4744939E+03,  0.2292671E+04,       10956,       10994,          19,          19
, 0.35058990400000E+06, 0.60318550200000E+07,  0.3232163E+00,  0.5487477E+03,  0.2292671E+04,       10959,       10996,          19,          19
, 0.35071072000000E+06, 0.60318759300000E+07, -0.1450111E+00,  0.6713599E+03,  0.2292671E+04,       10958,       10998,          19,          19
, 0.35073493400000E+06, 0.60318977900000E+07, -0.3262735E+00,  0.7039816E+03,  0.2292671E+04,       10997,       11002,          19,          19
, 0.35075914700000E+06, 0.60319196600000E+07, -0.3965159E+00,  0.7366093E+03,  0.2292671E+04,       11008,       11039,          19,          19
, 0.35078336100000E+06, 0.60319415300000E+07, -0.3620104E+00,  0.7692377E+03,  0.2292671E+04,       11046,       11051,          19,          19
, 0.35080757500000E+06, 0.60319634000000E+07, -0.2191529E+00,  0.8018661E+03,  0.2292671E+04,       11049,       11094,          19,          19
, 0.35083178900000E+06, 0.60319852600000E+07, -0.1392099E+00,  0.8344878E+03,  0.2292671E+04,       11096,       11097,          19,          19
, 0.35085600300000E+06, 0.60320071300000E+07, -0.5797895E-01,  0.8671162E+03,  0.2292671E+04,       11142,       11143,          19,          19
, 0.35088021700000E+06, 0.60320290000000E+07,  0.3646298E+00,  0.8997446E+03,  0.2292671E+04,       11145,       11186,          19,          19
, 0.35090443100000E+06, 0.60320508700000E+07,  0.1361866E+01,  0.9323730E+03,  0.2292671E+04,       11167,       11189,          19,          19
, 0.35101177400000E+06, 0.60320830400000E+07,  0.1378556E+01,  0.1044433E+04,  0.2292671E+04,       11166,           0,          19,          19
, 0.35106200000000E+06, 0.60321580000000E+07,  0.4074513E+01,  0.1134664E+04,  0.2292671E+04,       11165,           0,          19,          19
, 0.35115320300000E+06, 0.60321905700000E+07,  0.2068613E+01,  0.1231508E+04,  0.2292671E+04,       11164,           0,          19,          19
, 0.35124640100000E+06, 0.60322142000000E+07,  0.3590741E+00,  0.1327655E+04,  0.2292671E+04,       11163,       11164,          19,          19
, 0.35120532700000E+06, 0.60322862300000E+07, -0.2382476E+00,  0.1410573E+04,  0.2292671E+04,       11118,       11120,          19,          19
, 0.35117450600000E+06, 0.60323615300000E+07, -0.2654982E+00,  0.1491937E+04,  0.2292671E+04,       11069,       11118,          19,          19
, 0.35125785000000E+06, 0.60323851900000E+07, -0.2735704E+00,  0.1578574E+04,  0.2292671E+04,       11068,       11069,          19,          19
, 0.35125568600000E+06, 0.60324702600000E+07, -0.2836605E+00,  0.1663672E+04,  0.2292671E+04,       11021,       11054,          19,          19
, 0.35127681300000E+06, 0.60325575300000E+07, -0.2323322E+00,  0.1753462E+04,  0.2292671E+04,       11011,       11013,          19,          19
, 0.35129883300000E+06, 0.60326373600000E+07, -0.1726609E+00,  0.1836274E+04,  0.2292671E+04,       10969,       11011,          19,          19
, 0.35136658100000E+06, 0.60326344200000E+07, -0.1085417E+00,  0.1904085E+04,  0.2292671E+04,       10968,       10969,          19,          19
, 0.35137899600000E+06, 0.60327283500000E+07, -0.6726357E-01,  0.1998832E+04,  0.2292671E+04,       10929,       10967,          19,          19
, 0.35143123600000E+06, 0.60328000600000E+07, -0.2399468E-01,  0.2087553E+04,  0.2292671E+04,       10928,       10931,          19,          19
, 0.35147276700000E+06, 0.60328885500000E+07,  0.4966346E+00,  0.2185304E+04,  0.2292671E+04,       10894,       10930,          19,          19
, 0.35157509400000E+06, 0.60329210600000E+07,  0.1358948E+01,  0.2292671E+04,  0.2292671E+04,,,          19,          19
, 0.35949195900000E+06, 0.60215435000000E+07,  0.4017913E+01,  0.0000000E+00,  0.3761399E+04,       14995,           0,          20,          20
, 0.35950574700000E+06, 0.60216650900000E+07,  0.1831387E+01,  0.1223693E+03,  0.3761399E+04,       14969,       14995,          20,          20
, 0.35960842100000E+06, 0.60216677900000E+07,  0.3442427E+00,  0.2250788E+03,  0.3761399E+04,       14970,       14996,          20,          20
, 0.35971507000000E+06, 0.60216518500000E+07, -0.1453153E+00,  0.3329124E+03,  0.3761399E+04,       14971,       14997,          20,          20
, 0.35979381500000E+06, 0.60217028700000E+07, -0.1914108E+00,  0.4267411E+03,  0.3761399E+04,       14971,       14987,          20,          20
, 0.35981900500000E+06, 0.60217936800000E+07, -0.2937784E+00,  0.5209801E+03,  0.3761399E+04,       14983,       14986,          20,          20
, 0.35993429200000E+06, 0.60218361800000E+07, -0.5445341E+00,  0.6438513E+03,  0.3761399E+04,       14985,       15011,          20,          20
, 0.36007701900000E+06, 0.60218604500000E+07, -0.6531955E+00,  0.7886271E+03,  0.3761399E+04,       14984,       14989,          20,          20
, 0.36011816800000E+06, 0.60220180000000E+07, -0.6865242E+00,  0.9514621E+03,  0.3761399E+04,       14962,       14988,          20,          20
, 0.36014170900000E+06, 0.60220415800000E+07, -0.6680145E+00,  0.9847817E+03,  0.3761399E+04,       14965,       14990,          20,          20
, 0.36016525000000E+06, 0.60220651500000E+07, -0.6615964E+00,  0.1018094E+04,  0.3761399E+04,       14966,       14991,          20,          20
, 0.36018879100000E+06, 0.60220887300000E+07, -0.6776529E+00,  0.1051414E+04,  0.3761399E+04,       14967,       14992,          20,          20
, 0.36021233300000E+06, 0.60221123100000E+07, -0.6643879E+00,  0.1084734E+04,  0.3761399E+04,       14968,       14993,          20,          20
, 0.36023587400000E+06, 0.60221358900000E+07, -0.6375093E+00,  0.1118054E+04,  0.3761399E+04,       14977,       14994,          20,          20
, 0.36025941500000E+06, 0.60221594700000E+07, -0.5356749E+00,  0.1151373E+04,  0.3761399E+04,       14978,       15007,          20,          20
, 0.36028295600000E+06, 0.60221830500000E+07, -0.3611153E+00,  0.1184693E+04,  0.3761399E+04,       14979,       15008,          20,          20
, 0.36030649800000E+06, 0.60222066300000E+07,  0.5102682E+00,  0.1218013E+04,  0.3761399E+04,       15009,       15010,          20,          20
, 0.36042084100000E+06, 0.60222681400000E+07,  0.1247414E+01,  0.1347851E+04,  0.3761399E+04,       15047,           0,          20,          20
, 0.36050424700000E+06, 0.60223047200000E+07,  0.2614320E+01,  0.1438926E+04,  0.3761399E+04,       15095,       15096,          20,          20
, 0.36054209100000E+06, 0.60223881200000E+07,  0.6714993E+00,  0.1530510E+04,  0.3761399E+04,       15150,       15151,          20,          20
, 0.36058061200000E+06, 0.60224577400000E+07,  0.6054661E-01,  0.1610077E+04,  0.3761399E+04,       15207,       15212,          20,          20
, 0.36064768000000E+06, 0.60225252900000E+07, -0.2967661E+00,  0.1705267E+04,  0.3761399E+04,       15241,       15274,          20,          20
, 0.36068159000000E+06, 0.60226213300000E+07, -0.5569237E+00,  0.1807117E+04,  0.3761399E+04,       15240,       15297,          20,          20
, 0.36077885100000E+06, 0.60226361300000E+07, -0.6836767E+00,  0.1905498E+04,  0.3761399E+04,       15303,       15304,          20,          20
, 0.36084391300000E+06, 0.60226945300000E+07, -0.8519375E+00,  0.1992926E+04,  0.3761399E+04,       15299,       15370,          20,          20
, 0.36086494900000E+06, 0.60227694000000E+07, -0.9817130E+00,  0.2070695E+04,  0.3761399E+04,       15298,       15369,          20,          20
, 0.36092877900000E+06, 0.60228295000000E+07, -0.1060386E+01,  0.2158366E+04,  0.3761399E+04,       15371,       15372,          20,          20
, 0.36102733100000E+06, 0.60229076300000E+07, -0.1100827E+01,  0.2284131E+04,  0.3761399E+04,       15383,       15453,          20,          20
, 0.36111733600000E+06, 0.60229935300000E+07, -0.1092540E+01,  0.2408549E+04,  0.3761399E+04,       15385,       15461,          20,          20
, 0.36121991800000E+06, 0.60230630200000E+07, -0.1108703E+01,  0.2532452E+04,  0.3761399E+04,       15464,       15465,          20,          20
, 0.36131267100000E+06, 0.60231529000000E+07, -0.1059457E+01,  0.2661609E+04,  0.3761399E+04,       15546,       15550,          20,          20
, 0.36139865600000E+06, 0.60232131900000E+07, -0.1010844E+01,  0.2766624E+04,  0.3761399E+04,       15633,       15635,          20,          20
, 0.36148116900000E+06, 0.60232849000000E+07, -0.9324130E+00,  0.2875944E+04,  0.3761399E+04,       15634,       15725,          20,          20
, 0.36153810200000E+06, 0.60233786300000E+07, -0.8247449E+00,  0.2985610E+04,  0.3761399E+04,       15724,       15726,          20,          20
, 0.36159294700000E+06, 0.60234663200000E+07, -0.6882902E+00,  0.3089039E+04,  0.3761399E+04,       15750,       15822,          20,          20
, 0.36167792100000E+06, 0.60235396700000E+07, -0.5485427E+00,  0.3201292E+04,  0.3761399E+04,       15849,       15855,          20,          20
, 0.36178123000000E+06, 0.60235969100000E+07, -0.4009328E+00,  0.3319399E+04,  0.3761399E+04,       15947,       15949,          20,          20
, 0.36183654500000E+06, 0.60236810500000E+07, -0.1508152E+00,  0.3420093E+04,  0.3761399E+04,       15948,       16034,          20,          20
, 0.36189761700000E+06, 0.60237708300000E+07,  0.2859198E+00,  0.3528676E+04,  0.3761399E+04,       15948,       15952,          20,          20
, 0.36180890800000E+06, 0.60238581900000E+07,  0.5034035E+00,  0.3653179E+04,  0.3761399E+04,       15951,       15952,          20,          20
, 0.36189706400000E+06, 0.60239209600000E+07,  0.4161690E+00,  0.3761399E+04,  0.3761399E+04,,,          20,          20
, 0.36524682600000E+06, 0.60138311500000E+07,  0.1395026E+01,  0.0000000E+00,  0.3017188E+04,       18946,       18999,          21,          21
, 0.36534183300000E+06, 0.60138849400000E+07,  0.6151851E+00,  0.1091774E+03,  0.3017188E+04,       18945,       18998,          21,          21
, 0.36543581900000E+06, 0.60139338700000E+07,  0.2874265E+00,  0.2151373E+03,  0.3017188E+04,       18944,       18948,          21,          21
, 0.36551992200000E+06, 0.60140319000000E+07, -0.1376581E+00,  0.3443008E+03,  0.3017188E+04,       18894,       18947,          21,          21
, 0.36560452600000E+06, 0.60141104200000E+07, -0.4607575E+00,  0.4597271E+03,  0.3017188E+04,       18898,       18949,          21,          21
, 0.36568070400000E+06, 0.60141941900000E+07, -0.5853338E+00,  0.5729547E+03,  0.3017188E+04,       18897,       18950,          21,          21
, 0.36575495800000E+06, 0.60142804400000E+07, -0.6173104E+00,  0.6867647E+03,  0.3017188E+04,       18899,       18951,          21,          21
, 0.36582726700000E+06, 0.60143673800000E+07, -0.6986358E+00,  0.7998450E+03,  0.3017188E+04,       18900,       18952,          21,          21
, 0.36589797900000E+06, 0.60144550300000E+07, -0.8192136E+00,  0.9124626E+03,  0.3017188E+04,       18901,       18953,          21,          21
, 0.36596765300000E+06, 0.60145427600000E+07, -0.9996732E+00,  0.1024494E+04,  0.3017188E+04,       18939,       18954,          21,          21
, 0.36603690600000E+06, 0.60146301300000E+07, -0.1162613E+01,  0.1135982E+04,  0.3017188E+04,       18940,       18993,          21,          21
, 0.36611423400000E+06, 0.60147113500000E+07, -0.1290376E+01,  0.1248126E+04,  0.3017188E+04,       18941,       18994,          21,          21
, 0.36619954300000E+06, 0.60147747100000E+07, -0.1342046E+01,  0.1354390E+04,  0.3017188E+04,       18942,       18995,          21,          21
, 0.36628877500000E+06, 0.60148395300000E+07, -0.1390416E+01,  0.1464681E+04,  0.3017188E+04,       18943,       18996,          21,          21
, 0.36636523600000E+06, 0.60149158400000E+07, -0.1431056E+01,  0.1572706E+04,  0.3017188E+04,       18963,       18997,          21,          21
, 0.36647486600000E+06, 0.60149545200000E+07, -0.1449856E+01,  0.1688960E+04,  0.3017188E+04,       18965,       19020,          21,          21
, 0.36656958500000E+06, 0.60149957900000E+07, -0.1513051E+01,  0.1792279E+04,  0.3017188E+04,       18966,       19022,          21,          21
, 0.36665364100000E+06, 0.60150132900000E+07, -0.1648134E+01,  0.1878137E+04,  0.3017188E+04,       18968,       19023,          21,          21
, 0.36675047700000E+06, 0.60150669400000E+07, -0.1828403E+01,  0.1988842E+04,  0.3017188E+04,       19018,       19024,          21,          21
, 0.36684294400000E+06, 0.60150921300000E+07, -0.1895164E+01,  0.2084679E+04,  0.3017188E+04,       19019,       19073,          21,          21
, 0.36695548100000E+06, 0.60150683200000E+07, -0.1752815E+01,  0.2199707E+04,  0.3017188E+04,       19072,       19074,          21,          21
, 0.36705454300000E+06, 0.60150650500000E+07, -0.1507225E+01,  0.2298823E+04,  0.3017188E+04,       19130,       19131,          21,          21
, 0.36717336000000E+06, 0.60150396200000E+07, -0.2888181E+00,  0.2420331E+04,  0.3017188E+04,       19186,       19189,          21,          21
, 0.36725422400000E+06, 0.60150644200000E+07,  0.5007321E+00,  0.2504913E+04,  0.3017188E+04,       19185,       19248,          21,          21
, 0.36732922500000E+06, 0.60151223900000E+07,  0.1824597E+00,  0.2599705E+04,  0.3017188E+04,       19246,       19247,          21,          21
, 0.36742491200000E+06, 0.60151995300000E+07,  0.1175856E+00,  0.2722614E+04,  0.3017188E+04,       19302,       19303,          21,          21
, 0.36751033300000E+06, 0.60151423400000E+07,  0.1956750E+00,  0.2825412E+04,  0.3017188E+04,       19302,       19358,          21,          21
, 0.36757799600000E+06, 0.60151821700000E+07,  0.7530896E+00,  0.2903928E+04,  0.3017188E+04,       19330,       19359,          21,          21
, 0.36768815100000E+06, 0.60152085100000E+07,  0.5779437E+00,  0.3017188E+04,  0.3017188E+04,,,          21,          21
