Date,A4261034,Goolwa,Mundoo,Boundary Creek,Ewe Island,Tauwitchere,Total
26/11/2016,0.614125,21376.64223,3835.79877,1.178558414,7256.956299,16410.97183,48881.54769
27/11/2016,0.635,21917.61774,3894.721744,1.245404659,7705.414317,17679.93426,51198.93347
28/11/2016,0.62975,17719.01807,3726.196251,1.157497556,7196.471396,17186.05079,45828.89401
29/11/2016,0.609,13633.68373,2663.254394,1.039161005,4813.964291,13677.93149,34789.87307
30/11/2016,0.645375,13789.48657,1916.089659,1.219313372,3994.938358,13451.30527,33153.03917
1/12/2016,0.689708333,7464.978488,1248.413018,1.292546245,4269.963285,17620.22996,30604.8773
2/12/2016,0.719291667,40.30658922,1766.057157,1.728451066,3741.303922,18410.19694,23959.59306
3/12/2016,0.777125,44.707071,32.77703194,3.298906321,4570.104148,22884.78359,27535.67075
4/12/2016,0.789458333,49.27249969,36.05647972,4.275163417,5016.42505,27397.15127,32503.18046
5/12/2016,0.704875,12532.33672,2339.17068,4.016790804,4008.794912,22530.92071,41415.2398
6/12/2016,0.746041667,20298.22231,3191.882313,5.282824672,5231.977659,29087.17751,57814.54261
7/12/2016,0.749125,21830.47972,2459.786107,6.282760055,6098.702839,34546.07111,64941.32254
8/12/2016,0.510125,4911.342588,6.702510931,0.638684666,727.4833031,5451.393943,11097.56103
9/12/2016,0.717291667,24181.01709,2860.002878,7.683775065,4821.416872,30768.48504,62638.60566
10/12/2016,0.736916667,31049.98385,4734.418359,8.744687859,6118.647295,38340.74376,80252.53796
11/12/2016,0.727,32279.43981,4997.146631,8.48366882,6418.329567,39719.00241,83422.40208
12/12/2016,0.694875,30738.23086,4892.502896,8.082084311,6337.268675,42259.84963,84235.93415
13/12/2016,0.674708333,23877.6408,2846.930681,4.206825387,3606.715473,38449.49928,68784.99306
14/12/2016,0.744416667,18370.82087,2107.435513,7.970154876,1935.436927,32032.85447,54454.51793
15/12/2016,0.776416667,27378.65028,3088.021525,8.505762205,4088.313757,43605.24776,78168.73909
16/12/2016,0.728,26525.44825,3498.80035,5.994199828,4967.725266,41863.12727,76861.09534
17/12/2016,0.670791667,20485.34474,2719.079342,5.434486535,3348.40068,27364.74365,53923.0029
18/12/2016,0.781083333,30203.90308,4212.069602,12.41727976,6103.70457,48583.94389,89116.03842
19/12/2016,0.717291667,29041.31736,4230.39522,7.212334016,5832.026959,48755.15729,87866.10917
20/12/2016,0.649916667,25314.874,3543.554174,4.995231402,4384.652239,36075.12653,69323.20217
21/12/2016,0.692708333,30746.73663,4843.689901,9.097475053,5371.962203,43252.01469,84223.5009
22/12/2016,0.678541667,39411.08117,5756.227676,9.318517933,13561.35397,46703.59809,105441.5794
23/12/2016,0.609208333,37565.55264,5340.790153,5.662653327,17121.48333,43677.29822,103710.787
24/12/2016,0.587541667,35872.24483,5201.682466,4.81551127,15512.63658,37393.64795,93985.02735
25/12/2016,0.612875,33688.14972,4846.962391,4.586553002,15394.09656,36920.28143,90854.07666
26/12/2016,0.616625,31617.55093,4693.138058,6.95319291,14904.34902,38988.84401,90210.83522
27/12/2016,0.663,35128.57607,5297.342905,16.29857292,17779.88349,43691.32934,101913.4304
28/12/2016,0.641708333,34468.85487,5423.070596,5.213629195,18847.40422,50887.70016,109632.2435
29/12/2016,0.660541667,25960.43377,3753.070471,6.739554745,12132.97316,35479.50518,77332.72213
30/12/2016,0.702458333,23813.19813,3267.541591,6.922187209,10948.01297,27611.34445,65647.01933
31/12/2016,0.686083333,29303.01005,4084.060222,7.398366727,13306.69543,32753.54166,79454.70573
1/01/2017,0.606125,29082.64101,4094.763156,4.402746206,11183.64311,28312.8757,72678.32572
2/01/2017,0.633958333,34888.96355,5056.933608,6.886427543,15153.29377,31042.99621,86149.07356
3/01/2017,0.615458333,37823.33459,4794.65823,6.140924469,16376.7796,36322.66438,95323.57772
4/01/2017,0.579708333,34589.41077,2149.291092,3.227531762,9404.734228,25316.8315,71463.49512
5/01/2017,0.65025,17522.19443,1211.143902,2.963460592,2904.496635,11999.38839,33640.18682
6/01/2017,0.793291667,7915.340946,1401.933042,6.866065233,1058.871682,11150.40479,21533.41653
7/01/2017,0.787208333,5477.856853,1363.612623,5.021016994,12.84907393,11485.90805,18345.24762
8/01/2017,0.734958333,4545.203364,1145.908261,3.807091485,10.23176633,9473.270305,15178.42079
9/01/2017,0.783416667,4997.48932,1227.863152,5.336109802,11.54299677,10054.96475,16297.19633
10/01/2017,0.755791667,4811.830334,1205.318573,3.361920399,10.74629171,9663.781684,15695.0388
11/01/2017,0.746791667,4549.244259,1130.348282,3.874510574,9.828202798,9139.707486,14833.00274
12/01/2017,0.815708333,5432.484927,1322.9387,6.827196515,12.46928827,10982.84786,17757.56797
13/01/2017,0.670666667,1274.938155,581.1488733,1.406340604,6.868055357,7481.232351,9345.593774
14/01/2017,0.657958333,30.00468723,22.78026149,2.143037105,5.683052677,6150.980103,6211.591142
15/01/2017,0.795166667,49.98614098,38.6166687,5.377618823,11.08020022,9855.942415,9961.003044
16/01/2017,0.811666667,1353.666225,972.2704446,6.449130796,12.73743672,11362.35628,13707.47951
17/01/2017,0.765208333,1552.718686,1285.645268,4.175367232,11.29556309,9651.48249,12505.31737
18/01/2017,0.791,1179.705223,1333.912091,5.641323267,11.78735253,8234.052414,10765.0984
19/01/2017,0.844541667,1369.609894,1508.228135,7.0263603,14.02137297,10025.52793,12924.41369
20/01/2017,0.73,995.412834,1182.448036,3.57321925,9.956726621,7479.238912,9670.629728
21/01/2017,0.826208333,1304.769293,1424.755587,6.923397065,13.30727857,9614.178266,12363.93382
22/01/2017,0.825541667,1294.587475,1429.905825,6.882439657,13.58509831,10001.88255,12746.84339
23/01/2017,0.80075,1180.686754,1293.112081,4.666674894,12.28247695,9176.64138,11667.38937
24/01/2017,0.739625,943.513199,1028.516914,4.645458411,9.191055271,7145.865431,9131.732058
25/01/2017,0.815291667,1208.322662,1303.457802,5.803070049,12.33940285,8818.96667,11348.88961
26/01/2017,0.801416667,1169.623336,1304.45737,5.754822898,12.25560079,8875.461819,11367.55295
27/01/2017,0.8155,1216.02042,1347.95295,6.208300827,12.8819045,9319.409527,11902.4731
28/01/2017,0.789791667,1113.058232,1266.691025,5.094224547,11.78542776,8766.04652,11162.67543
29/01/2017,0.800416667,1138.230773,1297.251372,6.153327808,12.41449641,9116.157935,11570.2079
30/01/2017,0.748666667,945.4301661,1144.298329,2.836680688,10.46064182,7915.723395,10018.74921
31/01/2017,0.751541667,914.942763,1134.113741,4.133403722,10.23604445,7653.424951,9716.850903
1/02/2017,0.769625,1054.604314,1238.011792,3.80008827,11.55352198,8415.324153,10723.29387
2/02/2017,0.734708333,980.3676349,1204.475433,3.004679648,10.73299764,7974.8538,10173.43455
3/02/2017,0.745583333,1025.578042,1237.954527,3.641025341,11.27113567,8284.06806,10562.51279
4/02/2017,0.735916667,1005.121434,1237.951024,3.61979682,11.53510617,8582.348734,10840.57609
5/02/2017,0.737875,980.5841401,1192.507317,3.103487188,11.05325811,8213.446179,10400.69438
6/02/2017,0.761666667,1049.109566,1214.100594,4.858753629,11.05810371,7416.828942,9695.955959
7/02/2017,0.809416667,1245.875006,1454.815799,5.368769674,12.98195379,5733.094388,8452.135917
8/02/2017,0.775333333,1139.730276,1418.04843,4.972248168,12.8170736,3976.929484,6552.497511
9/02/2017,0.685916667,854.614252,1199.853748,1.733556457,9.617683648,2325.569647,4391.388887
10/02/2017,0.69825,570.1781303,738.0116119,1.856464738,10.30576312,1960.878507,3281.230477
11/02/2017,0.710541667,45.65143057,35.83725611,1.450036645,10.03182547,1852.651963,1945.622512
12/02/2017,0.632458333,34.46418177,27.87716085,1.08693363,7.07806886,1434.786164,1505.292509
13/02/2017,0.679416667,559.1998425,754.203255,2.017258227,9.327041092,1767.462473,3092.209869
14/02/2017,0.746,1028.544147,1264.769779,3.899988081,11.68998762,2107.09743,4416.001332
15/02/2017,0.696291667,904.8418466,1192.48438,2.674380513,10.57074182,2019.531423,4130.102772
16/02/2017,0.710291667,929.150027,1166.228566,2.372930451,10.52101579,1919.768797,4028.041336
17/02/2017,0.648625,479.6474455,625.4386914,1.185116684,7.859948165,1594.549092,2708.680294
18/02/2017,0.608333333,26.61314297,17.86940479,0.865641691,5.527303779,1264.065788,1314.941281
19/02/2017,0.6065,25.8387447,18.94370306,0.951652476,5.766161427,1226.702922,1278.203184
20/02/2017,0.698708333,553.4336353,669.0796048,2.352452439,9.662808831,1709.522703,2944.051204
21/02/2017,0.764875,1106.900888,1285.77741,5.031292096,12.49725958,2176.991739,4587.198589
22/02/2017,0.674,830.0614606,1053.333805,2.639236682,9.963911739,2029.220528,3925.218942
23/02/2017,0.630625,546.2661624,1079.197806,0.904547624,5.919015322,1293.446835,2925.734367
24/02/2017,0.686125,519.5571748,1062.934191,1.582685001,8.76234927,1549.015935,3141.852336
25/02/2017,0.713041667,44.87303126,32.15351416,2.04631138,9.554976475,1656.126158,1744.753992
26/02/2017,0.712041667,47.3148838,34.66720896,1.7821355,10.346761,1884.760491,1978.871481
27/02/2017,0.667791667,6080.951478,769.8473881,1.440812402,9.723190814,1836.571803,8698.534672
28/02/2017,0.700333333,9034.058564,1144.987172,1.927417401,10.50129291,1905.628183,12097.10263
1/03/2017,0.662833333,8086.654597,1041.313862,1.595882156,9.463915097,1765.959096,10904.98735
2/03/2017,0.578625,6610.877858,873.5257178,0.965401146,6.747577388,1341.149409,8833.265964
3/03/2017,0.61725,10352.44329,1054.545007,1.173696574,8.613977535,1597.935663,13014.71163
4/03/2017,0.587416667,10900.99302,976.9600484,1.026823387,7.472153664,1465.477685,13351.92973
5/03/2017,0.569041667,9996.004955,880.3007812,0.879128597,6.174302393,1232.168095,12115.52726
6/03/2017,0.588,10662.78677,944.9142579,0.987844947,7.118711132,1361.381634,12977.18922
7/03/2017,0.580125,7720.050996,953.3259575,0.983498049,7.350684497,3065.077205,11746.78834
8/03/2017,0.558333333,5463.293251,899.7581026,0.86453341,6.373436896,3919.530752,10289.82008
9/03/2017,0.551,5450.921234,900.4935181,0.821580335,6.086618649,3711.141322,10069.46427
10/03/2017,0.576208333,3686.706581,595.5614068,0.882553651,6.671926906,4941.250515,9231.072983
11/03/2017,0.599083333,32.79717332,24.83950304,0.943333529,7.134089535,7127.908637,7193.622736
12/03/2017,0.482583333,12.96521891,11.99670111,0.472055412,3.185692655,4483.240428,4511.860096
13/03/2017,0.56325,19.31826678,16.1539471,0.610946769,4.335102379,4327.603339,4368.021602
14/03/2017,0.583166667,1279.144247,556.8022973,0.904378446,6.819519582,5615.354946,7459.025388
15/03/2017,0.599,2276.207352,966.7727341,0.969639725,7.444994522,4311.126578,7562.521299
16/03/2017,0.457083333,970.0289328,332.137399,0.243186308,1.45041806,1181.709584,2485.569521
17/03/2017,0.611958333,2043.40891,803.6750262,0.850326932,6.346231128,2828.320674,5682.601167
18/03/2017,0.595791667,2229.29848,947.8727967,0.926770039,7.1364441,3315.369178,6500.603668
19/03/2017,0.583,2079.363506,880.6912107,0.832484552,6.380465853,3057.083383,6024.351049
20/03/2017,0.592583333,1290.643557,549.7027196,0.847032789,6.325961943,2978.268122,4825.787394
21/03/2017,0.581666667,23.75779552,19.63653917,0.74213188,5.380870735,2577.979503,2627.49684
22/03/2017,0.609583333,31.12538232,23.30740346,0.824112191,5.972594977,2596.567254,2657.796747
23/03/2017,0.599,869.2823208,388.4278776,0.90481045,6.89615376,3272.758844,4538.270007
24/03/2017,0.606083333,2504.326314,1062.631956,0.952658876,7.435321215,3528.910052,7104.256302
25/03/2017,0.557166667,2111.754881,906.7874191,0.753507286,5.833026869,3036.42023,6061.549064
26/03/2017,0.614666667,2268.994458,945.4989253,0.945463794,7.266974183,3361.458219,6584.16404
27/03/2017,0.495416667,1380.491362,502.223949,0.42641783,2.91805883,2024.322258,3910.382046
28/03/2017,0.550708333,584.0191943,327.1070119,0.468324827,3.558432833,2310.106507,3225.259471
29/03/2017,0.476541667,7.055397668,7.245107461,0.269800547,2.033681741,1295.411317,1312.015305
30/03/2017,0.482416667,5.745199745,5.292734487,0.187370255,1.002744471,490.3335264,502.5615753
31/03/2017,0.566208333,16.60847894,16.03131541,0.604639511,4.310208814,2223.879366,2261.434009
1/04/2017,0.545375,14.16166263,14.48238041,0.486919223,3.546625523,1895.354652,1928.03224
2/04/2017,0.599625,25.11196666,21.49436895,0.794757346,5.73828441,2601.43669,2654.576067
3/04/2017,0.610083333,851.9235422,574.1588002,0.892774434,6.726847353,2173.260908,3606.962872
4/04/2017,0.583666667,1540.869997,1022.682245,0.864112027,6.694877188,1663.755496,4234.866727
5/04/2017,0.5965,1559.533756,1033.567621,0.900048685,7.150647237,4026.631728,6627.783801
6/04/2017,0.587708333,1400.124137,929.7450648,0.835366551,6.608652001,6570.732916,8908.046136
7/04/2017,0.581375,945.8839176,619.8094114,0.841872756,6.564352967,4520.908638,6094.008193
8/04/2017,0.533916667,17.577203,17.29755298,0.590175214,4.37015298,20.05832886,59.89341304
9/04/2017,0.289458333,0,0.001807492,0.004086883,0.04062976,1.091449492,1.137973626
10/04/2017,0.499875,8.580176472,9.234746873,0.323701003,1.941466472,5.835885704,25.91597653
11/04/2017,0.577958333,22.3935654,22.22250141,0.746272105,5.649969168,21.37013848,72.38244657
12/04/2017,0.589208333,1875.256915,1312.712243,0.796478844,1088.239668,1123.209568,5400.214873
13/04/2017,0.567333333,1963.891237,20.85123184,0.71774698,1071.066924,1107.518659,4164.045799
14/04/2017,0.566958333,22.38173524,22.2466875,0.723355869,5.660773336,24.44697926,75.4595312
15/04/2017,0.5765,21.84380603,21.40164892,0.727225667,5.69384292,23.66150857,73.32803211
16/04/2017,0.563541667,19.27014705,20.09583666,0.656269454,5.038641552,21.799101,66.85999571
17/04/2017,0.602,26.94591419,25.48716347,0.879569936,6.80611262,27.24307481,87.36183502
18/04/2017,0.619208333,1091.992501,26.76535133,0.920512295,7.226633432,546.3126322,1673.217631
19/04/2017,0.617958333,2065.493118,26.71993663,0.929364176,7.231986621,997.7382061,3098.112611
20/04/2017,0.595291667,1935.452064,24.34872921,0.856052711,6.615260299,958.7977711,2926.069878
21/04/2017,0.572791667,1918.541646,23.83013653,0.79831505,5.912017071,898.1757537,2847.257869
22/04/2017,0.593791667,2206.07644,26.80643285,0.906401355,6.920046848,997.774491,3238.483812
23/04/2017,0.60475,2283.190963,28.38297125,0.944807259,7.248365328,1044.452459,3364.219566
24/04/2017,0.607375,708.0092057,27.93926385,0.959672553,7.220270223,1056.017745,1800.146157
25/04/2017,0.516,14.84680004,14.35257616,0.485941048,3.238400987,703.7833642,736.7070825
26/04/2017,0.393125,5.463574597,5.817692149,0.187104077,1.105475629,4.131362081,16.70520853
27/04/2017,0.577375,21.28710389,932.0203058,0.688416746,607.5113863,1737.781219,3299.288432
28/04/2017,0.562125,19.31401739,959.7764065,0.654989657,564.1381153,2372.064928,3915.948457
29/04/2017,0.594333333,23.7859735,23.36998512,0.788315905,5.889635612,25.3182876,79.15219774
30/04/2017,0.615291667,26.69284695,25.57848521,0.886393348,6.814946147,29.92243929,89.89511095
1/05/2017,0.582625,22.15622743,20.71905384,0.695373727,5.086614046,23.08218542,71.73945445
2/05/2017,0.580875,22.19815076,21.90348792,0.740616268,5.1009234,22.30332682,72.24650517
3/05/2017,0.626416667,1010.106703,719.4542467,1.025586629,7.671093044,751.1998854,2489.457515
4/05/2017,0.63775,1660.552011,368.3257098,1.068636377,8.152860181,1145.028428,3183.127645
5/05/2017,0.630458333,1136.752903,31.22819063,1.063992353,8.273909501,1428.51692,2605.835916
6/05/2017,0.565708333,22.77552856,21.92313064,0.735066401,5.166893793,1417.58872,1468.189339
7/05/2017,0.625375,33.76961749,28.39684395,0.99033811,7.398441417,1699.59259,1770.147831
8/05/2017,0.638333333,1029.110662,30.12814933,1.063843575,8.114245081,1384.188583,2452.605484
9/05/2017,0.6375,1675.222697,696.3790676,1.068232881,8.144134671,1155.585734,3536.399866
10/05/2017,0.630166667,1581.371315,1034.792447,1.027490311,7.957403487,1148.606985,3773.755641
11/05/2017,0.622708333,1313.961687,912.6138186,0.952578842,7.147162293,1064.964,3299.639246
12/05/2017,0.625625,1421.605938,935.8043182,0.986031189,7.322512012,1049.234603,3414.953403
13/05/2017,0.633833333,1540.696282,1008.669383,1.035832038,7.779954787,1104.318623,3662.500074
14/05/2017,0.637125,1537.46284,1008.815599,1.041540856,7.88808484,1125.996306,3681.20437
15/05/2017,0.651791667,1630.052454,1053.244133,1.247229847,8.497841918,1189.386394,3882.428053
16/05/2017,0.729208333,1863.18167,1181.849006,2.304343457,11.2652289,1496.326063,4554.926311
17/05/2017,0.694625,1359.835991,930.7539089,1.284252807,9.277232916,1302.607219,3603.758604
18/05/2017,0.681,4276.214489,922.4033704,1.194357738,8.449329206,1132.833609,6341.095156
19/05/2017,0.66575,11259.02965,990.2425924,1.193613133,8.822081475,1192.86125,13452.14919
20/05/2017,0.616541667,16496.10232,962.5043656,1.124601988,8.264762344,1158.896824,18626.89287
21/05/2017,0.6165,19110.34667,976.6202356,1.145828426,8.467519896,1156.682691,21253.26295
22/05/2017,0.642416667,17153.69769,982.6565554,1.492805862,9.443703646,1284.640252,19431.931
23/05/2017,0.598833333,5331.258237,393.3653347,0.862839427,6.05752575,952.0608402,6683.604777
24/05/2017,0.5885,14.89057396,13.34816684,0.604381868,4.02631285,714.9660713,747.8355068
25/05/2017,0.615666667,24.88342248,20.31831434,0.790365029,5.660251237,913.8810152,965.5333682
26/05/2017,0.657166667,29.7021673,14.17961214,0.958435424,7.265020269,666.4670586,718.5722937
27/05/2017,0.61625,24.42519283,0,0.804242833,6.051746492,33.6971429,64.97832506
28/05/2017,0.532041667,11.43458759,0,0.376115975,2.532435527,11.37911818,25.72225727
29/05/2017,0.639541667,27.14703269,0,0.843631881,6.19007594,29.61373211,63.79447262
30/05/2017,0.620416667,26.88878145,0,0.797674122,5.400911153,1285.309085,1318.396451
31/05/2017,0.679,663.9822856,0,1.22857808,9.086432556,2391.933267,3066.230563
1/06/2017,0.691791667,1943.157928,22.45915354,1.320550865,9.832871317,1329.70903,3306.479534
2/06/2017,0.703125,2027.40251,36.78055521,1.56045165,10.42532157,1431.054144,3507.222983
3/06/2017,0.696791667,1991.657472,36.2308,1.471018773,10.26752462,1422.853894,3462.48071
4/06/2017,0.674583333,1811.407559,33.70136903,1.237568598,9.31815184,1310.858134,3166.522782
5/06/2017,0.650583333,1607.361615,30.26955696,1.119075684,8.1872646,1188.099605,2835.037117
6/06/2017,0.667416667,1680.172594,31.51467467,1.191947538,8.748681454,1199.120234,2920.748132
7/06/2017,0.683708333,1809.888683,33.67797339,1.258032341,9.457089072,1299.288104,3153.569882
8/06/2017,0.658458333,1733.798035,32.1675423,1.1724074,8.783489031,1246.34968,3022.271154
9/06/2017,0.674,1770.411754,32.8786559,1.220461328,9.045852537,1269.530077,3083.086801
10/06/2017,0.67975,1821.787258,33.62537693,1.244464019,9.327144546,1296.098311,3162.082555
11/06/2017,0.67125,1710.713957,32.13322262,1.209784586,8.995147444,1285.814716,3038.866827
12/06/2017,0.659166667,1578.840571,30.30363303,1.117146807,8.355717472,1213.896156,2832.513224
13/06/2017,0.684791667,1729.327116,32.58997873,1.243739842,9.299793568,1273.480802,3045.94143
14/06/2017,0.685791667,1735.129938,32.87235033,1.294496126,9.390149173,1315.505126,3094.192059
15/06/2017,0.68525,1632.032023,31.38228465,1.197384478,8.890327946,1236.319562,2909.821582
16/06/2017,0.687791667,1611.0821,31.30676921,1.207764517,8.895088399,1229.309999,2881.801722
17/06/2017,0.67975,1620.718914,31.14865287,1.188932509,8.7698382,1199.703559,2861.529897
18/06/2017,0.671083333,1589.82989,30.64529745,1.15821236,8.489843675,1173.534401,2803.657645
19/06/2017,0.691833333,1636.12638,31.60108235,1.250504133,8.957398622,1211.865355,2889.80072
20/06/2017,0.686541667,1616.949152,31.58540449,1.234914101,8.895731204,1228.303345,2886.968547
21/06/2017,0.686125,1613.657751,31.02793919,1.195162696,8.664724499,1200.889167,2855.434745
22/06/2017,0.711291667,1737.822676,33.72811948,1.536207309,9.816479626,1324.249624,3107.153107
23/06/2017,0.686875,1024.517642,30.59555274,1.166832541,8.740935769,1237.467087,2302.48805
24/06/2017,0.692916667,31.53662433,25.03607369,0.870226595,7.335434575,1126.517115,1191.295474
25/06/2017,0.677791667,32.70432341,25.22205189,0.919373462,7.031725035,1099.444541,1165.322015
26/06/2017,0.699208333,37.93607023,30.79623857,1.297449084,8.732591679,1210.784198,1289.546547
27/06/2017,0.7145,1079.633506,32.80769026,1.519168605,9.4111408,1311.530952,2434.902458
28/06/2017,0.699666667,1684.338901,32.60634332,1.32077275,9.184169911,1277.128077,3004.578264
29/06/2017,0.66375,5642.921885,1705.417465,1.136017293,1743.265886,4861.519388,13954.26064
30/06/2017,0.71425,9064.150784,3743.394181,2.194597734,4136.900411,7141.51419,24088.15416
1/07/2017,0.7395,5869.47756,1700.170585,2.778596074,2146.137175,3908.929591,13627.49351
2/07/2017,0.764458333,1984.981457,38.60053194,3.457386175,11.92952647,1072.292045,3111.260947
3/07/2017,0.692041667,927.4068914,18.05882602,0.799650906,5.990362615,751.3267481,1703.582479
4/07/2017,0.650791667,348.4740416,7.167542681,0.295788273,2.26688709,348.9815697,707.1858293
5/07/2017,0.698916667,1203.44969,22.069407,1.010146803,6.27891102,626.5219831,1859.330138
6/07/2017,0.732708333,1024.640455,32.18501121,1.926339341,2670.445866,5112.931371,8842.129043
7/07/2017,0.669041667,20.56601025,155.4238294,0.5413239,2030.670875,4115.714074,6322.916113
8/07/2017,0.660625,26.27206382,693.5713604,0.823736739,5.839459504,614.5681475,1341.074768
9/07/2017,0.7095,36.27136915,928.24179,1.127586588,7.978782914,763.7385506,1737.358079
10/07/2017,0.726958333,1266.994181,1069.894532,1.670321857,471.8342495,871.1818723,3681.575157
11/07/2017,0.739875,2150.244661,1137.341451,2.554969792,897.6220251,920.1166853,5107.879792
12/07/2017,0.789083333,2338.041169,1852.834732,5.156050982,3482.485155,5618.040918,13296.55802
13/07/2017,0.733541667,2986.693466,3369.371953,1.965631475,5166.411007,9600.030576,21124.47263
14/07/2017,0.661875,1839.248114,2819.398746,0.782111595,2831.694553,5820.911265,13312.03479
15/07/2017,0.695833333,36.78757806,3761.769652,1.547576618,3879.781288,6958.817171,14638.70327
16/07/2017,0.7515,44.74499078,3044.570014,2.803639216,4995.545959,8936.948465,17024.61307
17/07/2017,0.651458333,20.10204007,14.90018551,0.599361095,1639.330799,3255.707333,4930.639718
18/07/2017,0.584958333,0.068273436,0.151824039,0,0.03510543,102.176252,102.4314549
19/07/2017,0.627541667,16.43206056,11.11648167,0.460651394,2.809299839,13.60452545,44.42301891
20/07/2017,0.747625,2225.068956,712.105947,3.217271718,10.24825776,4902.551821,7853.192253
21/07/2017,0.79425,2643.517334,850.7836337,5.709510993,12.64303202,10818.71383,14331.36734
22/07/2017,0.749,45.45964788,34.06765575,2.540195799,10.00065473,9443.075572,9535.143726
23/07/2017,0.699291667,32.23993382,24.35001467,1.535087391,6.965177763,7047.574274,7112.664488
24/07/2017,0.749958333,787.0269151,505.5657727,3.271854993,8.859413306,8314.519325,9619.243281
25/07/2017,0.717291667,1393.331614,636.3166096,1.512874546,7.602700578,7760.48449,9799.248289
26/07/2017,0.734,1537.296748,631.707958,3.116476481,8.230818071,7549.105868,9729.457869
27/07/2017,0.766333333,1824.591228,1593.977306,3.870824798,2687.903319,9261.851569,15372.19425
28/07/2017,0.770916667,1110.769501,1273.442315,6.281263923,3032.857053,5632.623721,11055.97385
29/07/2017,0.731541667,42.51734449,33.14414566,2.946668681,10.40751266,1049.378087,1138.393759
30/07/2017,0.666625,20.93933113,717.7435098,1.670694467,5.051638802,3661.908141,4407.313315
31/07/2017,0.740791667,768.8989153,1355.839688,2.396861056,288.441581,5970.910712,8386.487757
1/08/2017,0.772333333,1799.690122,1983.707227,4.467873137,870.71929,8354.589164,13013.17368
2/08/2017,0.793125,2067.044546,2245.791191,4.665930262,982.5368049,14013.79827,19313.83675
3/08/2017,0.762625,3824.595834,1828.2013,2.693668812,787.7241716,14999.98352,21443.19849
4/08/2017,0.682458333,3144.964007,1049.524404,1.518158001,453.8007588,9294.934256,13944.74158
5/08/2017,0.650083333,14.22927306,0,0.495069801,3.26086578,46.46568805,64.45089669
6/08/2017,0.578541667,5.562452918,0,0.188603314,1.255200131,9.333175504,16.33943187
7/08/2017,0.607291667,13.01397147,0,0.278390752,1.160748138,3.344263183,17.79737354
8/08/2017,0.761625,1937.149019,531.5809756,4.106298255,8.947719069,912.4117832,3394.195795
9/08/2017,0.820083333,4244.854549,1859.133298,9.455614135,13.12626272,5106.621714,11233.19144
10/08/2017,0.652708333,2408.736086,1322.309783,1.382454142,7.467971202,4225.507355,7965.403649
11/08/2017,0.660083333,22.03206039,17.3605275,0.80498124,5.229982841,376.9263623,422.3539143
12/08/2017,0.740375,34.80516512,25.90670129,1.273463049,8.108627199,1458.741187,1528.835144
13/08/2017,0.769666667,48.20277839,36.29188588,1.629262991,10.96402054,1865.573361,1962.661309
14/08/2017,0.758791667,5440.958197,1251.603937,1.570664642,10.44063936,6149.289592,12853.86303
15/08/2017,0.673,4467.983562,1107.468959,1.285812334,8.692766266,5597.370143,11182.80124
16/08/2017,0.5485,2.424108937,3.05323293,0.173359254,1.156939694,18.01060658,24.8182474
17/08/2017,0.54225,1.180215129,2.318164004,0.121825778,0.842604187,9.168443755,13.63125285
18/08/2017,0.53525,4.516488671,1.303009319,0.053323386,0.059389417,0,5.932210793
19/08/2017,0.7775,45.4009679,30.97541475,1.403301419,8.337662468,44.69648252,130.8138291
20/08/2017,0.87575,63.30708072,47.24583246,2.191166762,15.512226,134.943532,263.199838
21/08/2017,0.865083333,2883.478788,1165.498713,1.855404156,13.03218909,6499.653465,10563.51856
22/08/2017,0.755208333,5787.757786,1944.930119,3.568813008,9.91699163,7296.378246,15042.55196
23/08/2017,0.734958333,5513.841477,1856.410175,3.369115619,9.154911013,4122.075324,11504.851
24/08/2017,0.740041667,6141.835984,2051.583264,3.757327253,9.881434502,4106.526326,12313.58434
25/08/2017,0.76325,6763.606102,1494.701025,4.704791857,11.43442171,4834.771823,13109.21816
26/08/2017,0.742541667,6350.231888,37.0730965,3.258474174,10.81751197,4761.063436,11162.44441
27/08/2017,0.740166667,6124.450736,35.3129292,4.081122391,9.939232064,4093.210714,10266.99473
28/08/2017,0.757791667,5801.072989,713.696795,3.938270002,11.53773486,3861.310376,10391.55616
29/08/2017,0.740458333,4358.466482,1231.042532,3.268229256,1074.69624,2457.32744,9124.800924
30/08/2017,0.755333333,4186.275096,1298.894504,4.53577268,2070.173316,2110.190641,9670.069329
31/08/2017,0.808166667,4801.262975,1476.546107,8.440972575,2460.637376,2483.488225,11230.37566
1/09/2017,0.78675,3130.299762,4647.855992,4.300376274,4993.621278,5177.182948,17953.26036
2/09/2017,0.747416667,49.01029936,3800.674342,1.634844305,3730.66411,3886.249206,11468.2328
3/09/2017,0.496583333,7.951801874,9.396062937,0.33755525,2.186450792,25.54936582,45.42123667
4/09/2017,0.51275,0.910427105,0.288946101,0,0,4.837681979,6.037055185
5/09/2017,0.530958333,9.25010304,8.335424911,0.250186864,0.817707175,6.79430666,25.44772865
6/09/2017,0.667958333,29.33272536,1693.907106,0.907574597,5.498892228,1849.236785,3578.883083
7/09/2017,0.711458333,40.68507547,2853.910499,1.334339714,1975.837859,4004.801786,8876.569559
8/09/2017,0.740083333,1178.294423,37.27986193,3.864634023,1002.72163,1832.358629,4054.519178
9/09/2017,0.794166667,2189.065654,42.92079798,7.080580738,12.84646,1671.079791,3922.993283
10/09/2017,0.814291667,2362.220112,45.48242513,8.892692187,14.17057053,1869.011286,4299.777086
11/09/2017,0.747708333,3476.032559,751.4494103,5.660303121,12.77810703,2693.740509,6939.660888
12/09/2017,0.727583333,2739.936811,755.5405468,3.756561702,11.41729595,1998.632594,5509.283809
13/09/2017,0.531,9.076772168,8.502789965,0.306784427,1.846142746,18.13313562,37.86562493
14/09/2017,0.612583333,296.0208081,598.591563,2.454083825,5.533261913,769.7168282,1672.316545
15/09/2017,0.715833333,607.3792123,1149.114157,3.425829183,10.77816508,1487.313144,3258.010507
16/09/2017,0.762041667,728.8555842,1275.793086,7.90507807,11.98806456,1547.247919,3571.789732
17/09/2017,0.843208333,929.5562534,1543.440571,12.68239998,16.00126455,2138.083618,4639.764107
18/09/2017,0.693625,443.1811878,816.3919126,2.090331964,9.538367286,1514.367255,2785.569054
19/09/2017,0.722,442.3324352,772.2278207,5.848419228,10.13342793,1408.776906,2639.319009
20/09/2017,0.808958333,816.2422668,1365.309369,9.06007402,13.89348762,1846.383237,4050.888435
21/09/2017,0.755875,718.2121891,1277.617742,5.236641124,12.00729022,1629.156315,3642.230177
22/09/2017,0.799875,493.7239414,803.1573866,7.911967782,13.52260007,1823.391249,3141.707145
23/09/2017,0.653208333,33.93291251,30.65586481,2.55083704,8.365728245,1378.557159,1454.062501
24/09/2017,0.488875,6.442727549,12.58204782,0.498254774,3.286331873,881.525247,904.334609
25/09/2017,0.691375,28.5297375,27.58897909,3.7290089,6.870723444,999.7321521,1066.450601
26/09/2017,0.825583333,591.3738385,658.906331,8.853668837,13.58155266,1661.832545,2934.547936
27/09/2017,0.7105,632.1280188,1206.851802,2.753309855,10.69730108,1522.445729,3374.876161
28/09/2017,0.657,426.9455689,906.3024139,2.565183456,7.10734765,1123.265133,2466.185647
29/09/2017,0.665458333,500.9623689,1018.682135,2.077776249,8.65307311,1300.363902,2830.739256
30/09/2017,0.672041667,495.9188118,979.8952153,1.84891703,7.996488463,1118.527045,2604.186477
1/10/2017,0.7155,604.4562765,1127.694072,2.865500031,9.90084268,1327.885348,3072.80204
2/10/2017,0.752791667,699.3047792,1243.911699,4.276689807,11.35838458,1482.227187,3441.07874
3/10/2017,0.755625,720.2962076,1299.435005,4.68876384,11.79876487,1561.636813,3597.855555
4/10/2017,0.755291667,611.2930531,1336.18092,4.089545668,12.39515982,1491.307185,3455.265864
5/10/2017,0.676958333,286.6133647,1041.182746,2.109379438,8.241971065,766.505261,2104.652722
6/10/2017,0.78275,423.4147933,1378.27329,7.409292529,12.68427857,1108.154287,2929.935941
7/10/2017,0.850875,506.3719376,1582.269618,8.023156001,15.57725023,1388.495291,3500.737254
8/10/2017,0.723375,349.3689279,1236.904354,3.060749605,10.7051519,1033.625849,2633.665033
9/10/2017,0.682541667,305.6649467,1133.544788,2.799022623,9.657598864,945.8333502,2397.499706
10/10/2017,0.783166667,404.6468132,1314.829849,6.885016381,12.74519992,1166.355289,2905.462167
11/10/2017,0.690083333,316.1354792,1138.512621,2.599759008,9.488483964,941.3070012,2408.043345
12/10/2017,0.645791667,245.6228107,982.8276754,2.091852345,8.22800953,860.0481898,2098.818538
13/10/2017,0.729833333,335.1228427,1129.281088,3.392350888,10.1299222,932.8080513,2410.734255
14/10/2017,0.774208333,400.8270294,1285.162966,5.509209961,11.97592019,1063.097287,2766.572413
15/10/2017,0.791375,437.5134453,1422.85112,5.453049223,12.87224103,1156.771815,3035.46167
16/10/2017,0.804791667,682.7532832,1503.706783,7.621892094,13.79237931,1935.403539,4143.277876
17/10/2017,0.821291667,887.1121186,1530.834199,8.551877334,14.48648222,3346.69202,5787.676697
18/10/2017,0.807333333,847.6231337,1461.624604,7.362323984,13.86937548,3654.90822,5985.387657
19/10/2017,0.681791667,582.1898387,1118.612081,1.602470337,8.945912151,2631.417118,4342.76742
20/10/2017,0.7375,492.7617276,1172.444194,3.99059415,10.31612634,1997.022861,3676.535503
21/10/2017,0.753708333,378.845984,1249.34077,2.980142482,11.09796269,1519.891874,3162.156733
22/10/2017,0.735875,364.8952915,1244.646404,3.589705014,10.91976325,1514.313382,3138.364546
23/10/2017,0.789875,425.7663539,1358.517719,5.761072166,12.64051578,1709.295004,3511.980664
24/10/2017,0.797583333,440.2603558,1421.14399,6.741630913,13.44459097,1805.631026,3687.221594
25/10/2017,0.755,385.1169158,1254.073356,2.712431602,11.36388181,1575.355879,3228.622465
26/10/2017,0.720583333,343.6114143,324.2964254,3.91174508,10.17659365,1449.933823,2131.930001
27/10/2017,0.799541667,322.9405803,40.84061725,7.155603175,12.8635843,1789.460502,2173.260887
28/10/2017,0.699125,40.07568575,34.44197805,3.886328141,9.730295112,1424.965302,1513.099589
29/10/2017,0.638458333,25.21561145,20.20693877,2.32275098,6.031924444,1222.79318,1276.570406
30/10/2017,0.531541667,3.701797112,6.129264892,0.286800825,1.219320924,243.5770944,254.9142781
31/10/2017,0.723166667,157.7110737,27.22118556,2.218635661,7.30745749,981.7442287,1176.202581
1/11/2017,0.724208333,495.7441147,33.93708852,2.437513992,9.432051558,1272.177209,1813.727978
2/11/2017,0.741333333,931.7666757,35.70550998,2.563570569,10.27321358,1361.093322,2341.402292
3/11/2017,0.733916667,635.9094327,35.26419954,3.412947659,9.831674448,1291.77262,1976.190875
4/11/2017,0.809166667,1172.547648,41.55129052,4.737379528,12.09138401,1500.379751,2731.307453
5/11/2017,0.794791667,826.3046247,41.52489515,3.705627811,11.79410215,1526.724321,2410.053571
6/11/2017,0.733416667,1066.333761,37.66640826,2.20352073,10.26675542,1409.255116,2525.725562
7/11/2017,0.727541667,700.6389897,37.60941656,2.631872645,10.29209278,1412.003335,2163.175706
8/11/2017,0.760666667,1107.385989,40.42684741,2.948159393,11.49136691,1567.270373,2729.522735
9/11/2017,0.753916667,756.88072,40.69338553,3.173591145,11.74127403,1600.012475,2412.501446
10/11/2017,0.760833333,1092.452228,40.87635704,3.339557962,11.91252623,1629.377786,2777.958455
11/11/2017,0.749666667,719.0678874,39.79520227,2.993623921,11.70046627,1623.564763,2397.121943
12/11/2017,0.747875,1034.15808,39.4154722,2.910999424,11.54463565,1614.968759,2702.997947
13/11/2017,0.760625,721.4200022,39.72220138,3.678325433,11.80276188,1631.864799,2408.48809
14/11/2017,0.74875,1055.592837,39.79582918,3.642008467,11.57650683,1590.215769,2700.82295
15/11/2017,0.685166667,475.4983902,30.99760932,1.359052664,7.444037398,1062.344963,1577.644052
16/11/2017,0.658708333,575.0224019,30.0025301,1.064480104,6.491604305,987.0227303,1599.603747
17/11/2017,0.681583333,526.6075004,34.88944575,2.488113565,8.756390836,1324.421846,1897.163297
18/11/2017,0.792,1157.300333,42.49698405,4.614680672,11.89348599,1634.32971,2850.635193
19/11/2017,0.83925,884.3013062,45.75100716,7.140023087,13.18019425,1796.493211,2746.865742
20/11/2017,0.88075,1365.244278,48.56461122,9.612228745,14.59993223,1959.056293,3397.077343
21/11/2017,0.881125,1179.097538,48.05802578,9.860458147,14.72408318,1972.247796,3223.987901
22/11/2017,0.848583333,1692.932817,44.72401308,6.810130907,13.43126658,2285.93773,4043.835958
23/11/2017,0.827416667,1168.982132,41.48306427,6.510304378,12.09564391,2705.52122,3934.592365
24/11/2017,0.803458333,1590.253433,39.99481215,4.399657466,11.39012264,2754.218056,4400.256081
25/11/2017,0.791583333,1153.903381,39.55079202,3.870442286,11.04551272,2996.959661,4205.329789
26/11/2017,0.799125,1193.653776,39.96568645,4.556999422,10.97827642,2884.567777,4133.722515
27/11/2017,0.838166667,1344.692289,43.73250524,5.867725674,12.59804782,3284.954183,4691.844752
28/11/2017,0.862708333,1246.826294,46.56642762,7.62230436,13.95374702,3647.853566,4962.822339
29/11/2017,0.893875,1054.000508,48.04809351,10.09542831,14.84146873,3880.839261,5007.824759
30/11/2017,0.83175,887.3560599,42.23012891,5.15226086,12.40294159,3332.306638,4279.448029
1/12/2017,0.813458333,535.4367598,37.62371391,3.361040783,10.12743529,2603.3214,3189.87035
2/12/2017,0.803833333,51.65325636,36.19323509,3.244010707,9.179974672,2416.454291,2516.724767
3/12/2017,0.834875,56.14841821,39.95493126,5.474022729,11.16706018,2989.842086,3102.586519
4/12/2017,0.861833333,916.3214174,43.02050205,7.288062457,12.48983037,3272.340831,4251.460643
5/12/2017,0.893833333,1863.318052,910.8894337,8.269118057,596.5083161,4077.075951,7456.06087
6/12/2017,0.860083333,2246.07491,1903.639654,6.851721451,1099.900401,4524.265057,9780.731744
7/12/2017,0.830458333,2088.595419,1788.901764,4.937745307,1015.633675,4223.537523,9121.606126
8/12/2017,0.836333333,2079.26533,1722.204772,5.696970339,1000.33352,4217.889764,9025.390356
9/12/2017,0.864416667,2280.653732,1817.667264,7.701042879,1085.535105,4465.332383,9656.889527
10/12/2017,0.914166667,2594.985766,1955.479852,10.03915955,1210.806486,4801.440372,10572.75164
11/12/2017,0.915875,2647.674242,2014.51973,9.593912431,2151.505374,6555.701552,13378.99481
12/12/2017,0.933416667,3874.692431,2089.480442,11.96807693,3261.345422,9167.09489,18404.58126
13/12/2017,0.9095,4588.772198,1951.352735,8.317444342,3044.651187,8780.129938,18373.2235
14/12/2017,0.841666667,3736.087923,1653.166724,6.758822535,2391.983797,7027.573441,14815.57071
15/12/2017,0.893875,4188.587134,1753.71232,8.182068665,2687.643053,7647.610554,16285.73513
16/12/2017,0.8925,4098.786032,1706.70623,8.127816783,2604.847785,7333.35125,15751.81911
17/12/2017,0.923208333,4534.402836,1865.177458,10.22447091,2926.756361,8194.215799,17530.77693
18/12/2017,0.924208333,4634.743274,1939.243198,9.566767085,4718.069674,6939.217763,18240.84068
19/12/2017,0.731916667,2642.34339,1392.013927,1.821300232,2505.066225,5916.278469,12457.52331
20/12/2017,0.769791667,2103.878215,946.1502766,2.169824811,1319.607487,4617.576876,8989.38268
21/12/2017,0.868583333,3176.395918,1311.796417,5.662129315,1715.119421,4534.422647,10743.39653
22/12/2017,0.87275,2597.838831,1659.817967,7.016985901,1038.01196,3338.636779,8641.322522
23/12/2017,0.855416667,1718.600231,1675.415436,5.210907169,516.1414627,2564.707708,6480.075745
24/12/2017,0.811208333,1536.390026,1548.902356,4.731146924,425.5373761,1983.992755,5499.55366
25/12/2017,0.889458333,1974.193895,1908.692835,7.159902252,570.5402831,2710.589185,7171.1761
26/12/2017,0.876416667,1949.547012,2018.085211,7.319503309,605.991738,3032.356927,7613.300391
27/12/2017,0.843625,1817.578443,1955.546354,5.989932556,581.0215314,2978.78502,7338.921282
28/12/2017,0.832791667,1729.163005,1820.171946,5.239826136,535.6712688,2711.208782,6801.454828
29/12/2017,0.821,1650.139681,1762.236123,3.932836013,517.3662306,2647.35043,6581.025301
30/12/2017,0.739666667,1275.084158,1461.479874,3.018923955,405.9909643,2179.197566,5324.771487
31/12/2017,0.812208333,1525.195555,1611.099725,3.864825537,474.7486895,2446.411806,6061.320601
1/01/2018,0.780916667,1363.058105,1502.39963,2.769116317,429.3479555,2249.731843,5547.30665
2/01/2018,0.756916667,838.3743346,1417.210956,2.177348735,389.5396716,1527.920782,4175.223093
3/01/2018,0.805125,769.9472589,1618.72796,4.548239007,469.8276804,1453.626347,4316.677485
4/01/2018,0.817416667,825.6348688,1751.611252,4.428384277,513.3073594,1563.905656,4658.887521
5/01/2018,0.822458333,861.1496925,1860.411784,5.902544275,546.3999728,1690.655608,4964.519602
6/01/2018,0.743375,705.1348022,1610.854198,2.882640765,453.7481699,1460.268586,4232.888397
7/01/2018,0.770708333,725.3376096,1550.914944,2.525144699,436.9497288,1337.106702,4052.834129
8/01/2018,0.764083333,718.9772895,753.1981795,2.412681009,159.0693448,1353.872599,2987.530094
9/01/2018,0.75975,705.7035528,34.86660123,2.640112831,9.415724193,1281.587086,2034.213077
10/01/2018,0.838791667,897.366767,41.69069593,5.318703882,12.59664629,1653.281032,2610.253846
11/01/2018,0.808333333,837.3416527,40.07086179,5.326510049,12.27170129,1646.439572,2541.450298
12/01/2018,0.745541667,691.7783777,34.86220005,2.058901035,10.16757911,1460.163991,2199.031049
13/01/2018,0.613,362.1489189,18.21742783,0.964565401,4.188409775,841.9516848,1227.471007
14/01/2018,0.747375,648.5080986,33.00846099,2.459329229,9.044240828,1173.198854,1866.218984
15/01/2018,0.752583333,707.1386174,36.33146591,2.541348254,10.24816475,1367.188246,2123.447842
16/01/2018,0.76375,747.9938605,38.41323426,2.665007722,11.04866342,1481.212715,2281.333481
17/01/2018,0.766583333,520.6688248,39.26148003,3.845224869,11.70523897,1256.100533,1831.581302
18/01/2018,0.753416667,388.8019912,37.50762988,2.822800013,11.19756715,1055.990943,1496.320931
19/01/2018,0.715,344.7456524,33.6071071,1.811505121,9.777990925,933.8991574,1323.841413
20/01/2018,0.67975,305.2053442,31.88636495,1.423739159,8.569764225,833.4386851,1180.523898
21/01/2018,0.688958333,320.6947909,33.12811847,1.279590247,9.091530764,874.7885832,1238.982613
22/01/2018,0.670875,283.900095,29.31295014,1.0733957,7.512945583,731.5800161,1053.379403
23/01/2018,0.704416667,325.8912365,32.75285949,1.355549399,8.8229598,817.0073862,1185.829991
24/01/2018,0.696375,310.3577771,31.37076746,1.242544565,8.325692403,771.200098,1122.49688
25/01/2018,0.672916667,292.9325481,30.29599908,1.148325514,8.205759547,772.7553184,1105.337951
26/01/2018,0.682666667,310.628353,32.27017519,1.223576695,8.945485851,832.4673326,1185.534923
27/01/2018,0.691625,316.1033577,32.17285611,1.224237225,9.148319113,847.8268585,1206.475629
28/01/2018,0.653833333,273.4154,28.96037952,1.049065696,8.178654513,768.3064673,1079.909967
29/01/2018,0.603125,220.0825276,22.97639556,0.791270154,5.75290224,563.6503607,813.2534562
30/01/2018,0.67525,272.305841,25.83708185,0.981703117,6.366048521,671.557435,977.0481095
31/01/2018,0.706583333,333.0798042,31.84392852,1.27499443,8.224439797,1057.283205,1431.706372
1/02/2018,0.719458333,349.8162247,32.27685785,1.229406327,8.206066085,1090.101843,1481.630398
2/02/2018,0.693458333,330.3463102,31.78194106,1.155414748,8.134057506,1145.694705,1517.112429
3/02/2018,0.677875,321.1098484,31.65682202,1.133124085,8.244317611,1190.029743,1552.173855
4/02/2018,0.666916667,312.7028523,31.40351446,1.135013347,8.334649653,1224.652241,1578.228271
5/02/2018,0.641291667,286.3067077,28.79564094,1.02240039,7.488834399,1151.228918,1474.842501
6/02/2018,0.641291667,284.3361734,27.35993185,1.004324213,7.355173601,1132.142958,1452.198561
7/02/2018,0.654333333,294.1275618,28.12884687,1.062124739,7.795088627,1153.582547,1484.696169
8/02/2018,0.642791667,279.6630567,26.92948767,1.00706556,7.303229189,1094.856459,1409.759298
9/02/2018,0.674,307.2652296,29.22188747,1.112024096,8.128049132,1156.224487,1501.951678
10/02/2018,0.577791667,214.4627157,20.30026426,0.720149311,5.181674631,889.8790337,1130.543838
11/02/2018,0.634541667,255.3878051,23.95356901,0.908315956,6.36351707,941.2991578,1227.912365
12/02/2018,0.640041667,259.6550944,24.33964619,0.945432021,6.834774398,1008.172593,1299.94754
13/02/2018,0.66025,183.547064,25.67612675,1.012781924,7.40147944,1069.058655,1286.696107
14/02/2018,0.509375,12.51232809,10.84279273,0.396802905,2.391076872,143.892996,170.0359966
15/02/2018,0.583875,82.17529327,17.51338719,0.691021357,4.939973795,583.5697284,688.889404
16/02/2018,0.62375,94.51288007,19.89946276,0.786902284,5.681750285,883.1198936,1004.000889
17/02/2018,0.6385,31.26312182,23.98530015,0.918299696,6.751251076,971.2054674,1034.12344
18/02/2018,0.621333333,30.69838626,25.10052658,0.951490587,6.837216075,969.161063,1032.748683
19/02/2018,0.628583333,185.3171421,24.16221838,0.902163239,6.230050363,829.969617,1046.581191
20/02/2018,0.627416667,265.8063038,27.81682484,1.039375768,7.702477819,1103.611638,1405.97662
21/02/2018,0.616541667,259.4530554,26.22893597,0.965181491,7.218126108,1446.316674,1740.181973
22/02/2018,0.647291667,283.5811747,28.33446687,1.0811597,7.983905301,1838.916013,2159.896719
23/02/2018,0.633958333,273.1220125,28.44989949,1.114505887,8.133433287,1923.377289,2234.19714
24/02/2018,0.560541667,184.7587144,18.00223836,0.661552927,4.619147393,1252.541903,1460.583556
25/02/2018,0.616291667,231.2851449,22.84582912,0.850199885,5.939511829,1362.572163,1623.492849
26/02/2018,0.635291667,265.2349537,26.73176878,0.98809232,7.339260285,1943.83583,2244.129905
27/02/2018,0.622083333,404.6834175,26.96174422,1.011091648,7.704705919,2311.676122,2752.037081
28/02/2018,0.42275,175.3800724,7.748556304,0.213497587,1.100975183,973.4065523,1157.849654
1/03/2018,0.577625,323.0650463,16.43570342,0.642936166,4.763195145,1490.416422,1835.323303
2/03/2018,0.587375,400.0022058,21.2073558,0.794571925,5.936857676,1751.894968,2179.835959
3/03/2018,0.529125,278.6878733,14.55828713,0.515647157,3.868185321,1382.571384,1680.201377
4/03/2018,0.557708333,346.2765085,18.02058198,0.665002236,4.754272165,1448.840559,1818.556924
5/03/2018,0.548541667,326.3408701,16.68857231,0.62807629,4.251603833,1305.449934,1653.359057
6/03/2018,0.580375,406.3913049,19.07444049,0.715281661,5.003110944,1395.351214,1826.535352
7/03/2018,0.56125,397.0058638,22.25036278,0.778874133,5.884715499,1776.942557,2202.862373
8/03/2018,0.555666667,387.172209,21.459016,0.760749394,5.724496058,1751.992902,2167.109372
9/03/2018,0.55275,382.354662,21.04611179,0.769226047,5.688726756,1761.406291,2171.265018
10/03/2018,0.538458333,358.610519,19.86248341,0.740292807,5.502549989,1737.333714,2122.049559
11/03/2018,0.475458333,258.9854891,12.31466219,0.428281089,2.709619192,1124.960446,1399.398498
12/03/2018,0.510625,312.9799945,15.66710527,0.556955652,3.638944617,1316.594541,1649.437541
13/03/2018,0.518375,267.4088829,17.03651434,0.592305141,4.241850511,1174.27642,1463.555973
14/03/2018,0.519708333,175.0429859,17.31296517,0.592863968,4.496380198,764.9791948,962.42439
15/03/2018,0.513125,167.8155157,16.95562996,0.55614468,4.526280704,764.3417053,954.1952763
16/03/2018,0.531333333,184.6954068,19.42779068,0.69620466,5.565505623,544.9186737,755.3035814
17/03/2018,0.528416667,182.3648628,18.39884677,0.683818583,5.614887859,328.1474048,535.2098208
18/03/2018,0.29425,29.17323406,2.211842243,0.079461008,0.450190299,56.07344877,87.98817638
19/03/2018,0.440166667,26.14022204,3.229150415,0.111998404,0.728941207,98.3999453,128.6102574
20/03/2018,0.51475,7.546489477,5.8153468,0.255332082,1.692772518,69.14155091,84.45149178
21/03/2018,0.5535,108.4290099,15.15011323,0.544184969,4.324072359,225.4432502,353.8906306
22/03/2018,0.514458333,160.3555964,15.90985008,0.545012611,4.537164284,275.0843706,456.4319939
23/03/2018,0.553416667,135.0340531,20.03241646,0.697864785,5.773766985,208.2154721,369.7535734
24/03/2018,0.479291667,18.38728006,14.15016234,0.441144291,3.79431878,21.91391992,58.68682538
25/03/2018,0.250458333,2.231194624,1.686607462,0.027100603,0.171032176,5.42435345,9.540288315
26/03/2018,0.366458333,3.955501388,3.011142757,0.081661662,0.460328217,4.996569141,12.50520317
27/03/2018,0.555458333,94.35646794,18.33136419,0.641975271,5.554541002,159.6103116,278.49466
28/03/2018,0.468416667,104.9898006,9.259394659,0.256194082,2.157374372,198.9318542,315.5946179
29/03/2018,0.489458333,67.98890204,10.72892438,0.337082093,2.898888172,305.1716653,387.125462
30/03/2018,0.479958333,9.826043506,8.797318521,0.257192891,2.078731412,376.3972457,397.3565321
31/03/2018,0.525666667,13.89823213,14.53895717,0.487708706,4.006689981,471.4456914,504.3772794
1/04/2018,0.500125,12.64293977,12.17651346,0.388495301,3.272419727,440.1644884,468.6448567
2/04/2018,0.467791667,10.26108962,8.376258264,0.242663246,1.888477944,342.5037662,363.2722553
3/04/2018,0.502708333,15.08500949,12.95397918,0.420868382,3.486989456,442.3054642,474.2523108
4/04/2018,0.52625,18.99213601,15.65988944,0.545461064,4.454029014,507.888821,547.5403365
5/04/2018,0.512083333,96.03054389,17.03581932,0.531772214,4.446868974,366.4196859,484.4646903
6/04/2018,0.514083333,163.2367398,17.90504515,0.543118593,4.581418528,282.7133004,468.9796224
7/04/2018,0.535,184.8244522,20.90407555,0.650348905,5.495862846,314.089249,525.9639884
8/04/2018,0.499791667,155.9781856,17.48346449,0.50851764,4.409263989,288.456462,466.8358937
9/04/2018,0.521666667,164.857065,17.99535585,0.605791919,5.022152694,292.844225,481.3245905
10/04/2018,0.481291667,129.7610526,13.7855687,0.433341349,3.641442913,249.4910724,397.112478
11/04/2018,0.51725,153.9344499,16.75831218,0.536724477,4.474461098,264.7987009,440.5026486
12/04/2018,0.390708333,45.15236145,7.098345661,0.122060179,1.049453798,176.9944794,230.4167005
13/04/2018,0.424208333,47.29448116,4.709335585,0.165988799,1.439081121,1424.188828,1477.797714
14/04/2018,0.147083333,0,0,0,0,0,0
15/04/2018,0.320541667,0,0,0,0,0,0
16/04/2018,0.416958333,2.429616495,0.79466036,0.027338657,0.100414644,0,3.352030156
17/04/2018,0.542,299.0582285,9.359521855,0.335119478,321.8043112,764.4756877,1395.032869
18/04/2018,0.548666667,124.5027237,15.560925,0.55344867,4.675628779,474.8585233,620.1512494
19/04/2018,0.519916667,135.6230291,14.7176279,0.469669809,3.988040554,234.3832787,389.181646
20/04/2018,0.527458333,141.450916,16.08125047,0.520704222,4.466735437,261.4242059,423.9438121
21/04/2018,0.503791667,123.6497975,13.49925096,0.440807132,3.70680091,218.8948655,360.191522
22/04/2018,0.507791667,132.2786813,14.63262577,0.458986978,3.899605842,245.5481624,396.8180623
23/04/2018,0.509708333,138.9079792,16.25004351,0.529135494,4.285991595,258.9877106,418.9608604
24/04/2018,0.495166667,116.0146445,12.59409732,0.405278415,3.037921226,226.2282884,358.2802299
25/04/2018,0.509708333,111.2898114,12.4024216,0.408621359,3.086350592,219.3144056,346.5016105
26/04/2018,0.491708333,116.3154711,11.61139273,0.366709685,2.718087688,200.200735,331.2123962
27/04/2018,0.545291667,171.0905745,18.38111818,0.625633869,4.852629695,256.2770641,451.2270203
28/04/2018,0.520208333,165.0993987,18.05279988,0.555335045,4.460197731,259.003713,447.1714443
29/04/2018,0.525541667,172.9564475,18.99262653,0.565609831,4.725682462,270.6794112,467.9197776
30/04/2018,0.530666667,169.8386822,19.95900566,0.619605866,5.036132645,291.1199381,486.5733645
1/05/2018,0.534416667,71.4219475,20.39102387,0.627265101,5.261361088,497.3210611,595.0226586
2/05/2018,0.531375,19.69211147,18.59754865,0.608401341,5.135990559,585.5454416,629.5794936
3/05/2018,0.488958333,10.45215348,10.21581767,0.297044473,2.791645624,328.4723434,352.2290046
4/05/2018,0.3845,0.167086075,0.831970278,0.01280164,0.035070161,0.911049643,1.957977797
5/05/2018,0.507666667,10.18527936,9.562583273,0.33643088,2.306021691,8.886409145,31.27672435
6/05/2018,0.529625,16.92793999,16.67596524,0.557413701,4.828001849,17.4478323,56.43715308
7/05/2018,0.50775,16.49884019,14.37882181,0.495992737,4.510512804,20.3113569,56.19552444
8/05/2018,0.519,12.4430347,14.10179068,0.456324083,4.405333353,300.0989548,331.5054376
9/05/2018,0.460208333,9.711353403,9.816171952,0.333925472,3.253412742,345.2427146,368.3575782
10/05/2018,0.204833333,0,0,0,0,0,0
11/05/2018,0.41825,2.947798765,2.199721353,0.059670436,0.319683091,0.63220017,6.159073816
12/05/2018,0.510833333,18.0392355,15.69944622,0.468366379,3.71018724,14.35359719,52.27083252
13/05/2018,0.530708333,22.14339598,20.29550237,0.607612161,5.201370853,22.37507191,70.62295327
14/05/2018,0.5295,115.9354926,381.7955335,0.615539107,5.23511816,194.571828,698.1535114
15/05/2018,0.53475,165.6653555,18.96165498,0.567542557,4.857249041,264.7786781,454.8304801
16/05/2018,0.542166667,168.0414112,19.82424361,0.6107456,5.068583792,288.3386104,481.8835946
17/05/2018,0.494333333,100.3637308,15.24382776,0.440127153,3.753823294,350.7844013,470.5859104
18/05/2018,0.50725,15.03095763,13.95786361,0.426561512,3.548685595,475.7624641,508.7265325
19/05/2018,0.522916667,16.4141033,16.16616181,0.514025885,4.146629248,484.7538952,521.9948155
20/05/2018,0.496416667,15.78613093,13.67797629,0.402401261,3.260595299,462.5642446,495.6913484
21/05/2018,0.446625,11.69546761,9.585601334,0.261061635,2.07378317,396.7268421,420.3427559
22/05/2018,0.498833333,14.12240317,13.77354296,0.428994674,3.278866445,416.5359417,448.139749
23/05/2018,0.531291667,18.20651033,18.08490111,0.593803388,4.577007294,343.0143451,384.4765673
24/05/2018,0.545416667,22.21176163,20.5667409,0.694334173,5.543348404,286.1966097,335.2127948
25/05/2018,0.56975,27.75235138,23.60636751,0.781732712,6.372397845,322.4556013,380.9684508
26/05/2018,0.6205,35.93495082,28.74050728,0.991773403,8.160230354,389.078438,462.9058998
27/05/2018,0.582083333,25.16760307,23.31869858,0.81030576,6.730591125,333.4905622,389.5177608
28/05/2018,0.550958333,15.5483543,14.87766551,0.534068758,4.676652517,172.3409742,207.9777153
29/05/2018,0.39675,0,0.220222167,0,0.105102986,2.172059259,2.497384411
30/05/2018,0.478875,6.509215755,6.804019056,0.190467682,0.744177309,3.661532756,17.90941256
31/05/2018,0.555666667,16.08163056,16.10498454,0.519402386,2.927914079,262.1446164,297.7785479
1/06/2018,0.596041667,26.65232574,25.22917623,0.861177312,5.602264654,608.4385712,666.7835152
2/06/2018,0.578125,21.9314293,21.53322537,0.710341423,4.276197488,566.086974,614.5381676
3/06/2018,0.553125,20.09831403,20.42558451,0.66198397,3.307144659,535.0806657,579.5736929
4/06/2018,0.547583333,110.5526788,22.06731954,0.710248327,3.877377178,400.6088531,537.816477
5/06/2018,0.581291667,221.2455318,25.87091593,0.827014991,6.010433388,325.3669645,579.3208607
6/06/2018,0.601875,247.143521,29.24247175,0.960858261,7.59061219,377.658934,662.5963973
7/06/2018,0.593125,205.7567682,25.83231768,0.899910356,7.814963465,384.1462931,624.4502528
8/06/2018,0.552458333,108.2802796,20.44388435,0.69629674,5.929869448,377.5015811,512.8519112
9/06/2018,0.572916667,21.2709087,22.23500431,0.753669061,6.106630528,541.6125105,591.9787231
10/06/2018,0.627708333,33.82088202,28.84572406,1.009453369,7.606318673,687.3981488,758.680527
11/06/2018,0.6175,30.88495667,24.74736333,1.019555315,7.01913749,756.7791063,820.4501191
12/06/2018,0.380916667,1.633395003,2.362989067,0.068663308,0.647183264,15.1975301,19.90976075
13/06/2018,0.529125,9.460993999,9.92076808,0.333844933,1.798156997,7.9234492,29.43721321
14/06/2018,0.471125,4.851544508,6.695894861,0.221851038,0.241444827,5.867343443,17.87807868
15/06/2018,0.427791667,0.363687945,0.825285976,0,0,0,1.188973921
16/06/2018,0.412625,2.70311062,0.343925846,0,0,0,3.047036466
17/06/2018,0.502,5.950183953,3.153022496,0.077132708,0,0,9.180339157
18/06/2018,0.625916667,31.25611802,24.81234919,0.876248413,0,18.18451618,75.12923181
19/06/2018,0.648375,190.7793133,683.7290688,1.093916235,1.721812132,262.0826437,1139.406754
20/06/2018,0.637916667,256.3552173,28.42147412,1.005823082,1.96455553,360.6768624,648.4239325
21/06/2018,0.627625,256.6392878,28.13077799,1.006938839,2.750346774,350.0635433,638.5908947
22/06/2018,0.631458333,260.2053527,28.5660495,1.019440455,4.489705868,366.5340219,660.8145704
23/06/2018,0.618958333,236.7269184,26.332615,0.957527055,4.819974835,344.2143556,613.0513909
24/06/2018,0.648166667,279.4924039,30.05291566,1.070410745,6.611556284,365.9520464,683.179333
25/06/2018,0.676541667,307.7676727,32.82028996,1.195888808,8.427285995,425.7662995,775.977437
26/06/2018,0.643458333,277.4699919,30.81367135,1.078990299,7.879917706,394.4262256,711.6687968
27/06/2018,0.641,268.6358994,30.19715918,1.055778948,8.080555238,391.3119228,699.2813155
28/06/2018,0.648708333,266.2463047,30.2443071,1.082503966,8.30811801,409.2667247,715.1479585
29/06/2018,0.619083333,163.5874104,20.70840213,0.7454249,5.90868018,466.2323595,657.1822771
30/06/2018,0.567125,14.33722858,14.4078954,0.447570159,3.520074036,437.8935893,470.6063574
1/07/2018,0.656708333,34.01858669,28.66979802,1.059555938,7.891087139,698.4154049,770.0544327
2/07/2018,0.673,176.3776645,31.07241903,1.216783218,8.868387318,590.2879521,807.8232061
3/07/2018,0.697916667,284.7026242,31.91894013,1.344266537,9.49287943,481.0635677,808.522278
4/07/2018,0.653166667,227.7985285,26.20404398,0.986826954,7.638783971,399.7118742,662.3400577
5/07/2018,0.627708333,167.7091902,20.6222872,0.779109785,5.866091887,259.4144038,454.3910828
6/07/2018,0.496208333,0.220439031,0.456493572,0,0.149644076,2.105869043,2.932445723
7/07/2018,0.398666667,0.017068359,0,0,0,0,0.017068359
8/07/2018,0.5795,8.0971871,5.276673283,0.174178774,1.044406996,1.903149597,16.49559575
9/07/2018,0.664291667,34.98181777,26.31866663,0.99686777,6.921266387,367.7697191,436.9883377
10/07/2018,0.674833333,39.78131659,30.32571925,1.167957509,8.415180281,751.1295705,830.8197441
11/07/2018,0.603041667,23.43396029,20.38377929,0.743701546,5.296244374,599.6694814,649.5271669
12/07/2018,0.687166667,39.63209405,31.53728589,1.24374456,8.681242676,776.6491443,857.7435115
13/07/2018,0.72,45.38654525,688.9100077,2.134241939,10.11678947,909.6589835,1656.206568
14/07/2018,0.732166667,42.03033682,33.72013055,1.978133022,10.27247512,970.0636551,1058.064731
15/07/2018,0.70275,38.18171735,31.60126746,1.349861513,9.159927348,863.6437013,943.936475
16/07/2018,0.67175,32.05080052,26.29462097,1.042546091,7.898763887,491.9335194,559.2202509
17/07/2018,0.528,16.91245655,13.70297962,0.597272114,4.214702154,49.51051727,84.9379277
18/07/2018,0.68725,16.54529639,13.22072476,0.510753817,3.733640749,52.33992398,86.35033969
19/07/2018,0.690208333,3.245775852,2.020387117,0.019038498,0.330268427,6.220102904,11.8355728
20/07/2018,0.646916667,9.048515519,6.21584372,0.214487204,1.368049746,9.059478642,25.90637483
21/07/2018,0.75825,44.18851098,33.43056835,1.403948487,9.503328518,88.95649658,177.4828529
22/07/2018,0.831208333,56.89292785,43.22072031,1.92310399,13.7464259,130.4640065,246.2471845
23/07/2018,0.757791667,648.4927338,1012.196214,1.392268859,10.15295221,3248.227835,4920.462004
24/07/2018,0.625,355.1492319,647.4195708,0.584112847,4.092938417,1839.650902,2846.896755
25/07/2018,0.773583333,473.7559371,372.6904784,1.130270278,7.643946112,1527.802758,2383.02339
26/07/2018,0.797916667,1271.395863,994.1709942,1.469167976,9.987367389,3957.991539,6235.014932
27/07/2018,0.806583333,858.4131054,1077.91205,1.570888888,10.89857345,4304.139859,6252.934477
28/07/2018,0.786875,44.74527796,726.088076,1.523226066,10.5253176,4355.678835,5138.560733
29/07/2018,0.604791667,18.75538737,15.17487634,0.521541135,2.974498445,1276.730374,1314.156677
30/07/2018,0.762583333,40.40237944,33.71547372,1.450639767,10.04852066,103.03492,188.6519335
31/07/2018,0.700875,29.55087333,24.50358749,1.013077604,7.039806112,84.31132058,146.4186651
1/08/2018,0.800166667,3507.652109,1349.903791,1.555322578,10.65589181,1735.151927,6604.919041
2/08/2018,0.896333333,9370.921336,3529.86455,2.216437442,15.82360767,3562.561872,16481.3878
3/08/2018,0.698416667,5881.597572,1782.178632,1.03815486,7.246522091,2068.666147,9740.727028
4/08/2018,0.757,9926.518549,2558.006119,1.358285256,9.425194023,3289.997603,15785.30575
5/08/2018,0.807541667,9249.769657,2924.172997,1.153299472,7.981614684,3102.392352,15285.46992
6/08/2018,0.62825,1423.073208,614.0281702,0.254046498,1.662600122,550.4372571,2589.455282
7/08/2018,0.702125,17.74097621,14.67428523,0.578785948,3.919770455,37.88976522,74.80358306
8/08/2018,0.672583333,17.8221965,15.18529848,0.608168796,4.023691297,32.06327933,69.7026344
9/08/2018,0.821666667,2710.709719,2096.316808,1.663572113,11.30556705,1282.013454,6102.00912
10/08/2018,0.774833333,2496.001869,1763.521021,1.260102068,8.614553232,1215.741075,5485.13862
11/08/2018,0.66525,26.05966456,20.49608045,0.790816567,5.03673545,46.40460468,98.78790171
12/08/2018,0.74,37.74253472,28.97073811,1.158216045,7.543457613,74.47054658,149.8854931
13/08/2018,0.763541667,3168.255431,1506.409184,1.557833256,10.54443851,958.3848814,5645.151768
14/08/2018,0.776416667,5966.380069,2442.719584,1.796263902,12.58456668,1672.624063,10096.10455
15/08/2018,0.616916667,2111.776858,938.9032682,0.900203521,6.181658175,1006.949682,4064.71167
16/08/2018,0.769291667,1729.903135,1393.546354,1.459166702,9.82915066,1275.838555,4410.576361
17/08/2018,0.768708333,1772.179137,1474.337931,1.559476227,10.73070302,1509.440971,4768.248217
18/08/2018,0.585083333,16.43237315,10.39365173,0.323087173,1.872387891,269.933759,298.955259
19/08/2018,0.719541667,38.54760445,25.65993362,0.938671637,5.934944629,49.53323638,120.6143907
20/08/2018,0.784416667,693.6687149,40.39204701,1.694743877,11.90779082,773.878038,1521.541335
21/08/2018,0.78125,1115.484871,40.69538295,5.15469866,11.75025814,1087.425419,2260.510629
22/08/2018,0.841916667,1303.05678,44.62610768,9.122784636,13.76015585,1223.613925,2594.179754
23/08/2018,0.872166667,1360.114927,45.47478766,8.844182486,14.06817054,1249.093236,2677.595304
24/08/2018,0.818541667,1127.026892,40.1048162,5.701338186,11.66114882,1048.439961,2232.934156
25/08/2018,0.804958333,1187.915995,42.23548805,5.132732627,12.22420615,1125.706122,2373.214544
26/08/2018,0.774333333,1082.854899,39.75288451,4.343180414,11.24642144,1050.408854,2188.60624
27/08/2018,0.840875,1323.369521,45.04498586,7.691923076,13.49766801,1182.813305,2572.417403
28/08/2018,0.872458333,1461.414596,49.11488138,11.69375278,15.3255122,1363.054115,2900.602857
29/08/2018,0.927583333,1666.641774,52.32844981,14.00119049,17.36656954,1548.508041,3298.846024
30/08/2018,0.880583333,1452.758355,47.32913676,11.52813597,15.54816756,1434.681527,2961.845322
31/08/2018,0.766458333,526.2489562,34.19971659,2.624044402,9.847181822,997.0374242,1569.957323
1/09/2018,0.7375,37.06372692,32.11596598,3.509717799,8.20691207,822.8880559,903.7843787
2/09/2018,0.806333333,52.48805597,40.97882102,5.46497527,11.81950652,1048.669438,1159.420797
3/09/2018,0.810375,569.2076997,43.42951983,5.862339588,12.71279019,1132.857609,1764.069959
4/09/2018,0.814083333,866.8314884,45.21240382,6.485708,13.37899757,1230.622974,2162.531572
5/09/2018,0.835333333,919.9195319,47.48689858,7.484066054,14.50533809,1359.073705,2348.46954
6/09/2018,0.719375,570.4451825,33.15133835,2.480420386,9.527336488,998.659182,1614.26346
7/09/2018,0.781291667,716.0980194,38.74892205,4.536310044,11.11581786,1047.486735,1817.985804
8/09/2018,0.749625,697.8271441,39.18544897,3.650878295,11.08770274,1109.117029,1860.868203
9/09/2018,0.753375,705.2019911,39.38746046,3.695643527,11.18387875,1076.620243,1836.089217
10/09/2018,0.805083333,818.5041947,42.93752242,6.531311898,12.74896796,1162.719148,2043.441145
11/09/2018,0.726958333,694.1734465,37.41985334,4.005265595,10.94180018,1153.349026,1899.889391
12/09/2018,0.7065,565.1162009,34.00560849,2.56493604,9.076317459,920.5000279,1531.263091
13/09/2018,0.776166667,727.9648697,39.75139588,4.86826995,11.52098324,1068.453153,1852.558672
14/09/2018,0.780916667,493.0158902,40.18142799,2.931980014,11.72853924,751.0603548,1298.918192
15/09/2018,0.4565,8.047124596,7.560855357,0.232941476,1.291179875,9.966576899,27.0986782
16/09/2018,0.735125,41.35020423,33.37187206,1.272749447,8.749156157,81.48053081,166.2245127
17/09/2018,0.793083333,53.44864066,41.70692052,5.037492207,12.47082349,737.3708023,850.0346792
18/09/2018,0.652333333,30.39426855,27.25759435,1.007329621,6.960444073,823.7306585,889.3502951
19/09/2018,0.681041667,33.38289802,28.0286112,1.875869129,7.177028974,719.983477,790.4478843
20/09/2018,0.754833333,48.26026521,37.37092087,2.973617503,10.37341671,948.4503399,1047.42856
21/09/2018,0.777916667,53.66322865,41.2220881,4.421321312,11.94497289,1080.000739,1191.25235
22/09/2018,0.776125,53.89958838,41.21411522,3.660817602,11.95319886,1099.653934,1210.381654
23/09/2018,0.782291667,55.79986603,41.99870573,4.730037797,11.99107883,1068.83886,1183.358548
24/09/2018,0.824166667,299.1547735,44.60786542,5.228058824,12.99841919,1145.270624,1507.259741
25/09/2018,0.807666667,459.2560847,44.82709151,5.128705199,12.9383747,1163.336034,1685.48629
26/09/2018,0.833208333,489.5257717,47.73103703,6.571310822,14.44165241,1305.442057,1863.711829
27/09/2018,0.727958333,363.0610348,37.8758119,2.044295069,10.40370501,1022.306603,1435.69145
28/09/2018,0.68175,211.6002118,33.71791115,1.427175362,8.935656362,888.8481329,1144.529088
29/09/2018,0.75425,51.15388011,38.87849289,3.216703292,11.02507415,1029.121624,1133.395774
30/09/2018,0.813708333,59.0014313,44.19445763,5.929811002,13.28004897,1194.27196,1316.677709
1/10/2018,0.8075,58.88851291,44.32912578,5.371104767,13.53301077,1240.528085,1362.649839
2/10/2018,0.764833333,277.773462,40.52597989,3.331831324,12.05233345,1126.606793,1460.2904
3/10/2018,0.731083333,359.1501937,35.08447526,2.169798569,9.516185947,855.3449828,1261.265636
4/10/2018,0.759541667,394.7122733,37.57657724,2.791202205,10.5236025,916.0422341,1361.645889
5/10/2018,0.779541667,425.4440431,41.45796307,3.008649553,12.0420433,1102.41466,1584.367359
6/10/2018,0.767208333,413.3200842,41.65747779,3.311376498,12.10560904,1129.844882,1600.23943
7/10/2018,0.764375,409.1149472,40.88393615,3.293725857,11.9567346,1114.1836,1579.432944
8/10/2018,0.777125,423.807608,41.41843027,4.280424699,12.62936255,1182.61101,1664.746836
9/10/2018,0.647166667,284.1068913,29.45805157,1.823823679,7.43299893,713.0904731,1035.912239
10/10/2018,0.789083333,428.0600571,39.1448972,3.370632538,11.01616519,931.4734366,1413.065189
11/10/2018,0.775458333,420.2412225,40.77800458,3.496158311,11.93150847,1096.787117,1573.234011
12/10/2018,0.786375,434.0361288,41.89227192,3.601108726,12.59811581,1158.710614,1650.838239
13/10/2018,0.791541667,441.2217144,42.11226567,5.327579645,12.78379961,1168.322816,1669.768175
14/10/2018,0.841041667,495.6601696,45.07649158,6.585749219,14.3046563,1286.42754,1848.054606
15/10/2018,0.875,536.2589966,44.55016087,10.82212868,14.82700772,1383.472808,1989.931102
16/10/2018,0.619833333,398.1331913,25.31742287,1.191471767,6.975141454,707.2058783,1138.823106
17/10/2018,0.571333333,662.8722283,21.63221353,0.892849269,5.102553333,340.671437,1031.171281
18/10/2018,0.720583333,981.4247747,35.24582566,3.6693194,10.54591268,525.8493469,1556.735179
19/10/2018,0.7795,1158.305997,38.54837713,5.465895187,12.63165147,638.3450601,1853.296981
20/10/2018,0.661375,809.9865107,29.07848863,1.777494258,8.069741334,434.685775,1283.59801
21/10/2018,0.766,1046.240133,37.61617743,3.826071391,11.74774202,575.733738,1675.163861
22/10/2018,0.722375,949.8185291,33.2583851,2.127266448,10.22341214,515.923837,1511.35143
23/10/2018,0.680458333,845.3396015,29.2008267,2.004501954,8.400875039,427.5854538,1312.531259
24/10/2018,0.79925,1079.848818,37.70053462,4.070522528,11.85628853,562.467726,1695.94389
25/10/2018,0.71825,980.5613378,33.25380118,2.270248355,9.797940512,489.0758416,1514.959169
26/10/2018,0.754666667,1112.633762,37.88490589,2.516862917,11.39898392,570.5304859,1734.965001
27/10/2018,0.7465,1098.488199,37.30655292,2.488266748,11.12034652,558.9910524,1708.394417
28/10/2018,0.760208333,1097.181554,37.57213681,2.792549107,11.34860946,562.598417,1711.493266
29/10/2018,0.758458333,1088.058539,37.3080422,2.756832777,11.38075791,568.6701108,1708.174283
30/10/2018,0.756166667,1077.691495,36.76010919,2.923945945,11.45351158,576.9749904,1705.804052
31/10/2018,0.770583333,1103.028444,37.67417437,3.618074208,11.84683999,587.254073,1743.421606
1/11/2018,0.753166667,1072.106562,37.64778611,3.62666905,12.0577075,622.9486922,1748.387417
2/11/2018,0.669958333,835.1917337,28.58677741,1.570577789,8.495943923,478.9006937,1352.745727
3/11/2018,0.6925,857.9078779,29.43086002,2.692987191,8.584410398,452.9714661,1351.587602
4/11/2018,0.790833333,1059.720109,38.36118481,5.273303204,12.42222329,624.592236,1740.369056
5/11/2018,0.742,953.8158068,34.18462051,2.765401892,10.75379677,554.0494939,1555.56912
6/11/2018,0.708458333,517.8984267,28.3612024,1.537760442,8.317506708,437.7215026,993.8363989
7/11/2018,0.612041667,321.9000756,18.01020843,1.192395814,4.6429219,310.0779108,655.8235125
8/11/2018,0.73725,896.8787134,31.57569714,3.045225024,9.659552431,491.4366013,1432.595789
9/11/2018,0.772291667,1025.043054,35.98782036,3.619980808,11.23835748,560.3987315,1636.287944
10/11/2018,0.780208333,1094.771029,37.51083073,4.259774992,11.77169218,577.900098,1726.213425
11/11/2018,0.798833333,1134.522225,39.03437157,4.753160704,12.40542802,608.3140616,1799.029247
12/11/2018,0.7765,1112.849425,38.67879759,4.890947021,12.39838021,632.6505874,1801.468138
13/11/2018,0.718916667,950.7098306,32.45836268,1.812633447,9.54090169,490.4486758,1484.970404
14/11/2018,0.708125,957.4593783,32.91304169,1.803565721,9.579453948,494.1977748,1495.953214
15/11/2018,0.755541667,1070.49468,36.26127288,2.832035719,10.90106181,532.3473414,1652.836392
16/11/2018,0.726541667,1047.794697,34.89025284,2.174861471,10.30161603,512.4765986,1607.638026
17/11/2018,0.751,1130.199446,36.83482856,2.747418896,10.82468317,524.6197229,1705.226099
18/11/2018,0.786791667,1221.893545,40.17555147,3.833643885,12.37531617,608.1178705,1886.395927
19/11/2018,0.750875,1126.632176,37.67704612,2.843706008,11.79463845,605.1431628,1784.09073
20/11/2018,0.657166667,857.7714844,26.93293052,1.349469203,7.787838802,412.7454013,1306.587124
21/11/2018,0.563291667,581.2124328,19.20622587,1.535902501,5.77161443,355.0256608,962.7518364
22/11/2018,0.197625,4.766572158,4.819672799,0.128417605,0.380831918,2.449953671,14
23/11/2018,0.643875,160.5399689,22.91704816,0.892579576,5.465775407,194.1603137,383.9756857
24/11/2018,0.7385,359.5596496,36.42593344,1.988271388,10.11237373,491.8852771,899.9715052
25/11/2018,0.725041667,354.3767261,35.7548669,1.6574877,9.863458093,475.0900312,876.7425701
26/11/2018,0.73075,328.9059085,34.53599244,1.804149016,9.61544986,483.1475965,858.0090963
27/11/2018,0.671,296.1385934,30.18593068,1.096008781,7.586907799,385.0267874,720.0342281
28/11/2018,0.680041667,288.1537887,29.15794609,1.203498047,7.49096147,371.7804946,697.7866888
29/11/2018,0.72525,361.4506428,36.24951671,1.721224841,10.13961968,504.2475257,913.8085298
30/11/2018,0.724833333,224.7268683,36.94245795,2.286999525,10.35328103,518.8777908,793.1873976
1/12/2018,0.698666667,43.54127142,34.57982669,2.343737653,10.20939268,561.0220123,651.6962408
2/12/2018,0.530166667,13.64102887,12.95830871,0.372577158,2.161632676,240.4080727,269.5416201
3/12/2018,0.615416667,132.9873385,21.2537555,0.718988812,5.078641605,295.817922,455.8566464
4/12/2018,0.716208333,340.6431798,33.76181258,1.521803822,9.364623812,434.1944548,819.4858748
5/12/2018,0.741083333,379.1591938,37.99607349,2.07671115,10.80556355,519.871252,949.908794
6/12/2018,0.738416667,376.9914806,38.34253281,2.174496538,10.98249313,546.1015687,974.5925718
7/12/2018,0.680375,225.5758268,33.16539304,1.414729703,9.282976444,346.2206281,615.659554
8/12/2018,0.67725,41.12166512,31.62162244,1.139551444,8.285575003,38.71635103,120.884765
9/12/2018,0.686083333,44.28069231,33.42271315,1.214300072,8.85524652,50.74470553,138.5176576
10/12/2018,0.68075,232.6998365,32.58774705,1.247319821,8.379842358,287.3026813,562.217427
11/12/2018,0.718,351.058325,36.08096043,1.461909793,10.00137226,487.0481962,885.6507638
12/12/2018,0.671833333,218.7282133,31.89806833,1.228777078,8.741298019,449.3097592,709.9061159
13/12/2018,0.32475,1.800685157,3.190140502,0.041831105,0.7463846,45.69617728,51.47521865
14/12/2018,0.439,21.81648565,15.79241031,0.515073078,3.399851939,14.4410078,55.96482878
15/12/2018,0.693541667,44.54958076,33.56076281,1.272796234,9.288829145,62.23534826,150.9073172
16/12/2018,0.604666667,33.25528531,26.45889561,0.950298263,6.772017693,30.1445912,97.58108807
17/12/2018,0.692666667,239.1190672,33.88563689,1.460992417,9.460737092,335.5216134,619.448047
18/12/2018,0.733166667,379.6061392,39.08999338,2.348104232,11.0003023,534.3043865,966.3489256
19/12/2018,0.7385,379.6290906,38.45749527,1.861782506,10.73260388,512.6346007,943.315573
20/12/2018,0.659458333,292.0905119,30.24893769,1.079242954,7.571520164,363.1289892,694.119202
21/12/2018,0.656958333,291.8139967,31.26692698,1.102568744,7.859059318,386.7749274,718.8174791
22/12/2018,0.699416667,334.3269315,35.4319573,1.550871997,9.444319495,448.0423621,828.7964424
23/12/2018,0.7325,370.8582714,38.52430379,1.910882718,10.82680357,523.1715182,945.2917796
24/12/2018,0.7,334.0575438,35.93109667,1.555115166,9.939221105,494.2249984,875.7079751
25/12/2018,0.685625,318.1611641,34.33908968,1.287587973,9.291860658,452.248147,815.3278495
26/12/2018,0.682333333,317.9944461,34.3973168,1.359816969,9.375431483,466.2578673,829.3848786
27/12/2018,0.686958333,326.1176123,34.84204257,1.914878582,9.658938738,487.2733852,859.8068574
28/12/2018,0.702875,338.4928386,34.56681385,1.413947317,9.801066847,473.993557,858.2682235
29/12/2018,0.709333333,342.5179345,34.8453826,1.465860067,9.705218613,455.4905775,844.0249733
30/12/2018,0.673958333,307.2968874,31.50154916,1.139370855,8.177437814,378.4506474,726.5658926
31/12/2018,0.666833333,305.2633365,31.99951226,1.183661142,8.577396961,409.6561106,756.6800176
1/01/2019,0.685916667,324.1356435,33.60207396,1.243436498,9.115005028,435.613687,803.709846
2/01/2019,0.698208333,332.2624311,33.9899955,1.341944306,9.41911552,443.2446107,820.2580972
3/01/2019,0.736,368.8012772,37.27456241,2.07182456,10.72674287,519.6278594,938.5022664
4/01/2019,0.591416667,148.8665801,22.9832665,0.776705799,5.353722848,318.4010328,496.381308
5/01/2019,0.619708333,28.15471868,23.68527676,0.848175266,6.272151448,335.5343667,394.4946888
6/01/2019,0.695208333,41.36932625,32.33958634,1.306968127,8.926797806,421.9045279,505.8472064
7/01/2019,0.713333333,43.59660407,33.4817602,1.390698837,9.324954881,432.6629204,520.4569384
8/01/2019,0.650125,30.22351298,26.22328679,0.913835316,6.833321517,355.0490655,419.2430221
9/01/2019,0.681083333,569.8099382,30.1065213,1.201048504,8.034716317,529.1182407,1138.270465
10/01/2019,0.7295,975.0725798,35.12045744,1.584716714,9.967336875,857.1532361,1878.898327
11/01/2019,0.713041667,991.7218216,36.08752209,1.700836169,10.40170514,935.2643838,1975.176269
12/01/2019,0.61875,817.1497016,26.5524873,0.890648243,6.213770111,577.9225195,1428.729127
13/01/2019,0.673833333,923.7623631,32.70975968,1.202593079,8.788710966,785.2483784,1751.711805
14/01/2019,0.683958333,968.1776178,34.12124102,1.248320037,9.408933421,849.6666605,1862.622773
15/01/2019,0.671666667,872.5959947,31.35695497,1.149984453,8.656568986,785.4987375,1699.258241
16/01/2019,0.667458333,848.8797641,31.00685165,1.159448231,8.580673044,774.4377416,1664.064479
17/01/2019,0.666666667,871.9024561,31.87406407,1.242979198,8.905577312,813.3270857,1727.252162
18/01/2019,0.627583333,860.8130553,27.18145544,0.937557911,6.974282694,659.6013177,1555.507669
19/01/2019,0.656916667,1118.87688,30.28082857,1.058028314,7.892041059,709.5757692,1867.683547
20/01/2019,0.650875,1123.239668,30.43763358,1.05866345,7.931496845,725.9511223,1888.618584
21/01/2019,0.640708333,1080.349371,30.00060602,1.026760365,7.886087715,735.9294029,1855.192228
22/01/2019,0.641625,1053.378365,29.67499334,1.030198699,7.871075153,731.6881403,1823.642772
23/01/2019,0.627666667,1037.112425,28.41202056,0.958949058,7.406815547,697.9615733,1771.851784
24/01/2019,0.666291667,1180.377786,32.83908633,1.303452141,9.198808661,829.8651762,2053.58431
25/01/2019,0.567125,347.3358882,21.94119329,0.717474405,5.470092322,586.3745628,961.839211
26/01/2019,0.593666667,207.8605303,22.93041157,0.775976039,5.877440924,588.3019136,825.7462725
27/01/2019,0.562916667,175.60672,19.57060191,0.643686211,4.848225614,522.8306602,723.499894
28/01/2019,0.615041667,227.15523,24.15783022,0.851736804,6.55146032,606.8942632,865.6105206
29/01/2019,0.607083333,212.3419403,22.7138392,0.785480929,6.091933745,569.7145054,811.6476995
30/01/2019,0.579625,187.9703773,18.79101202,0.68885499,5.290755129,481.7084116,694.449411
31/01/2019,0.546583333,157.0902565,16.26567195,0.495722654,3.646833609,358.3572203,535.855705
1/02/2019,0.633083333,263.3874114,27.0362802,0.913385389,6.896999403,487.0148524,785.2489287
2/02/2019,0.614666667,254.4478358,27.49358397,0.941281746,7.461779787,359.7613,650.1057813
3/02/2019,0.515416667,174.2021104,19.51648686,0.576833717,4.29856003,263.4226021,462.0165931
4/02/2019,0.507916667,139.4092988,12.66809636,0.295485566,2.137596317,165.8442855,320.3547626
5/02/2019,0.587,165.793784,21.79812225,0.699859205,5.619709173,287.0524328,480.9639074
6/02/2019,0.566208333,141.3283779,22.30644696,0.729503176,5.785756421,305.8987478,476.0488322
7/02/2019,0.550833333,126.4385601,19.81235357,0.610437106,4.857304397,273.015822,424.7344772
8/02/2019,0.465041667,59.15448173,11.29539639,0.239268964,1.792702484,139.1526576,211.6345072
9/02/2019,0.384208333,6.039312693,4.885717858,0.13350282,0.737700737,8.337111945,20.13334605
10/02/2019,0.521125,15.13226529,14.6880324,0.464547025,4.093195281,19.17686552,53.55490552
11/02/2019,0.476541667,11.82274366,12.25918108,0.38783547,3.26491856,18.70754203,46.4422208
12/02/2019,0.27975,0.814097177,0.467969391,0.02047765,0.249941405,1.611025354,3.163510978
13/02/2019,0.465583333,6.762819784,5.797930091,0.167095118,1.366320127,3.351222899,17.44538802
14/02/2019,0.545916667,20.21134802,187.8663265,0.596436783,4.687779941,141.8687042,355.2305954
15/02/2019,0.565541667,26.11102341,21.71448854,0.698880239,5.661127102,271.3567484,325.5422677
16/02/2019,0.547916667,25.7047231,21.0249437,0.660576169,5.459750696,285.4734363,338.3234299
17/02/2019,0.561,23.46252551,20.90431303,0.690273927,5.690245225,295.1941666,345.9415243
18/02/2019,0.464166667,13.18234559,9.397332055,0.188620401,1.477216607,172.5073759,196.7528905
19/02/2019,0.496,14.69855426,11.97664037,0.33899853,2.775684641,175.922128,205.7120058
20/02/2019,0.510375,16.3856302,13.51646775,0.409613996,3.383480318,226.2673001,259.9624924
21/02/2019,0.541791667,20.23686286,18.09001005,0.539858091,4.615062717,248.2400543,291.721848
22/02/2019,0.547416667,24.07852407,20.43362185,0.638168003,5.226694341,274.882226,325.2592343
23/02/2019,0.543708333,27.11160221,22.36532047,0.655466612,5.47266798,295.6283664,351.2334236
24/02/2019,0.559583333,28.11981515,23.81174845,0.723183387,6.070969418,314.6114744,373.3371908
25/02/2019,0.569416667,28.31672159,22.75282646,0.745038171,6.212037686,314.6742162,372.7008401
26/02/2019,0.507875,21.64872867,17.61159265,0.503836675,4.290753012,261.2744119,305.3293229
27/02/2019,0.545083333,25.84125974,21.86044318,0.685461245,5.679940251,300.2717569,354.3388613
28/02/2019,0.528666667,24.83838081,20.74134772,0.603253643,5.091139656,288.3494296,339.6235514
1/03/2019,0.588166667,32.06718459,26.65422426,0.891195582,7.312132926,349.5325943,416.4573317
2/03/2019,0.551458333,24.35514571,21.46995531,0.698008653,5.881697737,307.2545316,359.659339
3/03/2019,0.509875,19.33746802,16.2649248,0.469326107,4.001128764,243.8737711,283.9466187
4/03/2019,0.527,94.60444322,18.70355471,0.546519867,4.4922511,345.1571599,463.5039288
5/03/2019,0.474458333,161.5392094,13.43437686,0.321788742,2.786210372,396.858121,574.9397063
6/03/2019,0.427375,114.4604731,8.225811096,0.195646479,1.46175829,259.4608605,383.8045494
7/03/2019,0.582625,205.9953781,22.87075105,0.769899074,6.430252137,601.0948709,837.1611512
8/03/2019,0.53825,195.8667279,18.91940617,0.602660304,5.092150615,525.2508212,745.7317662
9/03/2019,0.515458333,181.7125406,17.33302399,0.518581904,4.428798635,490.8667163,694.8596614
10/03/2019,0.534458333,178.2404613,18.30211101,0.590180117,4.8735614,514.6463604,716.6526743
11/03/2019,0.473958333,103.666668,9.989431524,0.280916347,2.258329477,283.3665621,399.5619075
12/03/2019,0.447666667,7.652371827,5.690438283,0.1495214,1.121864112,8.436793526,23.05098915
13/03/2019,0.566041667,96.01273713,16.78756142,0.585801789,4.908777432,324.2040499,442.4989277
14/03/2019,0.53775,151.7956796,16.79708002,0.555014582,4.510209926,531.7310097,705.3889938
15/03/2019,0.546333333,168.2802468,18.6066455,0.595972205,4.910977705,705.5480154,897.9418576
16/03/2019,0.542375,183.305676,19.66835316,0.609826026,5.105328666,755.5527638,964.2419476
17/03/2019,0.510833333,189.576541,17.62888675,0.502733508,4.276087127,714.6460971,926.6303456
18/03/2019,0.516916667,196.8118322,18.68072575,0.525083936,4.462294676,744.7850391,965.2649757
19/03/2019,0.50425,178.3470713,16.84076161,0.474814968,4.075855123,713.6890921,913.4275951
20/03/2019,0.517625,180.6243153,17.53669214,0.521946629,4.408408736,1103.666503,1306.757865
21/03/2019,0.53325,193.3996522,18.7932499,0.552514175,4.628841889,1643.601248,1860.975506
22/03/2019,0.535375,200.8971051,20.29382385,0.610694587,5.078667224,1829.01402,2055.894311
23/03/2019,0.501166667,143.8190836,14.05251807,0.417345201,3.530018036,1564.296136,1726.115101
24/03/2019,0.471875,95.33078972,11.30556278,0.366138911,3.147027348,1105.645345,1215.794864
25/03/2019,0.222583333,0,0,0,0,0,0
26/03/2019,0.463625,5.819351738,4.665032734,0.131679991,1.126064704,3.488156813,15.23028598
27/03/2019,0.539583333,79.70212235,14.6056729,0.468890983,4.007898299,652.2195034,751.0040879
28/03/2019,0.535875,149.2546944,17.45608158,0.58131359,4.861911408,1873.335102,2045.489103
29/03/2019,0.355208333,85.5947594,7.35986795,0.227813856,1.886649971,774.8126904,869.8817816
30/03/2019,0.374083333,1.58464784,0.531471625,0.005182595,0,0.339644755,2.460946816
31/03/2019,0.441833333,6.570562852,4.294452609,0.079710802,0.599612446,4.963168219,16.50750693
1/04/2019,0.541083333,121.8061316,15.61118245,0.501800511,4.321839077,279.229613,421.4705666
2/04/2019,0.553916667,233.7424915,20.0858253,0.647890646,5.54531979,608.6254307,868.6469579
3/04/2019,0.550916667,257.5053698,20.90231239,0.664181348,5.548765677,695.5369712,980.1576004
4/04/2019,0.581166667,271.7404932,23.83650002,0.792157268,6.580437949,871.5394932,1174.489082
5/04/2019,0.539541667,251.8098887,20.30463477,0.67582402,5.511756029,943.1297367,1221.43184
6/04/2019,0.502333333,147.6319547,11.5653804,0.324673346,2.559941346,2105.943761,2268.025711
7/04/2019,0.502458333,98.27809437,11.76307423,0.399840944,3.403085426,2119.996725,2233.84082
8/04/2019,0.443,7.041488147,7.104248929,0.155474655,1.922975497,1098.673195,1114.897382
9/04/2019,0.454833333,5.342547589,4.661315581,0.107858973,0.760236633,1.823882543,12.69584132
10/04/2019,0.558958333,93.56903514,17.32301481,0.579843107,4.63461525,498.4925833,614.5990916
11/04/2019,0.587333333,224.5760464,24.01064357,0.795386662,6.305397106,1802.378152,2058.065626
12/04/2019,0.568083333,233.5869986,294.7635242,0.753490038,6.290856281,1945.16885,2480.563719
13/04/2019,0.554416667,222.7615934,21.62025814,0.697595233,5.757795532,1122.629523,1373.466765
14/04/2019,0.576541667,221.9205322,23.31767992,0.774029867,6.28866827,1172.597667,1424.898577
15/04/2019,0.625291667,243.1455494,27.92405434,0.966621488,7.990364856,2464.207091,2744.233681
16/04/2019,0.55875,204.4247893,21.52474222,0.72061914,5.928630907,3713.061809,3945.660591
17/04/2019,0.500583333,85.55942662,12.42406542,0.423263318,3.382271838,3033.677345,3135.466373
18/04/2019,0.568291667,66.40353016,17.35304008,0.610773838,4.687220647,1340.249858,1429.304423
19/04/2019,0.641458333,175.1840117,27.58845935,1.028247311,7.862559538,2182.254557,2393.917835
20/04/2019,0.580833333,197.1362654,22.89026544,0.807687855,6.498906365,2136.484091,2363.817216
21/04/2019,0.488708333,74.06019847,8.752459747,0.235911343,2.168104222,1021.520707,1106.737381
22/04/2019,0.536333333,45.85802599,10.8468853,0.377597568,3.062914523,1119.163319,1179.308742
23/04/2019,0.546583333,62.27207413,16.4986059,0.555764826,4.354879135,1423.108206,1506.78953
24/04/2019,0.532416667,65.40930907,16.8168696,0.54448595,4.478462227,1262.547895,1349.797021
25/04/2019,0.505125,60.54362854,13.09372888,0.395319063,3.197599549,1286.758876,1363.989152
26/04/2019,0.42425,7.388061645,3.973162027,0.083432284,0.508802705,3.966056365,15.91951502
27/04/2019,0.514708333,17.21334705,14.80915903,0.459476077,3.615812058,16.1521563,52.24995052
28/04/2019,0.491875,117.0140318,15.08928903,0.437629958,3.573464625,1278.981306,1415.095722
29/04/2019,0.551541667,218.0458747,21.55347709,0.702789028,5.877590455,2723.673814,2969.853545
30/04/2019,0.596583333,220.773756,24.48536709,0.87241264,7.219933143,3172.852775,3426.204243
1/05/2019,0.518291667,136.2596836,15.60118749,0.557794617,4.529979944,1347.154647,1504.103292
2/05/2019,0.523666667,59.48529826,11.04336667,0.358802786,3.395066678,300.9931363,375.2756707
3/05/2019,0.507958333,33.70516317,8.050324413,0.277117753,2.20341355,127.8493155,172.0853344
4/05/2019,0.50275,12.70477904,8.863190938,0.286883561,2.121725294,6.343243455,30.31982229
5/05/2019,0.552916667,21.92557951,17.85209719,0.592549195,4.9214278,17.19577627,62.48742996
6/05/2019,0.558875,157.6558178,21.74000229,0.698361447,5.816565723,395.5882434,581.4989906
7/05/2019,0.478333333,125.2157261,13.45811331,0.376206271,3.655012001,363.6199378,506.3249954
8/05/2019,0.470666667,36.64513287,7.009014926,0.166634279,1.494271849,116.3638783,161.6789323
9/05/2019,0.488458333,35.37234116,8.281536053,0.243339718,2.393899645,78.00271615,124.2938327
10/05/2019,0.480458333,28.66102564,2.225456163,0.02878781,0.176753423,0,31.09202304
11/05/2019,0.523458333,17.19662329,13.81227688,0.442668239,3.218324613,13.47387033,48.14376336
12/05/2019,0.559291667,118.8668319,19.72464818,0.66339446,5.21556278,19.77447765,164.244915
13/05/2019,0.573,213.8433651,21.76737533,0.767694876,5.979110834,352.5176857,594.8752318
14/05/2019,0.565666667,242.8489287,21.46703226,0.733442864,5.814047975,570.2867665,841.1502183
15/05/2019,0.577541667,254.1180868,24.09002093,0.811158919,6.353595907,610.4332847,895.8061472
16/05/2019,0.592583333,258.6378449,25.36886308,0.832126871,6.828645069,644.546687,936.2141669
17/05/2019,0.615375,258.1716585,26.45597176,0.923786089,7.416725475,683.1816137,976.1497555
18/05/2019,0.612875,207.4430666,24.85682768,0.875113692,6.991659223,643.6215711,883.7882382
19/05/2019,0.637875,131.9316982,22.5780612,0.825728908,6.67310527,647.7016939,809.7102875
20/05/2019,0.555291667,28.66573366,11.70833031,0.30960016,3.27921833,368.4676021,412.4304846
21/05/2019,0.592666667,83.38364444,17.11253867,0.550865286,4.660383272,441.842901,547.5503327
22/05/2019,0.584083333,22.48275647,20.93440861,0.711649052,5.537409402,541.1493833,590.8156068
23/05/2019,0.594541667,180.9108565,21.33115354,0.740585771,5.713886895,588.8885328,797.5850155
24/05/2019,0.574833333,130.2947088,17.81703558,0.642325143,4.876347285,408.2406813,561.8710981
25/05/2019,0.539291667,11.00828308,11.21202774,0.290581515,3.047806361,315.0212767,340.5799754
26/05/2019,0.499583333,8.610490136,8.654394178,0.254491127,2.16567667,276.4835962,296.1686483
27/05/2019,0.378833333,0.949613295,0.357795283,0.007839735,0.039554917,0,1.35480323
28/05/2019,0.472083333,6.832535985,599.3199332,0.232303449,158.13312,716.0920309,1480.609923
29/05/2019,0.289041667,0,0,0,0,0,0
30/05/2019,0.569375,154.4919141,711.315289,0.475309462,3.079199589,3.884442447,873.2461546
31/05/2019,0.576458333,213.3292901,22.66934976,0.766019976,5.622875873,346.9638857,589.3514213
1/06/2019,0.621,252.0841456,27.56925056,0.946062758,7.439391245,667.2963548,955.3352049
2/06/2019,0.549833333,206.5262862,20.71956107,0.638094947,4.775613481,533.2100164,765.8695721
3/06/2019,0.552125,169.4875056,16.82648315,0.513926307,3.435327934,401.5518925,591.8151355
4/06/2019,0.639458333,235.4493772,28.17398222,0.97667392,7.535854217,690.8693709,963.0052585
5/06/2019,0.628458333,253.4257322,28.48043487,0.968217917,7.527341014,722.2886515,1012.690377
6/06/2019,0.626666667,254.0659962,28.19878441,0.958877284,7.479361275,719.5139381,1010.216957
7/06/2019,0.654333333,277.093406,31.94940015,1.148985506,8.762223678,818.8744094,1137.828425
8/06/2019,0.641,266.9863188,30.77028468,1.073516519,8.35283359,802.256505,1109.439459
9/06/2019,0.664958333,220.7913562,30.25871483,1.503873615,8.599441656,821.7453805,1082.898767
10/06/2019,0.607791667,104.1922058,14.56719444,0.538330473,4.439756488,601.0300429,724.7675301
11/06/2019,0.66775,161.6515691,26.32247308,0.979943561,7.335891739,671.9441207,868.2339982
12/06/2019,0.620875,112.249693,17.02026176,0.597160407,4.866143531,574.6536775,709.3869362
13/06/2019,0.6155,53.77689751,11.73348185,0.305593844,2.873515024,358.4673163,427.1568045
14/06/2019,0.63475,60.84329114,16.40226647,0.464240952,4.060022196,454.102594,535.8724148
15/06/2019,0.654208333,165.3022192,24.06087005,0.838313176,6.389784501,610.6794792,807.2706662
16/06/2019,0.666541667,175.7960031,25.45140355,0.919957429,6.900360162,668.5842204,877.6519446
17/06/2019,0.652458333,190.982509,26.66834661,0.96147779,619.1556663,1695.530427,2533.298427
18/06/2019,0.59,143.0437328,18.04397667,0.504041173,3.948452907,444.9233309,610.4635344
19/06/2019,0.669875,207.0215987,29.79719627,1.096430118,8.182464125,759.3849741,1005.482663
20/06/2019,0.683666667,235.1725357,32.26141574,1.203221657,8.971480968,836.6592088,1114.267863
21/06/2019,0.692333333,261.0995442,34.38009003,1.278750408,9.609878657,873.8605098,1180.228773
22/06/2019,0.681875,277.5236171,34.71994526,1.25984249,9.613013935,887.4380787,1210.554498
23/06/2019,0.677166667,293.0153055,35.31631189,1.353074393,9.626863185,904.6365926,1243.948148
24/06/2019,0.711291667,314.2558931,39.18261698,3.489796243,11.23091848,1066.949951,1435.109176
25/06/2019,0.689,356.8474783,35.01949493,1.435834166,9.93190132,3510.144479,3913.379188
26/06/2019,0.695583333,545.0570425,35.73126959,1.748124344,10.29937196,5319.541904,5912.377713
27/06/2019,0.709166667,548.2544837,36.87819994,2.587061008,3517.874036,5539.230942,9644.824723
28/06/2019,0.701416667,351.8120465,34.4158131,2.405392064,3333.473608,3642.214129,7364.320988
29/06/2019,0.590791667,87.96775468,16.21862436,0.569826911,4.41663311,493.7935085,602.9663475
30/06/2019,0.6125,17.16778052,18.13973272,0.450834287,4.797747328,40.00533954,80.5614344
1/07/2019,0.659791667,117.5923866,22.75157878,0.710399044,6.335226286,260.805656,408.1952467
2/07/2019,0.641208333,298.2670794,22.44700709,0.631811006,5.937626988,624.6540534,951.9375779
3/07/2019,0.668125,426.2219677,28.14705227,1.03846032,8.011056642,737.2150752,1200.633612
4/07/2019,0.680375,607.93163,1269.029175,1.210918214,8.993785655,805.9400522,2693.105561
5/07/2019,0.708583333,883.5258854,37.07425795,4.041432572,10.69113994,960.9384708,1896.271187
6/07/2019,0.721083333,927.3259419,38.96836121,4.193364391,11.45259744,1035.028056,2016.968321
7/07/2019,0.661583333,679.0494606,30.96123623,1.152153338,8.668235427,861.9197631,1581.750849
8/07/2019,0.648666667,698.3813641,30.82049478,1.139397989,8.468785813,2729.833052,3468.643095
9/07/2019,0.644041667,858.2541583,31.89904708,1.17958688,8.825861987,6525.977787,7426.136441
10/07/2019,0.526458333,581.5055357,18.15765207,0.578459199,5.051308226,5469.448549,6074.741505
11/07/2019,0.487458333,0.995356265,0.072495219,0,0.02672541,1.98407067,3.078647564
12/07/2019,0.441791667,0.289911202,0.104163631,0,0.02672541,1.082004996,1.502805239
13/07/2019,0.522833333,6.978261801,4.782988656,0.138327659,0.794227488,1.664422202,14.35822781
14/07/2019,0.531583333,15.99106882,14.21851769,0.476407488,2.988085535,13.2761616,46.95024113
15/07/2019,0.57375,302.723616,19.14065685,0.651025233,4.39616204,352.9142964,679.8257565
16/07/2019,0.664375,710.2066015,30.53349237,1.204954617,8.398926592,768.3909131,1518.734888
17/07/2019,0.604958333,532.3963382,25.72919784,0.958145364,6.920611485,750.5933555,1316.597648
18/07/2019,0.645,546.4776141,29.87098625,1.311540868,8.695660017,871.0799524,1457.435754
19/07/2019,0.680125,620.280708,32.83235327,1.418899156,9.41912901,881.1213567,1545.072446
20/07/2019,0.743666667,354.3983948,37.31098467,1.573608294,11.53212676,706.6586687,1111.473783
21/07/2019,0.625875,24.25511525,23.47107412,0.897734588,6.589012077,61.99905108,117.2119871
22/07/2019,0.644833333,137.3030191,23.49202847,1.608509713,6.949367667,337.1189679,506.4718929
23/07/2019,0.488416667,58.64326402,3.597173401,0.013499927,0.889377513,148.4183905,211.5617054
24/07/2019,0.669666667,317.1421002,19.68891217,1.750133074,5.475213135,434.6752215,778.73158
25/07/2019,0.705041667,695.0973276,33.16994522,4.792276554,9.587484849,837.3489223,1579.995956
26/07/2019,0.707375,743.2850379,615.7729682,4.125430954,9.901634709,852.5170523,2225.602124
27/07/2019,0.70775,803.0037611,1148.071533,5.97089587,10.78381917,962.7427164,2930.572726
28/07/2019,0.750125,871.9884256,1243.740453,10.86309574,12.22650902,1069.465787,3208.28427
29/07/2019,0.708916667,809.2323521,1163.453041,6.209919478,10.67911121,956.6542346,2946.228659
30/07/2019,0.741708333,885.1734213,1270.908222,11.25229943,12.07463957,1072.418527,3251.827108
31/07/2019,0.746,902.9383137,1299.436868,9.67127747,12.11772852,1087.378905,3311.543093
1/08/2019,0.733291667,1053.857959,1314.282654,9.24166974,11.94585786,1554.525326,3943.853466
2/08/2019,0.727958333,1196.692325,1293.938183,9.079359527,11.76914689,2071.868405,4583.347419
3/08/2019,0.737333333,1242.403704,1340.307081,11.62920593,12.33139081,2154.639959,4761.311341
4/08/2019,0.755,1310.751833,1404.520879,16.34711593,13.26396721,2300.591348,5045.475144
5/08/2019,0.758041667,1304.442054,1387.672019,16.04828677,3873.833187,8166.707865,14748.70341
6/08/2019,0.729708333,1179.042996,1266.295149,9.254533889,6060.897996,10650.57961,19166.07028
7/08/2019,0.744375,741.2968694,779.63827,6.267366947,3742.113692,6354.281159,11623.59736
8/08/2019,0.554708333,19.72934703,18.15452658,0.713844155,5.165866144,55.51564466,99.27922857
9/08/2019,0.375125,0,0,0,0,0,0
10/08/2019,0.478375,3.357545412,2.794364098,0.046905443,0.03707796,0.548736335,6.784629248
11/08/2019,0.609166667,23.45393778,18.58481096,0.713956901,4.545050344,38.67194803,85.96970402
12/08/2019,0.782916667,684.8353019,698.6830052,16.85493282,13.30678558,1171.705918,2585.385944
13/08/2019,0.793833333,1372.931944,1441.791982,29.5814839,14.2444253,2383.041454,5241.591289
14/08/2019,0.804041667,1422.678093,1502.170304,31.81760353,15.08807601,2590.097641,5561.851717
15/08/2019,0.799708333,1346.857034,1432.478016,23.98537884,14.49103488,4917.412444,7735.223908
16/08/2019,0.716541667,800.6342054,1168.020497,2.999790739,11.23287453,3451.196916,5434.084284
17/08/2019,0.799958333,396.7061365,935.3218908,1.973090047,14.34502566,5028.175666,6376.521809
18/08/2019,0.60525,97.68855779,194.612563,0.840378059,5.86749767,2462.70992,2761.718917
19/08/2019,0.637666667,81.57426589,201.410854,0.650491794,4.733669108,1896.883593,2185.252874
20/08/2019,0.641375,264.11935,656.8777019,1.265824079,8.888917782,764.3522941,1695.504088
21/08/2019,0.64,544.3950518,963.6046815,1.439412322,7.968017896,794.9658073,2312.372971
22/08/2019,0.7105,796.8397975,1180.167335,13.46264865,10.90774132,965.2364983,2966.614021
23/08/2019,0.76475,947.066148,1390.764326,23.93513135,13.77931794,1224.068954,3599.613877
24/08/2019,0.692583333,789.250116,1190.777149,6.321439456,10.87476824,1012.006367,3009.22984
25/08/2019,0.715125,827.2948577,1238.243252,11.21923835,11.50579042,1025.852546,3114.115685
26/08/2019,0.733083333,892.2364885,1326.306792,11.67106036,12.39449613,1110.06497,3352.673807
27/08/2019,0.720916667,872.4753181,1310.448543,9.833124656,12.14295678,1102.462064,3307.362007
28/08/2019,0.689583333,732.3907385,1158.338987,9.719375369,10.62320474,987.2600215,2898.332327
29/08/2019,0.755458333,913.5268984,1358.589704,18.33956647,12.96180192,1135.948024,3439.365995
30/08/2019,0.790541667,1026.925871,1516.853875,26.75517738,15.00132699,1326.102792,3911.639043
31/08/2019,0.769083333,1042.345874,1429.131209,17.64503091,13.78104098,1244.337496,3747.240651
1/09/2019,0.685875,739.8586082,1187.448592,9.197936129,11.05210808,1045.801911,2993.359155
2/09/2019,0.794916667,966.1978129,1432.336141,29.26035028,14.76652405,1321.872086,3764.432914
3/09/2019,0.713583333,821.0798525,1249.068418,11.43562266,11.94519252,1070.039435,3163.56852
4/09/2019,0.747791667,828.1299658,1252.119762,14.37393623,12.49948157,4700.274835,6807.397981
5/09/2019,0.68775,473.7658288,726.894351,4.464177304,10.16342814,6143.553381,7358.841166
6/09/2019,0.362333333,5.899309793,7.019192454,0.251772579,1.578970035,19.29575325,34.04499811
7/09/2019,0.570083333,15.63432632,19.85524593,0.671765057,3.671335034,30.71378682,70.54645915
8/09/2019,0.574833333,24.2176131,22.53522261,0.868430377,5.618550956,41.45538271,94.69519974
9/09/2019,0.691333333,564.1604355,857.5042476,9.52905533,10.5478651,670.6159535,2112.357557
10/09/2019,0.750541667,933.9735796,1376.227251,17.19680905,13.59757601,1119.960473,3460.955689
11/09/2019,0.757375,969.4597579,1436.501488,17.41402992,15.00115773,1225.72819,3664.104623
12/09/2019,0.686916667,827.5118466,1241.490316,5.689221832,12.25778148,1032.455077,3119.404243
13/09/2019,0.713666667,866.7492059,449.0299765,8.315211961,12.95105965,1066.991931,2404.037386
14/09/2019,0.746958333,949.6823979,43.37191175,17.1465429,14.57744397,1175.83834,2200.616636
15/09/2019,0.71825,855.2025187,39.65261974,6.536014382,13.01348726,1057.145767,1971.550407
16/09/2019,0.7165,809.5074602,38.50656412,10.68149623,12.03359877,921.2353021,1791.964421
17/09/2019,0.760458333,956.9774958,43.70981197,15.45357363,14.55863872,1164.594852,2195.294372
18/09/2019,0.771625,990.389956,45.7538749,29.90569009,15.74367984,1278.669824,2360.463025
19/09/2019,0.855,1079.172092,49.65402529,39.09039337,17.62404732,1508.768036,2694.308593
20/09/2019,0.69025,733.9514092,36.35381689,4.823673818,11.70561081,966.7326256,1753.567136
21/09/2019,0.621,504.6650752,27.363994,3.682401499,8.677817848,675.7862694,1220.175558
22/09/2019,0.675,710.7753613,35.3513081,4.463521421,11.58466645,907.2289417,1669.403799
23/09/2019,0.6475,695.6581354,34.25893414,5.060671988,10.74582605,854.4754321,1600.199
24/09/2019,0.716125,869.9126676,40.03966258,9.851568253,13.04731859,1034.341365,1967.192582
25/09/2019,0.755166667,965.4158765,43.79883122,18.06552771,14.53860483,1193.936957,2235.755798
26/09/2019,0.758,989.7258213,44.92720747,18.87288226,14.96895628,1350.908321,2419.403188
27/09/2019,0.717625,862.1952567,39.88468652,10.30008042,12.77938901,1176.152968,2101.31238
28/09/2019,0.756458333,933.4564826,43.69776051,16.57867885,14.65439253,1629.399315,2637.78663
29/09/2019,0.748083333,940.0534471,43.21829226,16.58407351,14.07355872,1628.828383,2642.757755
30/09/2019,0.78325,1193.989193,45.85634682,24.25258924,15.28551972,2884.956903,4164.340552
1/10/2019,0.820041667,1927.306931,49.82246336,41.38001858,17.52757867,4870.656474,6906.693466
2/10/2019,0.282041667,745.4406983,15.79743277,3.439225795,5.765768297,1723.75951,2494.202636
