"Time","A2391077"
"and","Lake Level (m)"
"Date","Mean"
10/10/2006 00:00,""
11/10/2006 00:00,      -0.647
12/10/2006 00:00,      -0.648
13/10/2006 00:00,      -0.639
14/10/2006 00:00,      -0.592
15/10/2006 00:00,      -0.465
16/10/2006 00:00,      -0.465
17/10/2006 00:00,      -0.614
18/10/2006 00:00,      -0.556
19/10/2006 00:00,      -0.556
20/10/2006 00:00,      -0.536
21/10/2006 00:00,      -0.427
22/10/2006 00:00,      -0.426
23/10/2006 00:00,      -0.508
24/10/2006 00:00,      -0.640
25/10/2006 00:00,      -0.542
26/10/2006 00:00,      -0.528
27/10/2006 00:00,      -0.575
28/10/2006 00:00,      -0.487
29/10/2006 00:00,      -0.451
30/10/2006 00:00,      -0.493
31/10/2006 00:00,      -0.554
01/11/2006 00:00,      -0.635
02/11/2006 00:00,      -0.692
03/11/2006 00:00,      -0.638
04/11/2006 00:00,      -0.614
05/11/2006 00:00,      -0.522
06/11/2006 00:00,      -0.469
07/11/2006 00:00,      -0.411
08/11/2006 00:00,      -0.383
09/11/2006 00:00,      -0.463
10/11/2006 00:00,      -0.584
11/11/2006 00:00,      -0.691
12/11/2006 00:00,      -0.721
13/11/2006 00:00,      -0.569
14/11/2006 00:00,      -0.541
15/11/2006 00:00,      -0.535
16/11/2006 00:00,      -0.539
17/11/2006 00:00,      -0.542
18/11/2006 00:00,      -0.546
19/11/2006 00:00,      -0.549
20/11/2006 00:00,      -0.553
21/11/2006 00:00,      -0.556
22/11/2006 00:00,      -0.560
23/11/2006 00:00,      -0.563
24/11/2006 00:00,      -0.567
25/11/2006 00:00,      -0.570
26/11/2006 00:00,      -0.574
27/11/2006 00:00,      -0.577
28/11/2006 00:00,      -0.581
29/11/2006 00:00,      -0.584
30/11/2006 00:00,      -0.588
01/12/2006 00:00,      -0.591
02/12/2006 00:00,      -0.594
03/12/2006 00:00,      -0.598
04/12/2006 00:00,      -0.601
05/12/2006 00:00,      -0.605
06/12/2006 00:00,      -0.608
07/12/2006 00:00,      -0.612
08/12/2006 00:00,      -0.615
09/12/2006 00:00,      -0.619
10/12/2006 00:00,      -0.622
11/12/2006 00:00,      -0.626
12/12/2006 00:00,      -0.629
13/12/2006 00:00,      -0.633
14/12/2006 00:00,      -0.636
15/12/2006 00:00,      -0.640
16/12/2006 00:00,      -0.643
17/12/2006 00:00,      -0.647
18/12/2006 00:00,      -0.650
19/12/2006 00:00,      -0.654
20/12/2006 00:00,      -0.657
21/12/2006 00:00,      -0.661
22/12/2006 00:00,      -0.664
23/12/2006 00:00,      -0.668
24/12/2006 00:00,      -0.671
25/12/2006 00:00,      -0.675
26/12/2006 00:00,      -0.678
27/12/2006 00:00,      -0.682
28/12/2006 00:00,      -0.685
29/12/2006 00:00,      -0.689
30/12/2006 00:00,      -0.692
31/12/2006 00:00,      -0.696
01/01/2007 00:00,      -0.699
02/01/2007 00:00,      -0.703
03/01/2007 00:00,      -0.706
04/01/2007 00:00,      -0.709
05/01/2007 00:00,      -0.713
06/01/2007 00:00,      -0.716
07/01/2007 00:00,      -0.720
08/01/2007 00:00,      -0.723
09/01/2007 00:00,      -0.727
10/01/2007 00:00,      -0.730
11/01/2007 00:00,      -0.734
12/01/2007 00:00,      -0.737
13/01/2007 00:00,      -0.741
14/01/2007 00:00,      -0.744
15/01/2007 00:00,      -0.748
16/01/2007 00:00,      -0.751
17/01/2007 00:00,      -0.755
18/01/2007 00:00,      -0.758
19/01/2007 00:00,      -0.762
20/01/2007 00:00,      -0.765
21/01/2007 00:00,      -0.769
22/01/2007 00:00,      -0.772
23/01/2007 00:00,      -0.776
24/01/2007 00:00,      -0.779
25/01/2007 00:00,      -0.783
26/01/2007 00:00,      -0.786
27/01/2007 00:00,      -0.790
28/01/2007 00:00,      -0.793
29/01/2007 00:00,      -0.797
30/01/2007 00:00,      -0.800
31/01/2007 00:00,      -0.804
01/02/2007 00:00,      -0.807
02/02/2007 00:00,      -0.811
03/02/2007 00:00,      -0.814
04/02/2007 00:00,      -0.818
05/02/2007 00:00,      -0.821
06/02/2007 00:00,      -0.824
07/02/2007 00:00,      -0.828
08/02/2007 00:00,      -0.831
09/02/2007 00:00,      -0.835
10/02/2007 00:00,      -0.838
11/02/2007 00:00,      -0.842
12/02/2007 00:00,      -0.845
13/02/2007 00:00,      -0.849
14/02/2007 00:00,      -0.852
15/02/2007 00:00,      -0.856
16/02/2007 00:00,      -0.859
17/02/2007 00:00,      -0.863
18/02/2007 00:00,      -0.866
19/02/2007 00:00,      -0.870
20/02/2007 00:00,      -0.873
21/02/2007 00:00,      -0.877
22/02/2007 00:00,      -0.880
23/02/2007 00:00,      -0.884
24/02/2007 00:00,      -0.887
25/02/2007 00:00,      -0.891
26/02/2007 00:00,      -0.894
27/02/2007 00:00,      -0.898
28/02/2007 00:00,      -0.901
01/03/2007 00:00,      -0.905
02/03/2007 00:00,      -0.908
03/03/2007 00:00,      -0.912
04/03/2007 00:00,      -0.915
05/03/2007 00:00,      -0.919
06/03/2007 00:00,      -0.922
07/03/2007 00:00,      -0.926
08/03/2007 00:00,      -0.932
09/03/2007 00:00,      -0.933
10/03/2007 00:00,      -0.930
11/03/2007 00:00,      -0.939
12/03/2007 00:00,      -0.954
13/03/2007 00:00,      -0.956
14/03/2007 00:00,      -0.950
15/03/2007 00:00,      -0.949
16/03/2007 00:00,      -0.951
17/03/2007 00:00,      -0.957
18/03/2007 00:00,      -0.964
19/03/2007 00:00,      -0.967
20/03/2007 00:00,      -0.964
21/03/2007 00:00,      -0.969
22/03/2007 00:00,      -0.969
23/03/2007 00:00,      -0.966
24/03/2007 00:00,      -0.965
25/03/2007 00:00,      -0.974
26/03/2007 00:00,      -0.977
27/03/2007 00:00,      -0.977
28/03/2007 00:00,      -0.978
29/03/2007 00:00,      -0.972
30/03/2007 00:00,      -0.981
31/03/2007 00:00,      -0.986
01/04/2007 00:00,      -0.987
02/04/2007 00:00,      -0.988
03/04/2007 00:00,      -0.991
04/04/2007 00:00,      -0.991
05/04/2007 00:00,      -0.995
06/04/2007 00:00,      -1.002
07/04/2007 00:00,      -1.002
08/04/2007 00:00,      -1.002
09/04/2007 00:00,      -1.004
10/04/2007 00:00,      -1.008
11/04/2007 00:00,      -1.016
12/04/2007 00:00,      -1.017
13/04/2007 00:00,      -1.017
14/04/2007 00:00,      -1.015
15/04/2007 00:00,      -1.023
16/04/2007 00:00,      -1.028
17/04/2007 00:00,      -1.026
18/04/2007 00:00,      -1.027
19/04/2007 00:00,      -1.029
20/04/2007 00:00,      -1.033
21/04/2007 00:00,      -1.036
22/04/2007 00:00,      -1.045
23/04/2007 00:00,      -1.050
24/04/2007 00:00,      -1.047
25/04/2007 00:00,      -1.047
26/04/2007 00:00,      -1.049
27/04/2007 00:00,      -1.042
28/04/2007 00:00,      -1.031
29/04/2007 00:00,      -1.031
30/04/2007 00:00,      -1.028
01/05/2007 00:00,      -1.026
02/05/2007 00:00,      -1.031
03/05/2007 00:00,      -1.018
04/05/2007 00:00,      -1.018
05/05/2007 00:00,      -1.018
06/05/2007 00:00,      -1.022
07/05/2007 00:00,      -1.013
08/05/2007 00:00,      -1.013
09/05/2007 00:00,      -1.019
10/05/2007 00:00,      -1.020
11/05/2007 00:00,      -1.021
12/05/2007 00:00,      -1.022
13/05/2007 00:00,      -1.021
14/05/2007 00:00,      -1.023
15/05/2007 00:00,      -1.017
16/05/2007 00:00,      -1.008
17/05/2007 00:00,      -1.008
18/05/2007 00:00,      -1.007
19/05/2007 00:00,      -0.983
20/05/2007 00:00,      -0.986
21/05/2007 00:00,      -0.934
22/05/2007 00:00,      -0.917
23/05/2007 00:00,      -0.907
24/05/2007 00:00,      -0.892
25/05/2007 00:00,      -0.889
26/05/2007 00:00,      -0.888
27/05/2007 00:00,      -0.895
28/05/2007 00:00,      -0.885
29/05/2007 00:00,      -0.858
30/05/2007 00:00,      -0.813
31/05/2007 00:00,      -0.809
01/06/2007 00:00,      -0.801
02/06/2007 00:00,      -0.779
03/06/2007 00:00,      -0.745
04/06/2007 00:00,      -0.738
05/06/2007 00:00,      -0.735
06/06/2007 00:00,      -0.729
07/06/2007 00:00,      -0.730
08/06/2007 00:00,      -0.735
09/06/2007 00:00,      -0.739
10/06/2007 00:00,      -0.741
11/06/2007 00:00,      -0.732
12/06/2007 00:00,      -0.731
13/06/2007 00:00,      -0.739
14/06/2007 00:00,      -0.748
15/06/2007 00:00,      -0.750
16/06/2007 00:00,      -0.749
17/06/2007 00:00,      -0.744
18/06/2007 00:00,      -0.731
19/06/2007 00:00,      -0.729
20/06/2007 00:00,      -0.714
21/06/2007 00:00,      -0.713
22/06/2007 00:00,      -0.723
23/06/2007 00:00,      -0.728
24/06/2007 00:00,      -0.738
25/06/2007 00:00,      -0.733
26/06/2007 00:00,      -0.708
27/06/2007 00:00,      -0.691
28/06/2007 00:00,      -0.698
29/06/2007 00:00,      -0.696
30/06/2007 00:00,      -0.687
01/07/2007 00:00,      -0.687
02/07/2007 00:00,      -0.695
03/07/2007 00:00,      -0.688
04/07/2007 00:00,      -0.656
05/07/2007 00:00,      -0.604
06/07/2007 00:00,      -0.596
07/07/2007 00:00,      -0.559
08/07/2007 00:00,      -0.551
09/07/2007 00:00,      -0.551
10/07/2007 00:00,      -0.552
11/07/2007 00:00,      -0.522
12/07/2007 00:00,      -0.515
13/07/2007 00:00,      -0.511
14/07/2007 00:00,      -0.512
15/07/2007 00:00,      -0.513
16/07/2007 00:00,      -0.518
17/07/2007 00:00,      -0.465
18/07/2007 00:00,      -0.465
19/07/2007 00:00,      -0.469
20/07/2007 00:00,      -0.467
21/07/2007 00:00,      -0.469
22/07/2007 00:00,      -0.473
23/07/2007 00:00,      -0.475
24/07/2007 00:00,      -0.472
25/07/2007 00:00,      -0.472
26/07/2007 00:00,      -0.470
27/07/2007 00:00,      -0.437
28/07/2007 00:00,      -0.439
29/07/2007 00:00,      -0.432
30/07/2007 00:00,      -0.427
31/07/2007 00:00,      -0.441
01/08/2007 00:00,      -0.421
02/08/2007 00:00,      -0.383
03/08/2007 00:00,      -0.365
04/08/2007 00:00,      -0.356
05/08/2007 00:00,      -0.349
06/08/2007 00:00,      -0.355
07/08/2007 00:00,      -0.362
08/08/2007 00:00,      -0.349
09/08/2007 00:00,      -0.331
10/08/2007 00:00,      -0.332
11/08/2007 00:00,      -0.309
12/08/2007 00:00,      -0.301
13/08/2007 00:00,      -0.296
14/08/2007 00:00,      -0.294
15/08/2007 00:00,      -0.301
16/08/2007 00:00,      -0.294
17/08/2007 00:00,      -0.269
18/08/2007 00:00,      -0.271
19/08/2007 00:00,      -0.269
20/08/2007 00:00,      -0.268
21/08/2007 00:00,      -0.265
22/08/2007 00:00,      -0.265
23/08/2007 00:00,      -0.270
24/08/2007 00:00,      -0.269
25/08/2007 00:00,      -0.267
26/08/2007 00:00,      -0.266
27/08/2007 00:00,      -0.272
28/08/2007 00:00,      -0.267
29/08/2007 00:00,      -0.271
30/08/2007 00:00,      -0.282
31/08/2007 00:00,      -0.276
01/09/2007 00:00,      -0.295
02/09/2007 00:00,      -0.290
03/09/2007 00:00,      -0.286
04/09/2007 00:00,      -0.297
05/09/2007 00:00,      -0.304
06/09/2007 00:00,      -0.307
07/09/2007 00:00,      -0.306
08/09/2007 00:00,      -0.309
09/09/2007 00:00,      -0.319
10/09/2007 00:00,      -0.306
11/09/2007 00:00,      -0.300
12/09/2007 00:00,      -0.312
13/09/2007 00:00,      -0.321
14/09/2007 00:00,      -0.291
15/09/2007 00:00,      -0.315
16/09/2007 00:00,      -0.307
17/09/2007 00:00,      -0.305
18/09/2007 00:00,      -0.318
19/09/2007 00:00,      -0.307
20/09/2007 00:00,      -0.307
21/09/2007 00:00,      -0.313
22/09/2007 00:00,      -0.319
23/09/2007 00:00,      -0.323
24/09/2007 00:00,      -0.322
25/09/2007 00:00,      -0.334
26/09/2007 00:00,      -0.323
27/09/2007 00:00,      -0.332
28/09/2007 00:00,      -0.306
29/09/2007 00:00,      -0.321
30/09/2007 00:00,      -0.326
01/10/2007 00:00,      -0.322
02/10/2007 00:00,      -0.334
03/10/2007 00:00,      -0.316
04/10/2007 00:00,      -0.333
05/10/2007 00:00,      -0.333
06/10/2007 00:00,      -0.332
07/10/2007 00:00,      -0.338
08/10/2007 00:00,      -0.340
09/10/2007 00:00,      -0.343
10/10/2007 00:00,      -0.353
11/10/2007 00:00,      -0.348
12/10/2007 00:00,      -0.332
13/10/2007 00:00,      -0.330
14/10/2007 00:00,      -0.338
15/10/2007 00:00,      -0.340
16/10/2007 00:00,      -0.331
17/10/2007 00:00,      -0.352
18/10/2007 00:00,      -0.365
19/10/2007 00:00,      -0.353
20/10/2007 00:00,      -0.360
21/10/2007 00:00,      -0.362
22/10/2007 00:00,      -0.359
23/10/2007 00:00,      -0.357
24/10/2007 00:00,      -0.367
25/10/2007 00:00,      -0.374
26/10/2007 00:00,      -0.383
27/10/2007 00:00,      -0.391
28/10/2007 00:00,      -0.375
29/10/2007 00:00,      -0.357
30/10/2007 00:00,      -0.378
31/10/2007 00:00,      -0.385
01/11/2007 00:00,      -0.381
02/11/2007 00:00,      -0.370
03/11/2007 00:00,      -0.326
04/11/2007 00:00,      -0.294
05/11/2007 00:00,      -0.317
06/11/2007 00:00,      -0.327
07/11/2007 00:00,      -0.332
08/11/2007 00:00,      -0.341
09/11/2007 00:00,      -0.346
10/11/2007 00:00,      -0.346
11/11/2007 00:00,      -0.346
12/11/2007 00:00,      -0.347
13/11/2007 00:00,      -0.351
14/11/2007 00:00,      -0.349
15/11/2007 00:00,      -0.353
16/11/2007 00:00,      -0.354
17/11/2007 00:00,      -0.347
18/11/2007 00:00,      -0.359
19/11/2007 00:00,      -0.359
20/11/2007 00:00,      -0.354
21/11/2007 00:00,      -0.345
22/11/2007 00:00,      -0.348
23/11/2007 00:00,      -0.351
24/11/2007 00:00,      -0.353
25/11/2007 00:00,      -0.352
26/11/2007 00:00,      -0.355
27/11/2007 00:00,      -0.363
28/11/2007 00:00,      -0.358
29/11/2007 00:00,      -0.361
30/11/2007 00:00,      -0.358
01/12/2007 00:00,      -0.369
02/12/2007 00:00,      -0.375
03/12/2007 00:00,      -0.377
04/12/2007 00:00,      -0.380
05/12/2007 00:00,      -0.385
06/12/2007 00:00,      -0.399
07/12/2007 00:00,      -0.398
08/12/2007 00:00,      -0.408
09/12/2007 00:00,      -0.407
10/12/2007 00:00,      -0.416
11/12/2007 00:00,      -0.423
12/12/2007 00:00,      -0.426
13/12/2007 00:00,      -0.440
14/12/2007 00:00,      -0.445
15/12/2007 00:00,      -0.445
16/12/2007 00:00,      -0.454
17/12/2007 00:00,      -0.462
18/12/2007 00:00,      -0.474
19/12/2007 00:00,      -0.475
20/12/2007 00:00,      -0.476
21/12/2007 00:00,      -0.478
22/12/2007 00:00,      -0.448
23/12/2007 00:00,      -0.478
24/12/2007 00:00,      -0.481
25/12/2007 00:00,      -0.491
26/12/2007 00:00,      -0.500
27/12/2007 00:00,      -0.505
28/12/2007 00:00,      -0.514
29/12/2007 00:00,      -0.518
30/12/2007 00:00,      -0.526
31/12/2007 00:00,      -0.543
01/01/2008 00:00,      -0.536
02/01/2008 00:00,      -0.541
03/01/2008 00:00,      -0.552
04/01/2008 00:00,      -0.566
05/01/2008 00:00,      -0.569
06/01/2008 00:00,      -0.567
07/01/2008 00:00,      -0.579
08/01/2008 00:00,      -0.583
09/01/2008 00:00,      -0.591
10/01/2008 00:00,      -0.597
11/01/2008 00:00,      -0.594
12/01/2008 00:00,      -0.610
13/01/2008 00:00,      -0.607
14/01/2008 00:00,      -0.619
15/01/2008 00:00,      -0.625
16/01/2008 00:00,      -0.625
17/01/2008 00:00,      -0.634
18/01/2008 00:00,      -0.646
19/01/2008 00:00,      -0.641
20/01/2008 00:00,      -0.639
21/01/2008 00:00,      -0.679
22/01/2008 00:00,      -0.672
23/01/2008 00:00,      -0.673
24/01/2008 00:00,""
25/01/2008 00:00,""
26/01/2008 00:00,""
27/01/2008 00:00,""
28/01/2008 00:00,""
29/01/2008 00:00,""
30/01/2008 00:00,""
31/01/2008 00:00,""
01/02/2008 00:00,""
02/02/2008 00:00,""
03/02/2008 00:00,""
04/02/2008 00:00,""
05/02/2008 00:00,""
06/02/2008 00:00,""
07/02/2008 00:00,""
08/02/2008 00:00,""
09/02/2008 00:00,""
10/02/2008 00:00,""
11/02/2008 00:00,""
12/02/2008 00:00,""
13/02/2008 00:00,""
14/02/2008 00:00,""
15/02/2008 00:00,""
16/02/2008 00:00,""
17/02/2008 00:00,""
18/02/2008 00:00,""
19/02/2008 00:00,""
20/02/2008 00:00,""
21/02/2008 00:00,""
22/02/2008 00:00,""
23/02/2008 00:00,""
24/02/2008 00:00,""
25/02/2008 00:00,""
26/02/2008 00:00,""
27/02/2008 00:00,""
28/02/2008 00:00,""
29/02/2008 00:00,""
01/03/2008 00:00,""
02/03/2008 00:00,""
03/03/2008 00:00,""
04/03/2008 00:00,""
05/03/2008 00:00,""
06/03/2008 00:00,""
07/03/2008 00:00,""
08/03/2008 00:00,""
09/03/2008 00:00,""
10/03/2008 00:00,""
11/03/2008 00:00,""
12/03/2008 00:00,""
13/03/2008 00:00,""
14/03/2008 00:00,""
15/03/2008 00:00,""
16/03/2008 00:00,""
17/03/2008 00:00,""
18/03/2008 00:00,""
19/03/2008 00:00,""
20/03/2008 00:00,""
21/03/2008 00:00,""
22/03/2008 00:00,""
23/03/2008 00:00,""
24/03/2008 00:00,""
25/03/2008 00:00,""
26/03/2008 00:00,""
27/03/2008 00:00,""
28/03/2008 00:00,""
29/03/2008 00:00,""
30/03/2008 00:00,""
31/03/2008 00:00,""
01/04/2008 00:00,""
02/04/2008 00:00,""
03/04/2008 00:00,""
04/04/2008 00:00,""
05/04/2008 00:00,""
06/04/2008 00:00,""
07/04/2008 00:00,""
08/04/2008 00:00,""
09/04/2008 00:00,""
10/04/2008 00:00,""
11/04/2008 00:00,""
12/04/2008 00:00,""
13/04/2008 00:00,""
14/04/2008 00:00,""
15/04/2008 00:00,""
16/04/2008 00:00,""
17/04/2008 00:00,""
18/04/2008 00:00,""
19/04/2008 00:00,""
20/04/2008 00:00,""
21/04/2008 00:00,""
22/04/2008 00:00,""
23/04/2008 00:00,""
24/04/2008 00:00,""
25/04/2008 00:00,""
26/04/2008 00:00,""
27/04/2008 00:00,""
28/04/2008 00:00,""
29/04/2008 00:00,""
30/04/2008 00:00,""
01/05/2008 00:00,""
02/05/2008 00:00,""
03/05/2008 00:00,""
04/05/2008 00:00,""
05/05/2008 00:00,""
06/05/2008 00:00,""
07/05/2008 00:00,""
08/05/2008 00:00,""
09/05/2008 00:00,""
10/05/2008 00:00,""
11/05/2008 00:00,""
12/05/2008 00:00,""
13/05/2008 00:00,""
14/05/2008 00:00,""
15/05/2008 00:00,""
16/05/2008 00:00,""
17/05/2008 00:00,""
18/05/2008 00:00,""
19/05/2008 00:00,""
20/05/2008 00:00,""
21/05/2008 00:00,""
22/05/2008 00:00,""
23/05/2008 00:00,""
24/05/2008 00:00,""
25/05/2008 00:00,""
26/05/2008 00:00,""
27/05/2008 00:00,""
28/05/2008 00:00,""
29/05/2008 00:00,""
30/05/2008 00:00,""
31/05/2008 00:00,""
01/06/2008 00:00,""
02/06/2008 00:00,""
03/06/2008 00:00,""
04/06/2008 00:00,""
05/06/2008 00:00,""
06/06/2008 00:00,""
07/06/2008 00:00,""
08/06/2008 00:00,""
09/06/2008 00:00,""
10/06/2008 00:00,""
11/06/2008 00:00,""
12/06/2008 00:00,""
13/06/2008 00:00,""
14/06/2008 00:00,""
15/06/2008 00:00,""
16/06/2008 00:00,""
17/06/2008 00:00,""
18/06/2008 00:00,""
19/06/2008 00:00,""
20/06/2008 00:00,""
21/06/2008 00:00,""
22/06/2008 00:00,""
23/06/2008 00:00,""
24/06/2008 00:00,""
25/06/2008 00:00,""
26/06/2008 00:00,""
27/06/2008 00:00,""
28/06/2008 00:00,""
29/06/2008 00:00,""
30/06/2008 00:00,""
01/07/2008 00:00,""
02/07/2008 00:00,""
03/07/2008 00:00,""
04/07/2008 00:00,""
05/07/2008 00:00,""
06/07/2008 00:00,""
07/07/2008 00:00,""
08/07/2008 00:00,""
09/07/2008 00:00,""
10/07/2008 00:00,""
11/07/2008 00:00,""
12/07/2008 00:00,""
13/07/2008 00:00,""
14/07/2008 00:00,""
15/07/2008 00:00,""
16/07/2008 00:00,""
17/07/2008 00:00,""
18/07/2008 00:00,""
19/07/2008 00:00,""
20/07/2008 00:00,""
21/07/2008 00:00,""
22/07/2008 00:00,""
23/07/2008 00:00,""
24/07/2008 00:00,""
25/07/2008 00:00,""
26/07/2008 00:00,""
27/07/2008 00:00,""
28/07/2008 00:00,""
29/07/2008 00:00,""
30/07/2008 00:00,""
31/07/2008 00:00,""
01/08/2008 00:00,""
02/08/2008 00:00,""
03/08/2008 00:00,""
04/08/2008 00:00,""
05/08/2008 00:00,""
06/08/2008 00:00,""
07/08/2008 00:00,""
08/08/2008 00:00,""
09/08/2008 00:00,""
10/08/2008 00:00,""
11/08/2008 00:00,""
12/08/2008 00:00,""
13/08/2008 00:00,""
14/08/2008 00:00,""
15/08/2008 00:00,""
16/08/2008 00:00,""
17/08/2008 00:00,""
18/08/2008 00:00,""
19/08/2008 00:00,""
20/08/2008 00:00,""
21/08/2008 00:00,""
22/08/2008 00:00,""
23/08/2008 00:00,""
24/08/2008 00:00,""
25/08/2008 00:00,""
26/08/2008 00:00,""
27/08/2008 00:00,""
28/08/2008 00:00,""
29/08/2008 00:00,""
30/08/2008 00:00,""
31/08/2008 00:00,""
01/09/2008 00:00,""
02/09/2008 00:00,""
03/09/2008 00:00,""
04/09/2008 00:00,""
05/09/2008 00:00,""
06/09/2008 00:00,""
07/09/2008 00:00,""
08/09/2008 00:00,""
09/09/2008 00:00,""
10/09/2008 00:00,""
11/09/2008 00:00,""
12/09/2008 00:00,""
13/09/2008 00:00,""
14/09/2008 00:00,""
15/09/2008 00:00,""
16/09/2008 00:00,""
17/09/2008 00:00,""
18/09/2008 00:00,""
19/09/2008 00:00,""
20/09/2008 00:00,""
21/09/2008 00:00,""
22/09/2008 00:00,""
23/09/2008 00:00,""
24/09/2008 00:00,""
25/09/2008 00:00,""
26/09/2008 00:00,""
27/09/2008 00:00,""
28/09/2008 00:00,""
29/09/2008 00:00,""
30/09/2008 00:00,""
01/10/2008 00:00,""
02/10/2008 00:00,""
03/10/2008 00:00,""
04/10/2008 00:00,""
05/10/2008 00:00,""
06/10/2008 00:00,""
07/10/2008 00:00,""
08/10/2008 00:00,""
09/10/2008 00:00,""
10/10/2008 00:00,""
11/10/2008 00:00,""
12/10/2008 00:00,""
13/10/2008 00:00,""
14/10/2008 00:00,""
15/10/2008 00:00,""
16/10/2008 00:00,""
17/10/2008 00:00,""
18/10/2008 00:00,""
19/10/2008 00:00,""
20/10/2008 00:00,""
21/10/2008 00:00,""
22/10/2008 00:00,""
23/10/2008 00:00,""
24/10/2008 00:00,""
25/10/2008 00:00,""
26/10/2008 00:00,""
27/10/2008 00:00,""
28/10/2008 00:00,""
29/10/2008 00:00,""
30/10/2008 00:00,""
31/10/2008 00:00,""
01/11/2008 00:00,""
02/11/2008 00:00,""
03/11/2008 00:00,""
04/11/2008 00:00,""
05/11/2008 00:00,""
06/11/2008 00:00,""
07/11/2008 00:00,""
08/11/2008 00:00,""
09/11/2008 00:00,""
10/11/2008 00:00,""
11/11/2008 00:00,""
12/11/2008 00:00,""
13/11/2008 00:00,""
14/11/2008 00:00,""
15/11/2008 00:00,""
16/11/2008 00:00,""
17/11/2008 00:00,""
18/11/2008 00:00,""
19/11/2008 00:00,""
20/11/2008 00:00,""
21/11/2008 00:00,""
22/11/2008 00:00,""
23/11/2008 00:00,""
24/11/2008 00:00,""
25/11/2008 00:00,""
26/11/2008 00:00,""
27/11/2008 00:00,""
28/11/2008 00:00,""
29/11/2008 00:00,""
30/11/2008 00:00,""
01/12/2008 00:00,""
02/12/2008 00:00,""
03/12/2008 00:00,""
04/12/2008 00:00,""
05/12/2008 00:00,""
06/12/2008 00:00,""
07/12/2008 00:00,""
08/12/2008 00:00,""
09/12/2008 00:00,""
10/12/2008 00:00,""
11/12/2008 00:00,""
12/12/2008 00:00,""
13/12/2008 00:00,""
14/12/2008 00:00,""
15/12/2008 00:00,""
16/12/2008 00:00,""
17/12/2008 00:00,""
18/12/2008 00:00,""
19/12/2008 00:00,""
20/12/2008 00:00,""
21/12/2008 00:00,""
22/12/2008 00:00,""
23/12/2008 00:00,""
24/12/2008 00:00,""
25/12/2008 00:00,""
26/12/2008 00:00,""
27/12/2008 00:00,""
28/12/2008 00:00,""
29/12/2008 00:00,""
30/12/2008 00:00,""
31/12/2008 00:00,""
01/01/2009 00:00,""
02/01/2009 00:00,""
03/01/2009 00:00,""
04/01/2009 00:00,""
05/01/2009 00:00,""
06/01/2009 00:00,""
07/01/2009 00:00,""
08/01/2009 00:00,""
09/01/2009 00:00,""
10/01/2009 00:00,""
11/01/2009 00:00,""
12/01/2009 00:00,""
13/01/2009 00:00,""
14/01/2009 00:00,""
15/01/2009 00:00,""
16/01/2009 00:00,""
17/01/2009 00:00,""
18/01/2009 00:00,""
19/01/2009 00:00,""
20/01/2009 00:00,""
21/01/2009 00:00,""
22/01/2009 00:00,""
23/01/2009 00:00,""
24/01/2009 00:00,""
25/01/2009 00:00,""
26/01/2009 00:00,""
27/01/2009 00:00,""
28/01/2009 00:00,""
29/01/2009 00:00,""
30/01/2009 00:00,""
31/01/2009 00:00,""
01/02/2009 00:00,""
02/02/2009 00:00,""
03/02/2009 00:00,""
04/02/2009 00:00,""
05/02/2009 00:00,""
06/02/2009 00:00,""
07/02/2009 00:00,""
08/02/2009 00:00,""
09/02/2009 00:00,""
10/02/2009 00:00,""
11/02/2009 00:00,""
12/02/2009 00:00,""
13/02/2009 00:00,""
14/02/2009 00:00,""
15/02/2009 00:00,""
16/02/2009 00:00,""
17/02/2009 00:00,""
18/02/2009 00:00,""
19/02/2009 00:00,""
20/02/2009 00:00,""
21/02/2009 00:00,""
22/02/2009 00:00,""
23/02/2009 00:00,""
24/02/2009 00:00,""
25/02/2009 00:00,""
26/02/2009 00:00,""
27/02/2009 00:00,""
28/02/2009 00:00,""
01/03/2009 00:00,""
02/03/2009 00:00,""
03/03/2009 00:00,""
04/03/2009 00:00,""
05/03/2009 00:00,""
06/03/2009 00:00,""
07/03/2009 00:00,""
08/03/2009 00:00,""
09/03/2009 00:00,""
10/03/2009 00:00,""
11/03/2009 00:00,""
12/03/2009 00:00,""
13/03/2009 00:00,""
14/03/2009 00:00,""
15/03/2009 00:00,""
16/03/2009 00:00,""
17/03/2009 00:00,""
18/03/2009 00:00,""
19/03/2009 00:00,""
20/03/2009 00:00,""
21/03/2009 00:00,""
22/03/2009 00:00,""
23/03/2009 00:00,""
24/03/2009 00:00,""
25/03/2009 00:00,""
26/03/2009 00:00,""
27/03/2009 00:00,""
28/03/2009 00:00,""
29/03/2009 00:00,""
30/03/2009 00:00,""
31/03/2009 00:00,""
01/04/2009 00:00,""
02/04/2009 00:00,""
03/04/2009 00:00,""
04/04/2009 00:00,""
05/04/2009 00:00,""
06/04/2009 00:00,""
07/04/2009 00:00,""
08/04/2009 00:00,""
09/04/2009 00:00,""
10/04/2009 00:00,""
11/04/2009 00:00,""
12/04/2009 00:00,""
13/04/2009 00:00,""
14/04/2009 00:00,""
15/04/2009 00:00,""
16/04/2009 00:00,""
17/04/2009 00:00,""
18/04/2009 00:00,""
19/04/2009 00:00,""
20/04/2009 00:00,""
21/04/2009 00:00,""
22/04/2009 00:00,""
23/04/2009 00:00,""
24/04/2009 00:00,""
25/04/2009 00:00,""
26/04/2009 00:00,""
27/04/2009 00:00,""
28/04/2009 00:00,""
29/04/2009 00:00,""
30/04/2009 00:00,""
01/05/2009 00:00,""
02/05/2009 00:00,""
03/05/2009 00:00,""
04/05/2009 00:00,""
05/05/2009 00:00,""
06/05/2009 00:00,""
07/05/2009 00:00,""
08/05/2009 00:00,""
09/05/2009 00:00,""
10/05/2009 00:00,""
11/05/2009 00:00,""
12/05/2009 00:00,""
13/05/2009 00:00,""
14/05/2009 00:00,""
15/05/2009 00:00,""
16/05/2009 00:00,""
17/05/2009 00:00,""
18/05/2009 00:00,""
19/05/2009 00:00,""
20/05/2009 00:00,""
21/05/2009 00:00,""
22/05/2009 00:00,""
23/05/2009 00:00,""
24/05/2009 00:00,""
25/05/2009 00:00,""
26/05/2009 00:00,""
27/05/2009 00:00,""
28/05/2009 00:00,""
29/05/2009 00:00,""
30/05/2009 00:00,""
31/05/2009 00:00,""
01/06/2009 00:00,""
02/06/2009 00:00,""
03/06/2009 00:00,""
04/06/2009 00:00,""
05/06/2009 00:00,""
06/06/2009 00:00,""
07/06/2009 00:00,""
08/06/2009 00:00,""
09/06/2009 00:00,""
10/06/2009 00:00,""
11/06/2009 00:00,""
12/06/2009 00:00,""
13/06/2009 00:00,""
14/06/2009 00:00,""
15/06/2009 00:00,""
16/06/2009 00:00,""
17/06/2009 00:00,""
18/06/2009 00:00,""
19/06/2009 00:00,""
20/06/2009 00:00,""
21/06/2009 00:00,""
22/06/2009 00:00,""
23/06/2009 00:00,""
24/06/2009 00:00,""
25/06/2009 00:00,""
26/06/2009 00:00,""
27/06/2009 00:00,""
28/06/2009 00:00,""
29/06/2009 00:00,""
30/06/2009 00:00,""
01/07/2009 00:00,""
02/07/2009 00:00,""
03/07/2009 00:00,""
04/07/2009 00:00,""
05/07/2009 00:00,""
06/07/2009 00:00,""
07/07/2009 00:00,""
08/07/2009 00:00,""
09/07/2009 00:00,""
10/07/2009 00:00,""
11/07/2009 00:00,""
12/07/2009 00:00,""
13/07/2009 00:00,""
14/07/2009 00:00,""
15/07/2009 00:00,""
16/07/2009 00:00,""
17/07/2009 00:00,""
18/07/2009 00:00,""
19/07/2009 00:00,""
20/07/2009 00:00,""
21/07/2009 00:00,""
22/07/2009 00:00,""
23/07/2009 00:00,""
24/07/2009 00:00,""
25/07/2009 00:00,""
26/07/2009 00:00,""
27/07/2009 00:00,""
28/07/2009 00:00,""
29/07/2009 00:00,""
30/07/2009 00:00,""
31/07/2009 00:00,""
01/08/2009 00:00,""
02/08/2009 00:00,""
03/08/2009 00:00,""
04/08/2009 00:00,""
05/08/2009 00:00,""
06/08/2009 00:00,""
07/08/2009 00:00,""
08/08/2009 00:00,""
09/08/2009 00:00,""
10/08/2009 00:00,""
11/08/2009 00:00,""
12/08/2009 00:00,""
13/08/2009 00:00,""
14/08/2009 00:00,""
15/08/2009 00:00,""
16/08/2009 00:00,""
17/08/2009 00:00,""
18/08/2009 00:00,""
19/08/2009 00:00,""
20/08/2009 00:00,""
21/08/2009 00:00,""
22/08/2009 00:00,""
23/08/2009 00:00,""
24/08/2009 00:00,""
25/08/2009 00:00,""
26/08/2009 00:00,""
27/08/2009 00:00,""
28/08/2009 00:00,""
29/08/2009 00:00,""
30/08/2009 00:00,""
31/08/2009 00:00,""
01/09/2009 00:00,""
02/09/2009 00:00,""
03/09/2009 00:00,""
04/09/2009 00:00,""
05/09/2009 00:00,""
06/09/2009 00:00,""
07/09/2009 00:00,""
08/09/2009 00:00,""
09/09/2009 00:00,""
10/09/2009 00:00,""
11/09/2009 00:00,""
12/09/2009 00:00,""
13/09/2009 00:00,""
14/09/2009 00:00,""
15/09/2009 00:00,""
16/09/2009 00:00,""
17/09/2009 00:00,""
18/09/2009 00:00,""
19/09/2009 00:00,""
20/09/2009 00:00,""
21/09/2009 00:00,""
22/09/2009 00:00,""
23/09/2009 00:00,""
24/09/2009 00:00,""
25/09/2009 00:00,""
26/09/2009 00:00,""
27/09/2009 00:00,""
28/09/2009 00:00,""
29/09/2009 00:00,""
30/09/2009 00:00,""
01/10/2009 00:00,""
02/10/2009 00:00,""
03/10/2009 00:00,""
04/10/2009 00:00,""
05/10/2009 00:00,""
06/10/2009 00:00,""
07/10/2009 00:00,""
08/10/2009 00:00,""
09/10/2009 00:00,""
10/10/2009 00:00,""
11/10/2009 00:00,""
12/10/2009 00:00,""
13/10/2009 00:00,""
14/10/2009 00:00,""
15/10/2009 00:00,""
16/10/2009 00:00,""
17/10/2009 00:00,""
18/10/2009 00:00,""
19/10/2009 00:00,""
20/10/2009 00:00,      -0.199
21/10/2009 00:00,      -0.203
22/10/2009 00:00,      -0.207
23/10/2009 00:00,      -0.211
24/10/2009 00:00,      -0.215
25/10/2009 00:00,      -0.219
26/10/2009 00:00,      -0.223
27/10/2009 00:00,      -0.228
28/10/2009 00:00,      -0.232
29/10/2009 00:00,      -0.236
30/10/2009 00:00,      -0.242
31/10/2009 00:00,      -0.248
01/11/2009 00:00,      -0.254
02/11/2009 00:00,      -0.260
03/11/2009 00:00,      -0.266
04/11/2009 00:00,      -0.272
05/11/2009 00:00,      -0.278
06/11/2009 00:00,      -0.284
07/11/2009 00:00,      -0.291
08/11/2009 00:00,      -0.304
09/11/2009 00:00,      -0.307
10/11/2009 00:00,      -0.309
11/11/2009 00:00,      -0.313
12/11/2009 00:00,      -0.316
13/11/2009 00:00,      -0.322
14/11/2009 00:00,      -0.324
15/11/2009 00:00,      -0.331
16/11/2009 00:00,      -0.332
17/11/2009 00:00,      -0.339
18/11/2009 00:00,      -0.333
19/11/2009 00:00,      -0.333
20/11/2009 00:00,      -0.335
21/11/2009 00:00,      -0.335
22/11/2009 00:00,      -0.330
23/11/2009 00:00,      -0.332
24/11/2009 00:00,      -0.338
25/11/2009 00:00,      -0.345
26/11/2009 00:00,      -0.353
27/11/2009 00:00,      -0.354
28/11/2009 00:00,      -0.356
29/11/2009 00:00,      -0.359
30/11/2009 00:00,      -0.349
01/12/2009 00:00,      -0.354
02/12/2009 00:00,      -0.391
03/12/2009 00:00,      -0.386
04/12/2009 00:00,      -0.414
05/12/2009 00:00,      -0.431
06/12/2009 00:00,      -0.430
07/12/2009 00:00,      -0.437
08/12/2009 00:00,      -0.448
09/12/2009 00:00,      -0.448
10/12/2009 00:00,      -0.464
11/12/2009 00:00,      -0.467
12/12/2009 00:00,      -0.452
13/12/2009 00:00,      -0.451
14/12/2009 00:00,      -0.456
15/12/2009 00:00,      -0.459
16/12/2009 00:00,      -0.474
17/12/2009 00:00,      -0.432
18/12/2009 00:00,      -0.448
19/12/2009 00:00,      -0.464
20/12/2009 00:00,      -0.475
21/12/2009 00:00,      -0.485
22/12/2009 00:00,      -0.493
23/12/2009 00:00,      -0.502
24/12/2009 00:00,      -0.477
25/12/2009 00:00,      -0.493
26/12/2009 00:00,      -0.507
27/12/2009 00:00,      -0.519
28/12/2009 00:00,      -0.520
29/12/2009 00:00,      -0.474
30/12/2009 00:00,      -0.496
31/12/2009 00:00,      -0.511
01/01/2010 00:00,      -0.517
02/01/2010 00:00,      -0.521
03/01/2010 00:00,      -0.540
04/01/2010 00:00,      -0.549
05/01/2010 00:00,      -0.553
06/01/2010 00:00,      -0.568
07/01/2010 00:00,      -0.579
08/01/2010 00:00,      -0.586
09/01/2010 00:00,      -0.591
10/01/2010 00:00,      -0.593
11/01/2010 00:00,      -0.608
12/01/2010 00:00,      -0.587
13/01/2010 00:00,      -0.593
14/01/2010 00:00,      -0.604
15/01/2010 00:00,      -0.609
16/01/2010 00:00,      -0.610
17/01/2010 00:00,      -0.603
18/01/2010 00:00,      -0.611
19/01/2010 00:00,      -0.630
20/01/2010 00:00,      -0.634
21/01/2010 00:00,      -0.635
22/01/2010 00:00,      -0.635
23/01/2010 00:00,      -0.636
24/01/2010 00:00,      -0.645
25/01/2010 00:00,      -0.649
26/01/2010 00:00,      -0.653
27/01/2010 00:00,      -0.661
28/01/2010 00:00,      -0.663
29/01/2010 00:00,      -0.671
30/01/2010 00:00,      -0.675
31/01/2010 00:00,      -0.684
01/02/2010 00:00,      -0.691
02/02/2010 00:00,      -0.691
03/02/2010 00:00,      -0.710
04/02/2010 00:00,      -0.710
05/02/2010 00:00,      -0.707
06/02/2010 00:00,      -0.717
07/02/2010 00:00,      -0.724
08/02/2010 00:00,      -0.735
09/02/2010 00:00,      -0.738
10/02/2010 00:00,      -0.741
11/02/2010 00:00,      -0.736
12/02/2010 00:00,      -0.738
13/02/2010 00:00,      -0.747
14/02/2010 00:00,      -0.744
15/02/2010 00:00,      -0.743
16/02/2010 00:00,      -0.749
17/02/2010 00:00,      -0.761
18/02/2010 00:00,      -0.766
19/02/2010 00:00,      -0.769
20/02/2010 00:00,      -0.781
21/02/2010 00:00,      -0.791
22/02/2010 00:00,      -0.792
23/02/2010 00:00,      -0.798
24/02/2010 00:00,      -0.804
25/02/2010 00:00,      -0.805
26/02/2010 00:00,      -0.806
27/02/2010 00:00,      -0.819
28/02/2010 00:00,      -0.816
01/03/2010 00:00,      -0.824
02/03/2010 00:00,      -0.820
03/03/2010 00:00,      -0.818
04/03/2010 00:00,      -0.827
05/03/2010 00:00,      -0.833
06/03/2010 00:00,      -0.845
07/03/2010 00:00,      -0.850
08/03/2010 00:00,      -0.837
09/03/2010 00:00,      -0.831
10/03/2010 00:00,      -0.826
11/03/2010 00:00,      -0.831
12/03/2010 00:00,      -0.832
13/03/2010 00:00,      -0.836
14/03/2010 00:00,      -0.840
15/03/2010 00:00,      -0.844
16/03/2010 00:00,      -0.850
17/03/2010 00:00,      -0.857
18/03/2010 00:00,      -0.852
19/03/2010 00:00,      -0.851
20/03/2010 00:00,      -0.855
21/03/2010 00:00,      -0.858
22/03/2010 00:00,      -0.858
23/03/2010 00:00,      -0.860
24/03/2010 00:00,      -0.861
25/03/2010 00:00,      -0.860
26/03/2010 00:00,      -0.872
27/03/2010 00:00,      -0.874
28/03/2010 00:00,      -0.863
29/03/2010 00:00,      -0.862
30/03/2010 00:00,      -0.865
31/03/2010 00:00,      -0.868
01/04/2010 00:00,      -0.873
02/04/2010 00:00,      -0.878
03/04/2010 00:00,      -0.879
04/04/2010 00:00,      -0.875
05/04/2010 00:00,      -0.875
06/04/2010 00:00,      -0.879
07/04/2010 00:00,      -0.890
08/04/2010 00:00,      -0.899
09/04/2010 00:00,      -0.897
10/04/2010 00:00,      -0.890
11/04/2010 00:00,      -0.853
12/04/2010 00:00,      -0.859
13/04/2010 00:00,      -0.861
14/04/2010 00:00,      -0.862
15/04/2010 00:00,      -0.867
16/04/2010 00:00,      -0.868
17/04/2010 00:00,      -0.869
18/04/2010 00:00,      -0.868
19/04/2010 00:00,      -0.871
20/04/2010 00:00,      -0.871
21/04/2010 00:00,      -0.872
22/04/2010 00:00,      -0.871
23/04/2010 00:00,      -0.866
24/04/2010 00:00,      -0.851
25/04/2010 00:00,      -0.852
26/04/2010 00:00,      -0.850
27/04/2010 00:00,      -0.859
28/04/2010 00:00,      -0.848
29/04/2010 00:00,      -0.854
30/04/2010 00:00,      -0.847
01/05/2010 00:00,      -0.849
02/05/2010 00:00,      -0.859
03/05/2010 00:00,      -0.856
04/05/2010 00:00,      -0.853
05/05/2010 00:00,      -0.841
06/05/2010 00:00,      -0.838
07/05/2010 00:00,      -0.834
08/05/2010 00:00,      -0.836
09/05/2010 00:00,      -0.839
10/05/2010 00:00,      -0.845
11/05/2010 00:00,      -0.840
12/05/2010 00:00,      -0.826
13/05/2010 00:00,      -0.827
14/05/2010 00:00,      -0.833
15/05/2010 00:00,      -0.838
16/05/2010 00:00,      -0.840
17/05/2010 00:00,      -0.842
18/05/2010 00:00,      -0.842
19/05/2010 00:00,      -0.843
20/05/2010 00:00,      -0.839
21/05/2010 00:00,      -0.834
22/05/2010 00:00,      -0.835
23/05/2010 00:00,      -0.848
24/05/2010 00:00,      -0.862
25/05/2010 00:00,      -0.859
26/05/2010 00:00,      -0.852
27/05/2010 00:00,      -0.850
28/05/2010 00:00,      -0.853
29/05/2010 00:00,      -0.855
30/05/2010 00:00,      -0.839
31/05/2010 00:00,      -0.814
01/06/2010 00:00,      -0.819
02/06/2010 00:00,      -0.823
03/06/2010 00:00,      -0.825
04/06/2010 00:00,      -0.826
05/06/2010 00:00,      -0.839
06/06/2010 00:00,      -0.826
07/06/2010 00:00,      -0.815
08/06/2010 00:00,      -0.818
09/06/2010 00:00,      -0.807
10/06/2010 00:00,      -0.784
11/06/2010 00:00,      -0.787
12/06/2010 00:00,      -0.780
13/06/2010 00:00,      -0.787
14/06/2010 00:00,      -0.793
15/06/2010 00:00,      -0.800
16/06/2010 00:00,      -0.804
17/06/2010 00:00,      -0.831
18/06/2010 00:00,      -0.822
19/06/2010 00:00,      -0.821
20/06/2010 00:00,      -0.816
21/06/2010 00:00,      -0.815
22/06/2010 00:00,      -0.814
23/06/2010 00:00,      -0.821
24/06/2010 00:00,      -0.829
25/06/2010 00:00,      -0.807
26/06/2010 00:00,      -0.794
27/06/2010 00:00,      -0.800
28/06/2010 00:00,      -0.794
29/06/2010 00:00,      -0.771
30/06/2010 00:00,      -0.738
01/07/2010 00:00,      -0.708
02/07/2010 00:00,      -0.705
03/07/2010 00:00,      -0.700
04/07/2010 00:00,      -0.703
05/07/2010 00:00,      -0.703
06/07/2010 00:00,      -0.702
07/07/2010 00:00,      -0.699
08/07/2010 00:00,      -0.697
09/07/2010 00:00,      -0.706
10/07/2010 00:00,      -0.712
11/07/2010 00:00,      -0.691
12/07/2010 00:00,      -0.692
13/07/2010 00:00,      -0.661
14/07/2010 00:00,      -0.644
15/07/2010 00:00,      -0.640
16/07/2010 00:00,      -0.639
17/07/2010 00:00,      -0.644
18/07/2010 00:00,      -0.613
19/07/2010 00:00,      -0.592
20/07/2010 00:00,      -0.576
21/07/2010 00:00,      -0.572
22/07/2010 00:00,      -0.569
23/07/2010 00:00,      -0.571
24/07/2010 00:00,      -0.573
25/07/2010 00:00,      -0.569
26/07/2010 00:00,      -0.569
27/07/2010 00:00,      -0.570
28/07/2010 00:00,      -0.572
29/07/2010 00:00,      -0.581
30/07/2010 00:00,      -0.577
31/07/2010 00:00,      -0.544
01/08/2010 00:00,      -0.527
02/08/2010 00:00,      -0.526
03/08/2010 00:00,      -0.518
04/08/2010 00:00,      -0.482
05/08/2010 00:00,      -0.476
06/08/2010 00:00,      -0.479
07/08/2010 00:00,      -0.484
08/08/2010 00:00,      -0.480
09/08/2010 00:00,      -0.462
10/08/2010 00:00,      -0.445
11/08/2010 00:00,      -0.392
12/08/2010 00:00,      -0.412
13/08/2010 00:00,      -0.432
14/08/2010 00:00,      -0.446
15/08/2010 00:00,      -0.404
16/08/2010 00:00,      -0.397
17/08/2010 00:00,      -0.406
18/08/2010 00:00,      -0.412
19/08/2010 00:00,      -0.374
20/08/2010 00:00,      -0.363
21/08/2010 00:00,      -0.358
22/08/2010 00:00,      -0.353
23/08/2010 00:00,      -0.345
24/08/2010 00:00,      -0.320
25/08/2010 00:00,      -0.308
26/08/2010 00:00,      -0.277
27/08/2010 00:00,      -0.264
28/08/2010 00:00,      -0.262
29/08/2010 00:00,      -0.260
30/08/2010 00:00,      -0.259
31/08/2010 00:00,      -0.257
01/09/2010 00:00,      -0.222
02/09/2010 00:00,      -0.210
03/09/2010 00:00,      -0.212
04/09/2010 00:00,""
05/09/2010 00:00,""
06/09/2010 00:00,""
07/09/2010 00:00,""
08/09/2010 00:00,""
09/09/2010 00:00,""
10/09/2010 00:00,""
11/09/2010 00:00,""
12/09/2010 00:00,""
13/09/2010 00:00,""
14/09/2010 00:00,""
15/09/2010 00:00,""
16/09/2010 00:00,""
17/09/2010 00:00,""
18/09/2010 00:00,""
19/09/2010 00:00,""
20/09/2010 00:00,""
21/09/2010 00:00,""
22/09/2010 00:00,""
23/09/2010 00:00,""
24/09/2010 00:00,""
25/09/2010 00:00,""
26/09/2010 00:00,""
27/09/2010 00:00,""
28/09/2010 00:00,""
29/09/2010 00:00,""
30/09/2010 00:00,""
01/10/2010 00:00,""
02/10/2010 00:00,""
03/10/2010 00:00,""
04/10/2010 00:00,""
05/10/2010 00:00,""
06/10/2010 00:00,""
07/10/2010 00:00,""
08/10/2010 00:00,""
09/10/2010 00:00,""
10/10/2010 00:00,""
11/10/2010 00:00,""
12/10/2010 00:00,""
13/10/2010 00:00,""
14/10/2010 00:00,""
15/10/2010 00:00,""
16/10/2010 00:00,""
17/10/2010 00:00,""
18/10/2010 00:00,""
19/10/2010 00:00,""
20/10/2010 00:00,""
21/10/2010 00:00,""
22/10/2010 00:00,""
23/10/2010 00:00,""
24/10/2010 00:00,""
25/10/2010 00:00,""
26/10/2010 00:00,""
27/10/2010 00:00,""
28/10/2010 00:00,""
29/10/2010 00:00,""
30/10/2010 00:00,""
31/10/2010 00:00,""
01/11/2010 00:00,""
02/11/2010 00:00,""
03/11/2010 00:00,""
04/11/2010 00:00,""
05/11/2010 00:00,""
06/11/2010 00:00,""
07/11/2010 00:00,""
08/11/2010 00:00,""
09/11/2010 00:00,""
10/11/2010 00:00,""
11/11/2010 00:00,""
12/11/2010 00:00,""
13/11/2010 00:00,""
14/11/2010 00:00,""
15/11/2010 00:00,""
16/11/2010 00:00,""
17/11/2010 00:00,""
18/11/2010 00:00,""
19/11/2010 00:00,""
20/11/2010 00:00,""
21/11/2010 00:00,""
22/11/2010 00:00,""
23/11/2010 00:00,""
24/11/2010 00:00,""
25/11/2010 00:00,""
26/11/2010 00:00,""
27/11/2010 00:00,""
28/11/2010 00:00,""
29/11/2010 00:00,""
30/11/2010 00:00,""
01/12/2010 00:00,""
02/12/2010 00:00,""
03/12/2010 00:00,""
04/12/2010 00:00,""
05/12/2010 00:00,""
06/12/2010 00:00,""
07/12/2010 00:00,""
08/12/2010 00:00,""
09/12/2010 00:00,""
10/12/2010 00:00,""
11/12/2010 00:00,""
12/12/2010 00:00,""
13/12/2010 00:00,""
14/12/2010 00:00,""
15/12/2010 00:00,""
16/12/2010 00:00,""
17/12/2010 00:00,""
18/12/2010 00:00,      -0.158
19/12/2010 00:00,      -0.161
20/12/2010 00:00,      -0.165
21/12/2010 00:00,      -0.168
22/12/2010 00:00,      -0.171
23/12/2010 00:00,      -0.175
24/12/2010 00:00,      -0.178
25/12/2010 00:00,      -0.181
26/12/2010 00:00,      -0.185
27/12/2010 00:00,      -0.188
28/12/2010 00:00,      -0.191
29/12/2010 00:00,      -0.195
30/12/2010 00:00,      -0.198
31/12/2010 00:00,      -0.202
01/01/2011 00:00,      -0.205
02/01/2011 00:00,      -0.208
03/01/2011 00:00,      -0.212
04/01/2011 00:00,      -0.215
05/01/2011 00:00,      -0.218
06/01/2011 00:00,      -0.222
07/01/2011 00:00,      -0.225
08/01/2011 00:00,      -0.228
09/01/2011 00:00,      -0.232
10/01/2011 00:00,      -0.235
11/01/2011 00:00,      -0.239
12/01/2011 00:00,      -0.242
13/01/2011 00:00,      -0.245
14/01/2011 00:00,      -0.249
15/01/2011 00:00,      -0.252
16/01/2011 00:00,      -0.255
17/01/2011 00:00,      -0.259
18/01/2011 00:00,      -0.262
19/01/2011 00:00,      -0.265
20/01/2011 00:00,      -0.269
21/01/2011 00:00,      -0.272
22/01/2011 00:00,      -0.275
23/01/2011 00:00,      -0.279
24/01/2011 00:00,      -0.282
25/01/2011 00:00,      -0.286
26/01/2011 00:00,      -0.289
27/01/2011 00:00,      -0.292
28/01/2011 00:00,      -0.296
29/01/2011 00:00,      -0.299
30/01/2011 00:00,      -0.302
31/01/2011 00:00,      -0.306
01/02/2011 00:00,      -0.309
02/02/2011 00:00,      -0.312
03/02/2011 00:00,      -0.316
04/02/2011 00:00,      -0.319
05/02/2011 00:00,      -0.322
06/02/2011 00:00,      -0.326
07/02/2011 00:00,      -0.329
08/02/2011 00:00,      -0.333
09/02/2011 00:00,      -0.336
10/02/2011 00:00,      -0.339
11/02/2011 00:00,      -0.343
12/02/2011 00:00,      -0.346
13/02/2011 00:00,      -0.349
14/02/2011 00:00,      -0.353
15/02/2011 00:00,      -0.356
16/02/2011 00:00,      -0.359
17/02/2011 00:00,      -0.363
18/02/2011 00:00,      -0.366
19/02/2011 00:00,      -0.370
20/02/2011 00:00,      -0.373
21/02/2011 00:00,      -0.376
22/02/2011 00:00,      -0.380
23/02/2011 00:00,      -0.383
24/02/2011 00:00,      -0.386
25/02/2011 00:00,      -0.390
26/02/2011 00:00,      -0.393
27/02/2011 00:00,      -0.396
28/02/2011 00:00,      -0.400
01/03/2011 00:00,      -0.403
02/03/2011 00:00,      -0.406
03/03/2011 00:00,      -0.410
04/03/2011 00:00,      -0.413
05/03/2011 00:00,      -0.417
06/03/2011 00:00,      -0.420
07/03/2011 00:00,      -0.423
08/03/2011 00:00,      -0.427
09/03/2011 00:00,      -0.430
10/03/2011 00:00,      -0.433
11/03/2011 00:00,      -0.437
12/03/2011 00:00,      -0.440
13/03/2011 00:00,      -0.443
14/03/2011 00:00,      -0.447
15/03/2011 00:00,      -0.450
16/03/2011 00:00,      -0.453
17/03/2011 00:00,      -0.457
18/03/2011 00:00,      -0.460
19/03/2011 00:00,      -0.464
20/03/2011 00:00,      -0.467
21/03/2011 00:00,      -0.470
22/03/2011 00:00,      -0.474
23/03/2011 00:00,      -0.477
24/03/2011 00:00,      -0.480
25/03/2011 00:00,      -0.484
26/03/2011 00:00,      -0.487
27/03/2011 00:00,      -0.490
28/03/2011 00:00,      -0.494
29/03/2011 00:00,""
30/03/2011 00:00,""
31/03/2011 00:00,""
01/04/2011 00:00,""
02/04/2011 00:00,""
03/04/2011 00:00,""
04/04/2011 00:00,""
05/04/2011 00:00,""
06/04/2011 00:00,""
07/04/2011 00:00,""
08/04/2011 00:00,""
09/04/2011 00:00,""
10/04/2011 00:00,""
11/04/2011 00:00,""
12/04/2011 00:00,""
13/04/2011 00:00,""
14/04/2011 00:00,""
15/04/2011 00:00,""
16/04/2011 00:00,""
17/04/2011 00:00,""
18/04/2011 00:00,""
19/04/2011 00:00,""
20/04/2011 00:00,""
21/04/2011 00:00,""
22/04/2011 00:00,""
23/04/2011 00:00,""
24/04/2011 00:00,""
25/04/2011 00:00,""
26/04/2011 00:00,""
27/04/2011 00:00,""
28/04/2011 00:00,""
29/04/2011 00:00,""
30/04/2011 00:00,""
01/05/2011 00:00,""
02/05/2011 00:00,""
03/05/2011 00:00,""
04/05/2011 00:00,""
05/05/2011 00:00,""
06/05/2011 00:00,""
07/05/2011 00:00,""
08/05/2011 00:00,""
09/05/2011 00:00,""
10/05/2011 00:00,""
11/05/2011 00:00,""
12/05/2011 00:00,""
13/05/2011 00:00,""
14/05/2011 00:00,""
15/05/2011 00:00,""
16/05/2011 00:00,""
17/05/2011 00:00,""
18/05/2011 00:00,""
19/05/2011 00:00,""
20/05/2011 00:00,""
21/05/2011 00:00,""
22/05/2011 00:00,""
23/05/2011 00:00,""
24/05/2011 00:00,""
25/05/2011 00:00,""
26/05/2011 00:00,""
27/05/2011 00:00,""
28/05/2011 00:00,""
29/05/2011 00:00,""
30/05/2011 00:00,""
31/05/2011 00:00,""
01/06/2011 00:00,""
02/06/2011 00:00,""
03/06/2011 00:00,""
04/06/2011 00:00,""
05/06/2011 00:00,""
06/06/2011 00:00,""
07/06/2011 00:00,""
08/06/2011 00:00,""
09/06/2011 00:00,""
10/06/2011 00:00,""
11/06/2011 00:00,""
12/06/2011 00:00,""
13/06/2011 00:00,""
14/06/2011 00:00,""
15/06/2011 00:00,""
16/06/2011 00:00,""
17/06/2011 00:00,""
18/06/2011 00:00,""
19/06/2011 00:00,""
20/06/2011 00:00,""
21/06/2011 00:00,""
22/06/2011 00:00,""
23/06/2011 00:00,""
24/06/2011 00:00,""
25/06/2011 00:00,""
26/06/2011 00:00,""
27/06/2011 00:00,""
28/06/2011 00:00,""
29/06/2011 00:00,""
30/06/2011 00:00,""
01/07/2011 00:00,""
02/07/2011 00:00,""
03/07/2011 00:00,""
04/07/2011 00:00,""
05/07/2011 00:00,""
06/07/2011 00:00,""
07/07/2011 00:00,""
08/07/2011 00:00,""
09/07/2011 00:00,""
10/07/2011 00:00,""
11/07/2011 00:00,""
12/07/2011 00:00,""
13/07/2011 00:00,""
14/07/2011 00:00,""
15/07/2011 00:00,""
16/07/2011 00:00,""
17/07/2011 00:00,""
18/07/2011 00:00,""
19/07/2011 00:00,""
20/07/2011 00:00,""
21/07/2011 00:00,""
22/07/2011 00:00,""
23/07/2011 00:00,""
24/07/2011 00:00,""
25/07/2011 00:00,""
26/07/2011 00:00,""
27/07/2011 00:00,""
28/07/2011 00:00,""
29/07/2011 00:00,""
30/07/2011 00:00,""
31/07/2011 00:00,""
01/08/2011 00:00,""
02/08/2011 00:00,""
03/08/2011 00:00,""
04/08/2011 00:00,""
05/08/2011 00:00,""
06/08/2011 00:00,""
07/08/2011 00:00,""
08/08/2011 00:00,""
09/08/2011 00:00,""
10/08/2011 00:00,""
11/08/2011 00:00,""
12/08/2011 00:00,""
13/08/2011 00:00,""
14/08/2011 00:00,""
15/08/2011 00:00,""
16/08/2011 00:00,""
17/08/2011 00:00,""
18/08/2011 00:00,""
19/08/2011 00:00,""
20/08/2011 00:00,""
21/08/2011 00:00,""
22/08/2011 00:00,""
23/08/2011 00:00,""
24/08/2011 00:00,""
25/08/2011 00:00,""
26/08/2011 00:00,""
27/08/2011 00:00,""
28/08/2011 00:00,""
29/08/2011 00:00,""
30/08/2011 00:00,""
31/08/2011 00:00,""
01/09/2011 00:00,""
02/09/2011 00:00,""
03/09/2011 00:00,""
04/09/2011 00:00,""
05/09/2011 00:00,""
06/09/2011 00:00,""
07/09/2011 00:00,""
08/09/2011 00:00,""
09/09/2011 00:00,""
10/09/2011 00:00,""
11/09/2011 00:00,""
12/09/2011 00:00,""
13/09/2011 00:00,""
14/09/2011 00:00,""
15/09/2011 00:00,""
16/09/2011 00:00,""
17/09/2011 00:00,""
18/09/2011 00:00,""
19/09/2011 00:00,""
20/09/2011 00:00,""
21/09/2011 00:00,""
22/09/2011 00:00,""
23/09/2011 00:00,""
24/09/2011 00:00,""
25/09/2011 00:00,""
26/09/2011 00:00,""
27/09/2011 00:00,""
28/09/2011 00:00,""
29/09/2011 00:00,""
30/09/2011 00:00,""
01/10/2011 00:00,""
02/10/2011 00:00,""
03/10/2011 00:00,""
04/10/2011 00:00,""
05/10/2011 00:00,""
06/10/2011 00:00,""
07/10/2011 00:00,""
08/10/2011 00:00,""
09/10/2011 00:00,""
10/10/2011 00:00,""
11/10/2011 00:00,""
12/10/2011 00:00,""
13/10/2011 00:00,""
14/10/2011 00:00,""
15/10/2011 00:00,""
16/10/2011 00:00,""
17/10/2011 00:00,""
18/10/2011 00:00,""
19/10/2011 00:00,""
20/10/2011 00:00,""
21/10/2011 00:00,""
22/10/2011 00:00,""
23/10/2011 00:00,""
24/10/2011 00:00,""
25/10/2011 00:00,""
26/10/2011 00:00,""
27/10/2011 00:00,""
28/10/2011 00:00,""
29/10/2011 00:00,""
30/10/2011 00:00,""
31/10/2011 00:00,""
01/11/2011 00:00,""
02/11/2011 00:00,""
03/11/2011 00:00,""
04/11/2011 00:00,""
05/11/2011 00:00,""
06/11/2011 00:00,""
07/11/2011 00:00,""
08/11/2011 00:00,""
09/11/2011 00:00,""
10/11/2011 00:00,""
11/11/2011 00:00,""
12/11/2011 00:00,""
13/11/2011 00:00,""
14/11/2011 00:00,""
15/11/2011 00:00,""
16/11/2011 00:00,""
17/11/2011 00:00,""
18/11/2011 00:00,""
19/11/2011 00:00,""
20/11/2011 00:00,""
21/11/2011 00:00,""
22/11/2011 00:00,""
23/11/2011 00:00,""
24/11/2011 00:00,""
25/11/2011 00:00,""
26/11/2011 00:00,""
27/11/2011 00:00,""
28/11/2011 00:00,""
29/11/2011 00:00,""
30/11/2011 00:00,""
01/12/2011 00:00,""
02/12/2011 00:00,""
03/12/2011 00:00,""
04/12/2011 00:00,""
05/12/2011 00:00,""
06/12/2011 00:00,""
07/12/2011 00:00,""
08/12/2011 00:00,""
09/12/2011 00:00,""
10/12/2011 00:00,""
11/12/2011 00:00,""
12/12/2011 00:00,""
13/12/2011 00:00,""
14/12/2011 00:00,""
15/12/2011 00:00,""
16/12/2011 00:00,""
17/12/2011 00:00,""
18/12/2011 00:00,""
19/12/2011 00:00,""
20/12/2011 00:00,""
21/12/2011 00:00,""
22/12/2011 00:00,""
23/12/2011 00:00,""
24/12/2011 00:00,""
25/12/2011 00:00,""
26/12/2011 00:00,""
27/12/2011 00:00,""
28/12/2011 00:00,""
29/12/2011 00:00,""
30/12/2011 00:00,""
31/12/2011 00:00,""
01/01/2012 00:00,""
02/01/2012 00:00,""
03/01/2012 00:00,""
04/01/2012 00:00,""
05/01/2012 00:00,""
06/01/2012 00:00,""
07/01/2012 00:00,""
08/01/2012 00:00,""
09/01/2012 00:00,""
10/01/2012 00:00,""
11/01/2012 00:00,""
12/01/2012 00:00,""
13/01/2012 00:00,""
14/01/2012 00:00,""
15/01/2012 00:00,""
16/01/2012 00:00,""
17/01/2012 00:00,""
18/01/2012 00:00,""
19/01/2012 00:00,""
20/01/2012 00:00,""
21/01/2012 00:00,""
22/01/2012 00:00,""
23/01/2012 00:00,""
24/01/2012 00:00,""
25/01/2012 00:00,""
26/01/2012 00:00,""
27/01/2012 00:00,""
28/01/2012 00:00,""
29/01/2012 00:00,""
30/01/2012 00:00,""
31/01/2012 00:00,""
01/02/2012 00:00,""
02/02/2012 00:00,""
03/02/2012 00:00,""
04/02/2012 00:00,""
05/02/2012 00:00,""
06/02/2012 00:00,""
07/02/2012 00:00,""
08/02/2012 00:00,""
09/02/2012 00:00,""
10/02/2012 00:00,""
11/02/2012 00:00,""
12/02/2012 00:00,""
13/02/2012 00:00,""
14/02/2012 00:00,""
15/02/2012 00:00,""
16/02/2012 00:00,""
17/02/2012 00:00,""
18/02/2012 00:00,""
19/02/2012 00:00,""
20/02/2012 00:00,""
21/02/2012 00:00,""
22/02/2012 00:00,""
23/02/2012 00:00,""
24/02/2012 00:00,""
25/02/2012 00:00,""
26/02/2012 00:00,""
27/02/2012 00:00,""
28/02/2012 00:00,""
29/02/2012 00:00,""
01/03/2012 00:00,""
02/03/2012 00:00,""
03/03/2012 00:00,""
04/03/2012 00:00,""
05/03/2012 00:00,""
06/03/2012 00:00,""
07/03/2012 00:00,""
08/03/2012 00:00,""
09/03/2012 00:00,""
10/03/2012 00:00,""
11/03/2012 00:00,""
12/03/2012 00:00,""
13/03/2012 00:00,""
14/03/2012 00:00,""
15/03/2012 00:00,""
16/03/2012 00:00,""
17/03/2012 00:00,""
18/03/2012 00:00,""
19/03/2012 00:00,""
20/03/2012 00:00,""
21/03/2012 00:00,""
22/03/2012 00:00,""
23/03/2012 00:00,""
24/03/2012 00:00,""
25/03/2012 00:00,""
26/03/2012 00:00,""
27/03/2012 00:00,""
28/03/2012 00:00,""
29/03/2012 00:00,""
30/03/2012 00:00,""
31/03/2012 00:00,""
01/04/2012 00:00,""
02/04/2012 00:00,""
03/04/2012 00:00,""
04/04/2012 00:00,""
05/04/2012 00:00,""
06/04/2012 00:00,""
07/04/2012 00:00,""
08/04/2012 00:00,""
09/04/2012 00:00,""
10/04/2012 00:00,""
11/04/2012 00:00,""
12/04/2012 00:00,""
13/04/2012 00:00,""
14/04/2012 00:00,""
15/04/2012 00:00,""
16/04/2012 00:00,""
17/04/2012 00:00,""
18/04/2012 00:00,""
19/04/2012 00:00,""
20/04/2012 00:00,""
21/04/2012 00:00,""
22/04/2012 00:00,""
23/04/2012 00:00,""
24/04/2012 00:00,""
25/04/2012 00:00,""
26/04/2012 00:00,""
27/04/2012 00:00,""
28/04/2012 00:00,""
29/04/2012 00:00,""
30/04/2012 00:00,""
01/05/2012 00:00,""
02/05/2012 00:00,""
03/05/2012 00:00,""
04/05/2012 00:00,""
05/05/2012 00:00,""
06/05/2012 00:00,""
07/05/2012 00:00,""
08/05/2012 00:00,""
09/05/2012 00:00,""
10/05/2012 00:00,""
11/05/2012 00:00,""
12/05/2012 00:00,""
13/05/2012 00:00,""
14/05/2012 00:00,""
15/05/2012 00:00,""
16/05/2012 00:00,""
17/05/2012 00:00,""
18/05/2012 00:00,""
19/05/2012 00:00,""
20/05/2012 00:00,""
21/05/2012 00:00,""
22/05/2012 00:00,""
23/05/2012 00:00,""
24/05/2012 00:00,""
25/05/2012 00:00,""
26/05/2012 00:00,""
27/05/2012 00:00,""
28/05/2012 00:00,""
29/05/2012 00:00,""
30/05/2012 00:00,""
31/05/2012 00:00,""
01/06/2012 00:00,""
02/06/2012 00:00,""
03/06/2012 00:00,""
04/06/2012 00:00,""
05/06/2012 00:00,""
06/06/2012 00:00,""
07/06/2012 00:00,""
08/06/2012 00:00,""
09/06/2012 00:00,""
10/06/2012 00:00,""
11/06/2012 00:00,""
12/06/2012 00:00,""
13/06/2012 00:00,""
14/06/2012 00:00,""
15/06/2012 00:00,""
16/06/2012 00:00,""
17/06/2012 00:00,""
18/06/2012 00:00,""
19/06/2012 00:00,""
20/06/2012 00:00,""
21/06/2012 00:00,""
22/06/2012 00:00,""
23/06/2012 00:00,""
24/06/2012 00:00,""
25/06/2012 00:00,""
26/06/2012 00:00,""
27/06/2012 00:00,""
28/06/2012 00:00,""
29/06/2012 00:00,""
30/06/2012 00:00,""
01/07/2012 00:00,""
02/07/2012 00:00,""
03/07/2012 00:00,""
04/07/2012 00:00,""
05/07/2012 00:00,""
06/07/2012 00:00,""
07/07/2012 00:00,""
08/07/2012 00:00,""
09/07/2012 00:00,""
10/07/2012 00:00,""
11/07/2012 00:00,""
12/07/2012 00:00,""
13/07/2012 00:00,""
14/07/2012 00:00,""
15/07/2012 00:00,""
16/07/2012 00:00,""
17/07/2012 00:00,""
18/07/2012 00:00,""
19/07/2012 00:00,""
20/07/2012 00:00,""
21/07/2012 00:00,""
22/07/2012 00:00,""
23/07/2012 00:00,""
24/07/2012 00:00,""
25/07/2012 00:00,""
26/07/2012 00:00,""
27/07/2012 00:00,""
28/07/2012 00:00,""
29/07/2012 00:00,""
30/07/2012 00:00,""
31/07/2012 00:00,""
01/08/2012 00:00,""
02/08/2012 00:00,""
03/08/2012 00:00,""
04/08/2012 00:00,""
05/08/2012 00:00,""
06/08/2012 00:00,""
07/08/2012 00:00,""
08/08/2012 00:00,""
09/08/2012 00:00,""
10/08/2012 00:00,""
11/08/2012 00:00,""
12/08/2012 00:00,""
13/08/2012 00:00,""
14/08/2012 00:00,""
15/08/2012 00:00,""
16/08/2012 00:00,""
17/08/2012 00:00,""
18/08/2012 00:00,""
19/08/2012 00:00,""
20/08/2012 00:00,""
21/08/2012 00:00,""
22/08/2012 00:00,""
23/08/2012 00:00,""
24/08/2012 00:00,""
25/08/2012 00:00,""
26/08/2012 00:00,""
27/08/2012 00:00,""
28/08/2012 00:00,""
29/08/2012 00:00,""
30/08/2012 00:00,""
31/08/2012 00:00,""
01/09/2012 00:00,""
02/09/2012 00:00,""
03/09/2012 00:00,""
04/09/2012 00:00,""
05/09/2012 00:00,""
06/09/2012 00:00,""
07/09/2012 00:00,""
08/09/2012 00:00,""
09/09/2012 00:00,""
10/09/2012 00:00,""
11/09/2012 00:00,""
12/09/2012 00:00,""
13/09/2012 00:00,""
14/09/2012 00:00,""
15/09/2012 00:00,""
16/09/2012 00:00,""
17/09/2012 00:00,""
18/09/2012 00:00,""
19/09/2012 00:00,""
20/09/2012 00:00,""
21/09/2012 00:00,""
22/09/2012 00:00,""
23/09/2012 00:00,""
24/09/2012 00:00,""
25/09/2012 00:00,""
26/09/2012 00:00,""
27/09/2012 00:00,""
28/09/2012 00:00,""
29/09/2012 00:00,""
30/09/2012 00:00,""
01/10/2012 00:00,""
02/10/2012 00:00,""
03/10/2012 00:00,""
04/10/2012 00:00,""
05/10/2012 00:00,""
06/10/2012 00:00,""
07/10/2012 00:00,""
08/10/2012 00:00,""
09/10/2012 00:00,""
10/10/2012 00:00,""
11/10/2012 00:00,""
12/10/2012 00:00,""
13/10/2012 00:00,""
14/10/2012 00:00,""
15/10/2012 00:00,""
16/10/2012 00:00,""
17/10/2012 00:00,""
18/10/2012 00:00,""
19/10/2012 00:00,""
20/10/2012 00:00,""
21/10/2012 00:00,""
22/10/2012 00:00,""
23/10/2012 00:00,""
24/10/2012 00:00,""
25/10/2012 00:00,""
26/10/2012 00:00,""
27/10/2012 00:00,""
28/10/2012 00:00,""
29/10/2012 00:00,""
30/10/2012 00:00,""
31/10/2012 00:00,""
01/11/2012 00:00,""
02/11/2012 00:00,""
03/11/2012 00:00,""
04/11/2012 00:00,""
05/11/2012 00:00,""
06/11/2012 00:00,""
07/11/2012 00:00,""
08/11/2012 00:00,""
09/11/2012 00:00,""
10/11/2012 00:00,""
11/11/2012 00:00,""
12/11/2012 00:00,""
13/11/2012 00:00,""
14/11/2012 00:00,""
15/11/2012 00:00,""
16/11/2012 00:00,""
17/11/2012 00:00,""
18/11/2012 00:00,""
19/11/2012 00:00,""
20/11/2012 00:00,""
21/11/2012 00:00,""
22/11/2012 00:00,""
23/11/2012 00:00,""
24/11/2012 00:00,""
25/11/2012 00:00,""
26/11/2012 00:00,""
27/11/2012 00:00,""
28/11/2012 00:00,""
29/11/2012 00:00,""
30/11/2012 00:00,""
01/12/2012 00:00,""
02/12/2012 00:00,""
03/12/2012 00:00,""
04/12/2012 00:00,""
05/12/2012 00:00,""
06/12/2012 00:00,""
07/12/2012 00:00,""
08/12/2012 00:00,""
09/12/2012 00:00,""
10/12/2012 00:00,""
11/12/2012 00:00,""
12/12/2012 00:00,""
13/12/2012 00:00,""
14/12/2012 00:00,""
15/12/2012 00:00,""
16/12/2012 00:00,""
17/12/2012 00:00,""
18/12/2012 00:00,""
19/12/2012 00:00,""
20/12/2012 00:00,""
21/12/2012 00:00,""
22/12/2012 00:00,""
23/12/2012 00:00,""
24/12/2012 00:00,""
25/12/2012 00:00,""
26/12/2012 00:00,""
27/12/2012 00:00,""
28/12/2012 00:00,""
29/12/2012 00:00,""
30/12/2012 00:00,""
31/12/2012 00:00,""
01/01/2013 00:00,""
02/01/2013 00:00,""
03/01/2013 00:00,""
04/01/2013 00:00,""
05/01/2013 00:00,""
06/01/2013 00:00,""
07/01/2013 00:00,""
08/01/2013 00:00,""
09/01/2013 00:00,""
10/01/2013 00:00,""
11/01/2013 00:00,""
12/01/2013 00:00,""
13/01/2013 00:00,""
14/01/2013 00:00,""
15/01/2013 00:00,""
16/01/2013 00:00,""
17/01/2013 00:00,""
18/01/2013 00:00,""
19/01/2013 00:00,""
20/01/2013 00:00,""
21/01/2013 00:00,""
22/01/2013 00:00,""
23/01/2013 00:00,""
24/01/2013 00:00,""
25/01/2013 00:00,""
26/01/2013 00:00,""
27/01/2013 00:00,""
28/01/2013 00:00,""
29/01/2013 00:00,""
30/01/2013 00:00,""
31/01/2013 00:00,""
01/02/2013 00:00,""
02/02/2013 00:00,""
03/02/2013 00:00,""
04/02/2013 00:00,""
05/02/2013 00:00,""
06/02/2013 00:00,""
07/02/2013 00:00,""
08/02/2013 00:00,""
09/02/2013 00:00,""
10/02/2013 00:00,""
11/02/2013 00:00,""
12/02/2013 00:00,""
13/02/2013 00:00,""
14/02/2013 00:00,""
15/02/2013 00:00,""
16/02/2013 00:00,""
17/02/2013 00:00,""
18/02/2013 00:00,""
19/02/2013 00:00,""
20/02/2013 00:00,""
21/02/2013 00:00,""
22/02/2013 00:00,""
23/02/2013 00:00,""
24/02/2013 00:00,""
25/02/2013 00:00,""
26/02/2013 00:00,""
27/02/2013 00:00,""
28/02/2013 00:00,""
01/03/2013 00:00,""
02/03/2013 00:00,""
03/03/2013 00:00,""
04/03/2013 00:00,""
05/03/2013 00:00,""
06/03/2013 00:00,""
07/03/2013 00:00,""
08/03/2013 00:00,""
09/03/2013 00:00,""
10/03/2013 00:00,""
11/03/2013 00:00,""
12/03/2013 00:00,""
13/03/2013 00:00,""
14/03/2013 00:00,""
15/03/2013 00:00,""
16/03/2013 00:00,""
17/03/2013 00:00,""
18/03/2013 00:00,""
19/03/2013 00:00,""
20/03/2013 00:00,""
21/03/2013 00:00,""
22/03/2013 00:00,""
23/03/2013 00:00,""
24/03/2013 00:00,""
25/03/2013 00:00,""
26/03/2013 00:00,""
27/03/2013 00:00,""
28/03/2013 00:00,""
29/03/2013 00:00,""
30/03/2013 00:00,""
31/03/2013 00:00,""
01/04/2013 00:00,""
02/04/2013 00:00,""
03/04/2013 00:00,""
04/04/2013 00:00,""
05/04/2013 00:00,""
06/04/2013 00:00,""
07/04/2013 00:00,""
08/04/2013 00:00,""
09/04/2013 00:00,""
10/04/2013 00:00,""
11/04/2013 00:00,""
12/04/2013 00:00,""
13/04/2013 00:00,""
14/04/2013 00:00,""
15/04/2013 00:00,""
16/04/2013 00:00,""
17/04/2013 00:00,""
18/04/2013 00:00,""
19/04/2013 00:00,""
20/04/2013 00:00,""
21/04/2013 00:00,""
22/04/2013 00:00,""
23/04/2013 00:00,""
24/04/2013 00:00,""
25/04/2013 00:00,""
26/04/2013 00:00,""
27/04/2013 00:00,""
28/04/2013 00:00,""
29/04/2013 00:00,""
30/04/2013 00:00,""
01/05/2013 00:00,""
02/05/2013 00:00,""
03/05/2013 00:00,""
04/05/2013 00:00,""
05/05/2013 00:00,""
06/05/2013 00:00,""
07/05/2013 00:00,""
08/05/2013 00:00,""
09/05/2013 00:00,""
10/05/2013 00:00,""
11/05/2013 00:00,""
12/05/2013 00:00,""
13/05/2013 00:00,""
14/05/2013 00:00,""
15/05/2013 00:00,""
16/05/2013 00:00,""
17/05/2013 00:00,""
18/05/2013 00:00,""
19/05/2013 00:00,""
20/05/2013 00:00,""
21/05/2013 00:00,""
22/05/2013 00:00,""
23/05/2013 00:00,""
24/05/2013 00:00,""
25/05/2013 00:00,""
26/05/2013 00:00,""
27/05/2013 00:00,""
28/05/2013 00:00,""
29/05/2013 00:00,""
30/05/2013 00:00,""
31/05/2013 00:00,""
01/06/2013 00:00,""
02/06/2013 00:00,""
03/06/2013 00:00,""
04/06/2013 00:00,""
05/06/2013 00:00,""
06/06/2013 00:00,""
07/06/2013 00:00,""
08/06/2013 00:00,""
09/06/2013 00:00,""
10/06/2013 00:00,""
11/06/2013 00:00,""
12/06/2013 00:00,""
13/06/2013 00:00,""
14/06/2013 00:00,""
15/06/2013 00:00,""
16/06/2013 00:00,""
17/06/2013 00:00,""
18/06/2013 00:00,""
19/06/2013 00:00,""
20/06/2013 00:00,""
21/06/2013 00:00,""
22/06/2013 00:00,""
23/06/2013 00:00,""
24/06/2013 00:00,""
25/06/2013 00:00,""
26/06/2013 00:00,""
27/06/2013 00:00,""
28/06/2013 00:00,""
29/06/2013 00:00,""
30/06/2013 00:00,""
01/07/2013 00:00,""
02/07/2013 00:00,""
03/07/2013 00:00,""
04/07/2013 00:00,""
05/07/2013 00:00,""
06/07/2013 00:00,""
07/07/2013 00:00,""
08/07/2013 00:00,""
09/07/2013 00:00,""
10/07/2013 00:00,""
11/07/2013 00:00,""
12/07/2013 00:00,""
13/07/2013 00:00,""
14/07/2013 00:00,""
15/07/2013 00:00,""
16/07/2013 00:00,""
17/07/2013 00:00,""
18/07/2013 00:00,""
19/07/2013 00:00,""
20/07/2013 00:00,""
21/07/2013 00:00,""
22/07/2013 00:00,""
23/07/2013 00:00,""
24/07/2013 00:00,""
25/07/2013 00:00,""
26/07/2013 00:00,""
27/07/2013 00:00,""
28/07/2013 00:00,""
29/07/2013 00:00,""
30/07/2013 00:00,""
31/07/2013 00:00,""
01/08/2013 00:00,""
02/08/2013 00:00,""
03/08/2013 00:00,""
04/08/2013 00:00,""
05/08/2013 00:00,""
06/08/2013 00:00,""
07/08/2013 00:00,""
08/08/2013 00:00,""
09/08/2013 00:00,""
10/08/2013 00:00,""
11/08/2013 00:00,""
12/08/2013 00:00,""
13/08/2013 00:00,""
14/08/2013 00:00,""
15/08/2013 00:00,""
16/08/2013 00:00,""
17/08/2013 00:00,""
18/08/2013 00:00,""
19/08/2013 00:00,""
20/08/2013 00:00,""
21/08/2013 00:00,""
22/08/2013 00:00,""
23/08/2013 00:00,""
24/08/2013 00:00,""
25/08/2013 00:00,""
26/08/2013 00:00,""
27/08/2013 00:00,""
28/08/2013 00:00,""
29/08/2013 00:00,""
30/08/2013 00:00,""
31/08/2013 00:00,""
01/09/2013 00:00,""
02/09/2013 00:00,""
03/09/2013 00:00,""
04/09/2013 00:00,""
05/09/2013 00:00,""
06/09/2013 00:00,""
07/09/2013 00:00,""
08/09/2013 00:00,""
09/09/2013 00:00,""
10/09/2013 00:00,""
11/09/2013 00:00,""
12/09/2013 00:00,""
13/09/2013 00:00,""
14/09/2013 00:00,""
15/09/2013 00:00,""
16/09/2013 00:00,""
17/09/2013 00:00,""
18/09/2013 00:00,""
19/09/2013 00:00,""
20/09/2013 00:00,""
21/09/2013 00:00,""
22/09/2013 00:00,""
23/09/2013 00:00,""
24/09/2013 00:00,""
25/09/2013 00:00,""
26/09/2013 00:00,""
27/09/2013 00:00,""
28/09/2013 00:00,""
29/09/2013 00:00,""
30/09/2013 00:00,""
01/10/2013 00:00,""
02/10/2013 00:00,""
03/10/2013 00:00,""
04/10/2013 00:00,""
05/10/2013 00:00,""
06/10/2013 00:00,""
07/10/2013 00:00,""
08/10/2013 00:00,""
09/10/2013 00:00,""
10/10/2013 00:00,""
11/10/2013 00:00,""
12/10/2013 00:00,""
13/10/2013 00:00,""
14/10/2013 00:00,""
15/10/2013 00:00,""
16/10/2013 00:00,""
17/10/2013 00:00,""
18/10/2013 00:00,""
19/10/2013 00:00,""
20/10/2013 00:00,""
21/10/2013 00:00,""
22/10/2013 00:00,""
23/10/2013 00:00,""
24/10/2013 00:00,""
25/10/2013 00:00,""
26/10/2013 00:00,""
27/10/2013 00:00,""
28/10/2013 00:00,""
29/10/2013 00:00,""
30/10/2013 00:00,""
31/10/2013 00:00,""
01/11/2013 00:00,""
02/11/2013 00:00,""
03/11/2013 00:00,""
04/11/2013 00:00,""
05/11/2013 00:00,""
06/11/2013 00:00,""
07/11/2013 00:00,""
08/11/2013 00:00,""
09/11/2013 00:00,""
10/11/2013 00:00,""
11/11/2013 00:00,""
12/11/2013 00:00,""
13/11/2013 00:00,""
14/11/2013 00:00,""
15/11/2013 00:00,""
16/11/2013 00:00,""
17/11/2013 00:00,""
18/11/2013 00:00,""
19/11/2013 00:00,""
20/11/2013 00:00,""
21/11/2013 00:00,""
22/11/2013 00:00,""
23/11/2013 00:00,""
24/11/2013 00:00,""
25/11/2013 00:00,""
26/11/2013 00:00,""
27/11/2013 00:00,""
28/11/2013 00:00,""
29/11/2013 00:00,""
30/11/2013 00:00,""
01/12/2013 00:00,""
02/12/2013 00:00,""
03/12/2013 00:00,""
04/12/2013 00:00,""
05/12/2013 00:00,""
06/12/2013 00:00,""
07/12/2013 00:00,""
08/12/2013 00:00,""
09/12/2013 00:00,""
10/12/2013 00:00,""
11/12/2013 00:00,""
12/12/2013 00:00,""
13/12/2013 00:00,""
14/12/2013 00:00,""
15/12/2013 00:00,""
16/12/2013 00:00,""
17/12/2013 00:00,""
18/12/2013 00:00,""
19/12/2013 00:00,""
20/12/2013 00:00,""
21/12/2013 00:00,""
22/12/2013 00:00,""
23/12/2013 00:00,""
24/12/2013 00:00,""
25/12/2013 00:00,""
26/12/2013 00:00,""
27/12/2013 00:00,""
28/12/2013 00:00,""
29/12/2013 00:00,""
30/12/2013 00:00,""
31/12/2013 00:00,""
01/01/2014 00:00,""
02/01/2014 00:00,""
03/01/2014 00:00,""
04/01/2014 00:00,""
05/01/2014 00:00,""
06/01/2014 00:00,""
07/01/2014 00:00,""
08/01/2014 00:00,""
09/01/2014 00:00,""
10/01/2014 00:00,""
11/01/2014 00:00,""
12/01/2014 00:00,""
13/01/2014 00:00,""
14/01/2014 00:00,""
15/01/2014 00:00,""
16/01/2014 00:00,""
17/01/2014 00:00,""
18/01/2014 00:00,""
19/01/2014 00:00,""
20/01/2014 00:00,""
21/01/2014 00:00,""
22/01/2014 00:00,""
23/01/2014 00:00,""
24/01/2014 00:00,""
25/01/2014 00:00,""
26/01/2014 00:00,""
27/01/2014 00:00,""
28/01/2014 00:00,""
29/01/2014 00:00,""
30/01/2014 00:00,""
31/01/2014 00:00,""
01/02/2014 00:00,""
02/02/2014 00:00,""
03/02/2014 00:00,""
04/02/2014 00:00,""
05/02/2014 00:00,""
06/02/2014 00:00,""
07/02/2014 00:00,""
08/02/2014 00:00,""
09/02/2014 00:00,""
10/02/2014 00:00,""
11/02/2014 00:00,""
12/02/2014 00:00,""
13/02/2014 00:00,""
14/02/2014 00:00,""
15/02/2014 00:00,""
16/02/2014 00:00,""
17/02/2014 00:00,""
18/02/2014 00:00,""
19/02/2014 00:00,""
20/02/2014 00:00,""
21/02/2014 00:00,""
22/02/2014 00:00,""
23/02/2014 00:00,""
24/02/2014 00:00,""
25/02/2014 00:00,""
26/02/2014 00:00,""
27/02/2014 00:00,""
28/02/2014 00:00,""
01/03/2014 00:00,""
02/03/2014 00:00,""
03/03/2014 00:00,""
04/03/2014 00:00,""
05/03/2014 00:00,""
06/03/2014 00:00,""
07/03/2014 00:00,""
08/03/2014 00:00,""
09/03/2014 00:00,""
10/03/2014 00:00,""
11/03/2014 00:00,""
12/03/2014 00:00,""
13/03/2014 00:00,""
14/03/2014 00:00,""
15/03/2014 00:00,""
16/03/2014 00:00,""
17/03/2014 00:00,""
18/03/2014 00:00,""
19/03/2014 00:00,""
20/03/2014 00:00,""
21/03/2014 00:00,""
22/03/2014 00:00,""
23/03/2014 00:00,""
24/03/2014 00:00,""
25/03/2014 00:00,""
26/03/2014 00:00,""
27/03/2014 00:00,""
28/03/2014 00:00,""
29/03/2014 00:00,""
30/03/2014 00:00,""
31/03/2014 00:00,""
01/04/2014 00:00,""
02/04/2014 00:00,""
03/04/2014 00:00,""
04/04/2014 00:00,""
05/04/2014 00:00,""
06/04/2014 00:00,""
07/04/2014 00:00,""
08/04/2014 00:00,""
09/04/2014 00:00,""
10/04/2014 00:00,""
11/04/2014 00:00,""
12/04/2014 00:00,""
13/04/2014 00:00,""
14/04/2014 00:00,""
15/04/2014 00:00,""
16/04/2014 00:00,""
17/04/2014 00:00,""
18/04/2014 00:00,""
19/04/2014 00:00,""
20/04/2014 00:00,""
21/04/2014 00:00,""
22/04/2014 00:00,""
23/04/2014 00:00,""
24/04/2014 00:00,""
25/04/2014 00:00,""
26/04/2014 00:00,""
27/04/2014 00:00,""
28/04/2014 00:00,""
29/04/2014 00:00,""
30/04/2014 00:00,""
01/05/2014 00:00,""
02/05/2014 00:00,""
03/05/2014 00:00,""
04/05/2014 00:00,""
05/05/2014 00:00,""
06/05/2014 00:00,""
07/05/2014 00:00,""
08/05/2014 00:00,""
09/05/2014 00:00,""
10/05/2014 00:00,""
11/05/2014 00:00,""
12/05/2014 00:00,""
13/05/2014 00:00,""
14/05/2014 00:00,""
15/05/2014 00:00,""
16/05/2014 00:00,""
17/05/2014 00:00,""
18/05/2014 00:00,""
19/05/2014 00:00,""
20/05/2014 00:00,""
21/05/2014 00:00,""
22/05/2014 00:00,""
23/05/2014 00:00,""
24/05/2014 00:00,""
25/05/2014 00:00,""
26/05/2014 00:00,""
27/05/2014 00:00,""
28/05/2014 00:00,""
29/05/2014 00:00,""
30/05/2014 00:00,""
31/05/2014 00:00,""
01/06/2014 00:00,""
02/06/2014 00:00,""
03/06/2014 00:00,""
04/06/2014 00:00,""
05/06/2014 00:00,""
06/06/2014 00:00,""
07/06/2014 00:00,""
08/06/2014 00:00,""
09/06/2014 00:00,""
10/06/2014 00:00,""
11/06/2014 00:00,""
12/06/2014 00:00,""
13/06/2014 00:00,""
14/06/2014 00:00,""
15/06/2014 00:00,""
16/06/2014 00:00,""
17/06/2014 00:00,""
18/06/2014 00:00,""
19/06/2014 00:00,""
20/06/2014 00:00,""
21/06/2014 00:00,""
22/06/2014 00:00,""
23/06/2014 00:00,""
24/06/2014 00:00,""
25/06/2014 00:00,""
26/06/2014 00:00,""
27/06/2014 00:00,""
28/06/2014 00:00,""
29/06/2014 00:00,""
30/06/2014 00:00,""
01/07/2014 00:00,""
02/07/2014 00:00,""
03/07/2014 00:00,""
04/07/2014 00:00,""
05/07/2014 00:00,""
06/07/2014 00:00,""
07/07/2014 00:00,""
08/07/2014 00:00,""
09/07/2014 00:00,""
10/07/2014 00:00,""
11/07/2014 00:00,""
12/07/2014 00:00,""
13/07/2014 00:00,""
14/07/2014 00:00,""
15/07/2014 00:00,""
16/07/2014 00:00,""
17/07/2014 00:00,""
18/07/2014 00:00,""
19/07/2014 00:00,""
20/07/2014 00:00,""
21/07/2014 00:00,""
22/07/2014 00:00,""
23/07/2014 00:00,""
24/07/2014 00:00,""
25/07/2014 00:00,""
26/07/2014 00:00,""
27/07/2014 00:00,""
28/07/2014 00:00,""
29/07/2014 00:00,""
30/07/2014 00:00,""
31/07/2014 00:00,""
01/08/2014 00:00,""
02/08/2014 00:00,""
03/08/2014 00:00,""
04/08/2014 00:00,""
05/08/2014 00:00,""
06/08/2014 00:00,""
07/08/2014 00:00,""
08/08/2014 00:00,""
09/08/2014 00:00,""
10/08/2014 00:00,""
11/08/2014 00:00,""
12/08/2014 00:00,""
13/08/2014 00:00,""
14/08/2014 00:00,""
15/08/2014 00:00,""
16/08/2014 00:00,""
17/08/2014 00:00,""
18/08/2014 00:00,""
19/08/2014 00:00,""
20/08/2014 00:00,""
21/08/2014 00:00,""
22/08/2014 00:00,""
23/08/2014 00:00,""
24/08/2014 00:00,""
25/08/2014 00:00,""
26/08/2014 00:00,""
27/08/2014 00:00,""
28/08/2014 00:00,""
29/08/2014 00:00,""
30/08/2014 00:00,""
31/08/2014 00:00,""
01/09/2014 00:00,""
02/09/2014 00:00,""
03/09/2014 00:00,""
04/09/2014 00:00,""
05/09/2014 00:00,""
06/09/2014 00:00,""
07/09/2014 00:00,""
08/09/2014 00:00,""
09/09/2014 00:00,""
10/09/2014 00:00,""
11/09/2014 00:00,""
12/09/2014 00:00,""
13/09/2014 00:00,""
14/09/2014 00:00,""
15/09/2014 00:00,""
16/09/2014 00:00,""
17/09/2014 00:00,""
18/09/2014 00:00,""
19/09/2014 00:00,""
20/09/2014 00:00,""
21/09/2014 00:00,""
22/09/2014 00:00,""
23/09/2014 00:00,""
24/09/2014 00:00,""
25/09/2014 00:00,""
26/09/2014 00:00,""
27/09/2014 00:00,""
28/09/2014 00:00,""
29/09/2014 00:00,""
30/09/2014 00:00,""
01/10/2014 00:00,""
02/10/2014 00:00,""
03/10/2014 00:00,""
04/10/2014 00:00,""
05/10/2014 00:00,""
06/10/2014 00:00,""
07/10/2014 00:00,""
08/10/2014 00:00,""
09/10/2014 00:00,""
10/10/2014 00:00,""
11/10/2014 00:00,""
12/10/2014 00:00,""
13/10/2014 00:00,""
14/10/2014 00:00,""
15/10/2014 00:00,""
16/10/2014 00:00,""
17/10/2014 00:00,""
18/10/2014 00:00,""
19/10/2014 00:00,""
20/10/2014 00:00,""
21/10/2014 00:00,""
22/10/2014 00:00,""
23/10/2014 00:00,""
24/10/2014 00:00,""
25/10/2014 00:00,""
26/10/2014 00:00,""
27/10/2014 00:00,""
28/10/2014 00:00,""
29/10/2014 00:00,""
30/10/2014 00:00,""
31/10/2014 00:00,""
01/11/2014 00:00,""
02/11/2014 00:00,""
03/11/2014 00:00,""
04/11/2014 00:00,""
05/11/2014 00:00,""
06/11/2014 00:00,""
07/11/2014 00:00,""
08/11/2014 00:00,""
09/11/2014 00:00,""
10/11/2014 00:00,""
11/11/2014 00:00,""
12/11/2014 00:00,""
13/11/2014 00:00,""
14/11/2014 00:00,""
15/11/2014 00:00,""
16/11/2014 00:00,""
17/11/2014 00:00,""
18/11/2014 00:00,""
19/11/2014 00:00,""
20/11/2014 00:00,""
21/11/2014 00:00,""
22/11/2014 00:00,""
23/11/2014 00:00,""
24/11/2014 00:00,""
25/11/2014 00:00,""
26/11/2014 00:00,""
27/11/2014 00:00,""
28/11/2014 00:00,""
29/11/2014 00:00,""
30/11/2014 00:00,""
01/12/2014 00:00,""
02/12/2014 00:00,""
03/12/2014 00:00,""
04/12/2014 00:00,""
05/12/2014 00:00,""
06/12/2014 00:00,""
07/12/2014 00:00,""
08/12/2014 00:00,""
09/12/2014 00:00,""
10/12/2014 00:00,""
11/12/2014 00:00,""
12/12/2014 00:00,""
13/12/2014 00:00,""
14/12/2014 00:00,""
15/12/2014 00:00,""
16/12/2014 00:00,""
17/12/2014 00:00,""
18/12/2014 00:00,""
19/12/2014 00:00,""
20/12/2014 00:00,""
21/12/2014 00:00,""
22/12/2014 00:00,""
23/12/2014 00:00,""
24/12/2014 00:00,""
25/12/2014 00:00,""
26/12/2014 00:00,""
27/12/2014 00:00,""
28/12/2014 00:00,""
29/12/2014 00:00,""
30/12/2014 00:00,""
31/12/2014 00:00,""
01/01/2015 00:00,""
02/01/2015 00:00,""
03/01/2015 00:00,""
04/01/2015 00:00,""
05/01/2015 00:00,""
06/01/2015 00:00,""
07/01/2015 00:00,""
08/01/2015 00:00,""
09/01/2015 00:00,""
10/01/2015 00:00,""
11/01/2015 00:00,""
12/01/2015 00:00,""
13/01/2015 00:00,""
14/01/2015 00:00,""
15/01/2015 00:00,""
16/01/2015 00:00,""
17/01/2015 00:00,""
18/01/2015 00:00,""
19/01/2015 00:00,""
20/01/2015 00:00,""
21/01/2015 00:00,""
22/01/2015 00:00,""
23/01/2015 00:00,""
24/01/2015 00:00,""
25/01/2015 00:00,""
26/01/2015 00:00,""
27/01/2015 00:00,""
28/01/2015 00:00,""
29/01/2015 00:00,""
30/01/2015 00:00,""
31/01/2015 00:00,""
01/02/2015 00:00,""
02/02/2015 00:00,""
03/02/2015 00:00,""
04/02/2015 00:00,""
05/02/2015 00:00,""
06/02/2015 00:00,""
07/02/2015 00:00,""
08/02/2015 00:00,""
09/02/2015 00:00,""
10/02/2015 00:00,""
11/02/2015 00:00,""
12/02/2015 00:00,""
13/02/2015 00:00,""
14/02/2015 00:00,""
15/02/2015 00:00,""
16/02/2015 00:00,""
17/02/2015 00:00,""
18/02/2015 00:00,""
19/02/2015 00:00,""
20/02/2015 00:00,""
21/02/2015 00:00,""
22/02/2015 00:00,""
23/02/2015 00:00,""
24/02/2015 00:00,""
25/02/2015 00:00,""
26/02/2015 00:00,""
27/02/2015 00:00,""
28/02/2015 00:00,""
01/03/2015 00:00,""
02/03/2015 00:00,""
03/03/2015 00:00,""
04/03/2015 00:00,""
05/03/2015 00:00,""
06/03/2015 00:00,""
07/03/2015 00:00,""
08/03/2015 00:00,""
09/03/2015 00:00,""
10/03/2015 00:00,""
11/03/2015 00:00,""
12/03/2015 00:00,""
13/03/2015 00:00,""
14/03/2015 00:00,""
15/03/2015 00:00,""
16/03/2015 00:00,""
17/03/2015 00:00,""
18/03/2015 00:00,""
19/03/2015 00:00,""
20/03/2015 00:00,""
21/03/2015 00:00,""
22/03/2015 00:00,""
23/03/2015 00:00,""
24/03/2015 00:00,""
25/03/2015 00:00,""
26/03/2015 00:00,""
27/03/2015 00:00,""
28/03/2015 00:00,""
29/03/2015 00:00,""
30/03/2015 00:00,""
31/03/2015 00:00,""
01/04/2015 00:00,""
02/04/2015 00:00,""
03/04/2015 00:00,""
04/04/2015 00:00,""
05/04/2015 00:00,""
06/04/2015 00:00,""
07/04/2015 00:00,""
08/04/2015 00:00,""
09/04/2015 00:00,""
10/04/2015 00:00,""
11/04/2015 00:00,""
12/04/2015 00:00,""
13/04/2015 00:00,""
14/04/2015 00:00,""
15/04/2015 00:00,""
16/04/2015 00:00,""
17/04/2015 00:00,""
18/04/2015 00:00,""
19/04/2015 00:00,""
20/04/2015 00:00,""
21/04/2015 00:00,""
22/04/2015 00:00,""
23/04/2015 00:00,""
24/04/2015 00:00,""
25/04/2015 00:00,""
26/04/2015 00:00,""
27/04/2015 00:00,""
28/04/2015 00:00,""
29/04/2015 00:00,""
30/04/2015 00:00,""
01/05/2015 00:00,""
02/05/2015 00:00,""
03/05/2015 00:00,""
04/05/2015 00:00,""
05/05/2015 00:00,""
06/05/2015 00:00,""
07/05/2015 00:00,""
08/05/2015 00:00,""
09/05/2015 00:00,""
10/05/2015 00:00,""
11/05/2015 00:00,""
12/05/2015 00:00,""
13/05/2015 00:00,""
14/05/2015 00:00,""
15/05/2015 00:00,""
16/05/2015 00:00,""
17/05/2015 00:00,""
18/05/2015 00:00,""
19/05/2015 00:00,""
20/05/2015 00:00,""
21/05/2015 00:00,""
22/05/2015 00:00,""
23/05/2015 00:00,""
24/05/2015 00:00,""
25/05/2015 00:00,""
26/05/2015 00:00,""
27/05/2015 00:00,""
28/05/2015 00:00,""
29/05/2015 00:00,""
30/05/2015 00:00,""
31/05/2015 00:00,""
01/06/2015 00:00,""
02/06/2015 00:00,""
03/06/2015 00:00,""
04/06/2015 00:00,""
05/06/2015 00:00,""
06/06/2015 00:00,""
07/06/2015 00:00,""
08/06/2015 00:00,""
09/06/2015 00:00,""
10/06/2015 00:00,""
11/06/2015 00:00,""
12/06/2015 00:00,""
13/06/2015 00:00,""
14/06/2015 00:00,""
15/06/2015 00:00,""
16/06/2015 00:00,""
17/06/2015 00:00,""
18/06/2015 00:00,""
19/06/2015 00:00,""
20/06/2015 00:00,""
21/06/2015 00:00,""
22/06/2015 00:00,""
23/06/2015 00:00,""
24/06/2015 00:00,""
25/06/2015 00:00,""
26/06/2015 00:00,""
27/06/2015 00:00,""
28/06/2015 00:00,""
29/06/2015 00:00,""
30/06/2015 00:00,""
01/07/2015 00:00,""
02/07/2015 00:00,""
03/07/2015 00:00,""
04/07/2015 00:00,""
05/07/2015 00:00,""
06/07/2015 00:00,""
07/07/2015 00:00,""
08/07/2015 00:00,""
09/07/2015 00:00,""
10/07/2015 00:00,""
11/07/2015 00:00,""
12/07/2015 00:00,""
13/07/2015 00:00,""
14/07/2015 00:00,""
15/07/2015 00:00,""
16/07/2015 00:00,""
17/07/2015 00:00,""
18/07/2015 00:00,""
19/07/2015 00:00,""
20/07/2015 00:00,""
21/07/2015 00:00,""
22/07/2015 00:00,""
23/07/2015 00:00,""
24/07/2015 00:00,""
25/07/2015 00:00,""
26/07/2015 00:00,""
27/07/2015 00:00,""
28/07/2015 00:00,""
29/07/2015 00:00,""
30/07/2015 00:00,""
31/07/2015 00:00,""
01/08/2015 00:00,""
02/08/2015 00:00,""
03/08/2015 00:00,""
04/08/2015 00:00,""
05/08/2015 00:00,""
06/08/2015 00:00,""
07/08/2015 00:00,""
08/08/2015 00:00,""
09/08/2015 00:00,""
10/08/2015 00:00,""
11/08/2015 00:00,""
12/08/2015 00:00,""
13/08/2015 00:00,""
14/08/2015 00:00,""
15/08/2015 00:00,""
16/08/2015 00:00,""
17/08/2015 00:00,""
18/08/2015 00:00,""
19/08/2015 00:00,""
20/08/2015 00:00,""
21/08/2015 00:00,""
22/08/2015 00:00,""
23/08/2015 00:00,""
24/08/2015 00:00,""
25/08/2015 00:00,""
26/08/2015 00:00,""
27/08/2015 00:00,""
28/08/2015 00:00,""
29/08/2015 00:00,""
30/08/2015 00:00,""
31/08/2015 00:00,""
01/09/2015 00:00,""
02/09/2015 00:00,""
03/09/2015 00:00,""
04/09/2015 00:00,""
05/09/2015 00:00,""
06/09/2015 00:00,""
07/09/2015 00:00,""
08/09/2015 00:00,""
09/09/2015 00:00,""
10/09/2015 00:00,""
11/09/2015 00:00,""
12/09/2015 00:00,""
13/09/2015 00:00,""
14/09/2015 00:00,""
15/09/2015 00:00,""
16/09/2015 00:00,""
17/09/2015 00:00,""
18/09/2015 00:00,""
19/09/2015 00:00,""
20/09/2015 00:00,""
21/09/2015 00:00,""
22/09/2015 00:00,""
23/09/2015 00:00,""
24/09/2015 00:00,""
25/09/2015 00:00,""
26/09/2015 00:00,""
27/09/2015 00:00,""
28/09/2015 00:00,""
29/09/2015 00:00,""
30/09/2015 00:00,""
01/10/2015 00:00,""
02/10/2015 00:00,""
03/10/2015 00:00,""
04/10/2015 00:00,""
05/10/2015 00:00,""
06/10/2015 00:00,""
07/10/2015 00:00,""
08/10/2015 00:00,""
09/10/2015 00:00,""
10/10/2015 00:00,""
11/10/2015 00:00,""
12/10/2015 00:00,""
13/10/2015 00:00,""
14/10/2015 00:00,""
15/10/2015 00:00,""
16/10/2015 00:00,""
17/10/2015 00:00,""
18/10/2015 00:00,""
19/10/2015 00:00,""
20/10/2015 00:00,""
21/10/2015 00:00,""
22/10/2015 00:00,""
23/10/2015 00:00,""
24/10/2015 00:00,""
25/10/2015 00:00,""
26/10/2015 00:00,""
27/10/2015 00:00,""
28/10/2015 00:00,""
29/10/2015 00:00,""
30/10/2015 00:00,""
31/10/2015 00:00,""
01/11/2015 00:00,""
02/11/2015 00:00,""
03/11/2015 00:00,""
04/11/2015 00:00,""
05/11/2015 00:00,""
06/11/2015 00:00,""
07/11/2015 00:00,""
08/11/2015 00:00,""
09/11/2015 00:00,""
10/11/2015 00:00,""
11/11/2015 00:00,""
12/11/2015 00:00,""
13/11/2015 00:00,""
14/11/2015 00:00,""
15/11/2015 00:00,""
16/11/2015 00:00,""
17/11/2015 00:00,""
18/11/2015 00:00,""
19/11/2015 00:00,""
20/11/2015 00:00,""
21/11/2015 00:00,""
22/11/2015 00:00,""
23/11/2015 00:00,""
24/11/2015 00:00,""
25/11/2015 00:00,""
26/11/2015 00:00,""
27/11/2015 00:00,""
28/11/2015 00:00,""
29/11/2015 00:00,""
30/11/2015 00:00,""
01/12/2015 00:00,""
02/12/2015 00:00,""
03/12/2015 00:00,""
04/12/2015 00:00,""
05/12/2015 00:00,""
06/12/2015 00:00,""
07/12/2015 00:00,""
08/12/2015 00:00,""
09/12/2015 00:00,""
10/12/2015 00:00,""
11/12/2015 00:00,""
12/12/2015 00:00,""
13/12/2015 00:00,""
14/12/2015 00:00,""
15/12/2015 00:00,""
16/12/2015 00:00,""
17/12/2015 00:00,""
18/12/2015 00:00,""
19/12/2015 00:00,""
20/12/2015 00:00,""
21/12/2015 00:00,""
22/12/2015 00:00,""
23/12/2015 00:00,""
24/12/2015 00:00,""
25/12/2015 00:00,""
26/12/2015 00:00,""
27/12/2015 00:00,""
28/12/2015 00:00,""
29/12/2015 00:00,""
30/12/2015 00:00,""
31/12/2015 00:00,""
01/01/2016 00:00,""
02/01/2016 00:00,""
03/01/2016 00:00,""
04/01/2016 00:00,""
05/01/2016 00:00,""
06/01/2016 00:00,""
07/01/2016 00:00,""
08/01/2016 00:00,""
09/01/2016 00:00,""
10/01/2016 00:00,""
11/01/2016 00:00,""
12/01/2016 00:00,""
13/01/2016 00:00,""
14/01/2016 00:00,""
15/01/2016 00:00,""
16/01/2016 00:00,""
17/01/2016 00:00,""
18/01/2016 00:00,""
19/01/2016 00:00,""
20/01/2016 00:00,""
21/01/2016 00:00,""
22/01/2016 00:00,""
23/01/2016 00:00,""
24/01/2016 00:00,""
25/01/2016 00:00,""
26/01/2016 00:00,""
27/01/2016 00:00,""
28/01/2016 00:00,""
29/01/2016 00:00,""
30/01/2016 00:00,""
31/01/2016 00:00,""
01/02/2016 00:00,""
02/02/2016 00:00,""
03/02/2016 00:00,""
04/02/2016 00:00,""
05/02/2016 00:00,""
06/02/2016 00:00,""
07/02/2016 00:00,""
08/02/2016 00:00,""
09/02/2016 00:00,""
10/02/2016 00:00,""
11/02/2016 00:00,""
12/02/2016 00:00,""
13/02/2016 00:00,""
14/02/2016 00:00,""
15/02/2016 00:00,""
16/02/2016 00:00,""
17/02/2016 00:00,""
18/02/2016 00:00,""
19/02/2016 00:00,""
20/02/2016 00:00,""
21/02/2016 00:00,""
22/02/2016 00:00,""
23/02/2016 00:00,""
24/02/2016 00:00,""
25/02/2016 00:00,""
26/02/2016 00:00,""
27/02/2016 00:00,""
28/02/2016 00:00,""
29/02/2016 00:00,""
01/03/2016 00:00,""
02/03/2016 00:00,""
03/03/2016 00:00,""
04/03/2016 00:00,""
05/03/2016 00:00,""
06/03/2016 00:00,""
07/03/2016 00:00,""
08/03/2016 00:00,""
09/03/2016 00:00,""
10/03/2016 00:00,""
11/03/2016 00:00,""
12/03/2016 00:00,""
13/03/2016 00:00,""
14/03/2016 00:00,""
15/03/2016 00:00,""
16/03/2016 00:00,""
17/03/2016 00:00,""
18/03/2016 00:00,""
19/03/2016 00:00,""
20/03/2016 00:00,""
21/03/2016 00:00,""
22/03/2016 00:00,""
23/03/2016 00:00,""
24/03/2016 00:00,""
25/03/2016 00:00,""
26/03/2016 00:00,""
27/03/2016 00:00,""
28/03/2016 00:00,""
29/03/2016 00:00,""
30/03/2016 00:00,""
31/03/2016 00:00,""
01/04/2016 00:00,""
02/04/2016 00:00,""
03/04/2016 00:00,""
04/04/2016 00:00,""
05/04/2016 00:00,""
06/04/2016 00:00,""
07/04/2016 00:00,""
08/04/2016 00:00,""
09/04/2016 00:00,""
10/04/2016 00:00,""
11/04/2016 00:00,""
12/04/2016 00:00,""
13/04/2016 00:00,""
14/04/2016 00:00,""
15/04/2016 00:00,""
16/04/2016 00:00,""
17/04/2016 00:00,""
18/04/2016 00:00,""
19/04/2016 00:00,""
20/04/2016 00:00,""
21/04/2016 00:00,""
22/04/2016 00:00,""
23/04/2016 00:00,""
24/04/2016 00:00,""
25/04/2016 00:00,""
26/04/2016 00:00,""
27/04/2016 00:00,""
28/04/2016 00:00,""
29/04/2016 00:00,""
30/04/2016 00:00,""
01/05/2016 00:00,""
02/05/2016 00:00,""
03/05/2016 00:00,""
04/05/2016 00:00,""
05/05/2016 00:00,""
06/05/2016 00:00,""
07/05/2016 00:00,""
08/05/2016 00:00,""
09/05/2016 00:00,""
10/05/2016 00:00,""
11/05/2016 00:00,""
12/05/2016 00:00,""
13/05/2016 00:00,""
14/05/2016 00:00,""
15/05/2016 00:00,""
16/05/2016 00:00,""
17/05/2016 00:00,""
18/05/2016 00:00,""
19/05/2016 00:00,""
20/05/2016 00:00,""
21/05/2016 00:00,""
22/05/2016 00:00,""
23/05/2016 00:00,""
24/05/2016 00:00,""
25/05/2016 00:00,""
26/05/2016 00:00,""
27/05/2016 00:00,""
28/05/2016 00:00,""
29/05/2016 00:00,""
30/05/2016 00:00,""
31/05/2016 00:00,""
01/06/2016 00:00,""
02/06/2016 00:00,""
03/06/2016 00:00,""
04/06/2016 00:00,""
05/06/2016 00:00,""
06/06/2016 00:00,""
07/06/2016 00:00,""
08/06/2016 00:00,""
09/06/2016 00:00,""
10/06/2016 00:00,""
11/06/2016 00:00,""
12/06/2016 00:00,""
13/06/2016 00:00,""
14/06/2016 00:00,""
15/06/2016 00:00,""
16/06/2016 00:00,""
17/06/2016 00:00,""
18/06/2016 00:00,""
19/06/2016 00:00,""
20/06/2016 00:00,""
21/06/2016 00:00,""
22/06/2016 00:00,""
23/06/2016 00:00,""
24/06/2016 00:00,""
25/06/2016 00:00,""
26/06/2016 00:00,""
27/06/2016 00:00,""
28/06/2016 00:00,""
29/06/2016 00:00,""
30/06/2016 00:00,""
01/07/2016 00:00,""
02/07/2016 00:00,""
03/07/2016 00:00,""
04/07/2016 00:00,""
05/07/2016 00:00,""
06/07/2016 00:00,""
07/07/2016 00:00,""
08/07/2016 00:00,""
09/07/2016 00:00,""
10/07/2016 00:00,""
11/07/2016 00:00,""
12/07/2016 00:00,""
13/07/2016 00:00,""
14/07/2016 00:00,""
15/07/2016 00:00,""
16/07/2016 00:00,""
17/07/2016 00:00,""
18/07/2016 00:00,""
19/07/2016 00:00,""
20/07/2016 00:00,""
21/07/2016 00:00,""
22/07/2016 00:00,""
23/07/2016 00:00,""
24/07/2016 00:00,""
25/07/2016 00:00,""
26/07/2016 00:00,""
27/07/2016 00:00,""
28/07/2016 00:00,""
29/07/2016 00:00,""
30/07/2016 00:00,""
31/07/2016 00:00,""
01/08/2016 00:00,""
02/08/2016 00:00,""
03/08/2016 00:00,""
04/08/2016 00:00,""
05/08/2016 00:00,""
06/08/2016 00:00,""
07/08/2016 00:00,""
08/08/2016 00:00,""
09/08/2016 00:00,""
10/08/2016 00:00,""
11/08/2016 00:00,""
12/08/2016 00:00,""
13/08/2016 00:00,""
14/08/2016 00:00,""
15/08/2016 00:00,""
16/08/2016 00:00,""
17/08/2016 00:00,""
18/08/2016 00:00,""
19/08/2016 00:00,""
20/08/2016 00:00,""
21/08/2016 00:00,""
22/08/2016 00:00,""
23/08/2016 00:00,""
24/08/2016 00:00,""
25/08/2016 00:00,""
26/08/2016 00:00,""
27/08/2016 00:00,""
28/08/2016 00:00,""
29/08/2016 00:00,""
30/08/2016 00:00,""
31/08/2016 00:00,""
01/09/2016 00:00,""
02/09/2016 00:00,""
03/09/2016 00:00,""
04/09/2016 00:00,""
05/09/2016 00:00,""
06/09/2016 00:00,""
07/09/2016 00:00,""
08/09/2016 00:00,""
09/09/2016 00:00,""
10/09/2016 00:00,""
11/09/2016 00:00,""
12/09/2016 00:00,""
13/09/2016 00:00,""
14/09/2016 00:00,""
15/09/2016 00:00,""
16/09/2016 00:00,""
17/09/2016 00:00,""
18/09/2016 00:00,""
19/09/2016 00:00,""
20/09/2016 00:00,""
21/09/2016 00:00,""
22/09/2016 00:00,""
23/09/2016 00:00,""
24/09/2016 00:00,""
25/09/2016 00:00,""
26/09/2016 00:00,""
27/09/2016 00:00,""
28/09/2016 00:00,""
29/09/2016 00:00,""
30/09/2016 00:00,""
01/10/2016 00:00,""
02/10/2016 00:00,""
03/10/2016 00:00,""
04/10/2016 00:00,""
05/10/2016 00:00,""
06/10/2016 00:00,""
07/10/2016 00:00,""
08/10/2016 00:00,""
09/10/2016 00:00,""
10/10/2016 00:00,""
11/10/2016 00:00,""
12/10/2016 00:00,""
13/10/2016 00:00,""
14/10/2016 00:00,""
15/10/2016 00:00,""
16/10/2016 00:00,""
17/10/2016 00:00,""
18/10/2016 00:00,""
19/10/2016 00:00,""
20/10/2016 00:00,""
21/10/2016 00:00,""
22/10/2016 00:00,""
23/10/2016 00:00,""
24/10/2016 00:00,""
25/10/2016 00:00,""
26/10/2016 00:00,""
27/10/2016 00:00,""
28/10/2016 00:00,""
29/10/2016 00:00,""
30/10/2016 00:00,""
31/10/2016 00:00,""
01/11/2016 00:00,""
02/11/2016 00:00,""
03/11/2016 00:00,""
04/11/2016 00:00,""
05/11/2016 00:00,""
06/11/2016 00:00,""
07/11/2016 00:00,""
08/11/2016 00:00,""
09/11/2016 00:00,""
10/11/2016 00:00,""
11/11/2016 00:00,""
12/11/2016 00:00,""
13/11/2016 00:00,""
14/11/2016 00:00,""
15/11/2016 00:00,""
16/11/2016 00:00,""
17/11/2016 00:00,""
18/11/2016 00:00,""
19/11/2016 00:00,""
20/11/2016 00:00,""
21/11/2016 00:00,""
22/11/2016 00:00,""
23/11/2016 00:00,""
24/11/2016 00:00,""
25/11/2016 00:00,""
26/11/2016 00:00,""
27/11/2016 00:00,""
28/11/2016 00:00,""
29/11/2016 00:00,""
30/11/2016 00:00,""
01/12/2016 00:00,""
02/12/2016 00:00,""
03/12/2016 00:00,""
04/12/2016 00:00,""
05/12/2016 00:00,""
06/12/2016 00:00,""
07/12/2016 00:00,""
08/12/2016 00:00,""
09/12/2016 00:00,""
10/12/2016 00:00,""
11/12/2016 00:00,""
12/12/2016 00:00,""
13/12/2016 00:00,""
14/12/2016 00:00,""
15/12/2016 00:00,""
16/12/2016 00:00,""
17/12/2016 00:00,""
18/12/2016 00:00,""
19/12/2016 00:00,""
20/12/2016 00:00,""
21/12/2016 00:00,""
22/12/2016 00:00,""
23/12/2016 00:00,""
24/12/2016 00:00,""
25/12/2016 00:00,""
26/12/2016 00:00,""
27/12/2016 00:00,""
28/12/2016 00:00,""
29/12/2016 00:00,""
30/12/2016 00:00,""
31/12/2016 00:00,""
01/01/2017 00:00,""
02/01/2017 00:00,""
03/01/2017 00:00,""
04/01/2017 00:00,""
05/01/2017 00:00,""
06/01/2017 00:00,""
07/01/2017 00:00,""
08/01/2017 00:00,""
09/01/2017 00:00,""
10/01/2017 00:00,""
11/01/2017 00:00,""
12/01/2017 00:00,""
13/01/2017 00:00,""
14/01/2017 00:00,""
15/01/2017 00:00,""
16/01/2017 00:00,""
17/01/2017 00:00,""
18/01/2017 00:00,""
19/01/2017 00:00,""
20/01/2017 00:00,""
21/01/2017 00:00,""
22/01/2017 00:00,""
23/01/2017 00:00,""
24/01/2017 00:00,""
25/01/2017 00:00,""
26/01/2017 00:00,""
27/01/2017 00:00,""
28/01/2017 00:00,""
29/01/2017 00:00,""
30/01/2017 00:00,""
31/01/2017 00:00,""
01/02/2017 00:00,""
02/02/2017 00:00,""
03/02/2017 00:00,""
04/02/2017 00:00,""
05/02/2017 00:00,""
06/02/2017 00:00,""
07/02/2017 00:00,""
08/02/2017 00:00,""
09/02/2017 00:00,""
10/02/2017 00:00,""
11/02/2017 00:00,""
12/02/2017 00:00,""
13/02/2017 00:00,""
14/02/2017 00:00,""
15/02/2017 00:00,""
16/02/2017 00:00,""
17/02/2017 00:00,""
18/02/2017 00:00,""
19/02/2017 00:00,""
20/02/2017 00:00,""
21/02/2017 00:00,""
22/02/2017 00:00,""
23/02/2017 00:00,""
24/02/2017 00:00,""
25/02/2017 00:00,""
26/02/2017 00:00,""
27/02/2017 00:00,""
28/02/2017 00:00,""
01/03/2017 00:00,""
02/03/2017 00:00,""
03/03/2017 00:00,""
04/03/2017 00:00,""
05/03/2017 00:00,""
06/03/2017 00:00,""
07/03/2017 00:00,""
08/03/2017 00:00,""
09/03/2017 00:00,""
10/03/2017 00:00,""
11/03/2017 00:00,""
12/03/2017 00:00,""
13/03/2017 00:00,""
14/03/2017 00:00,""
15/03/2017 00:00,""
16/03/2017 00:00,""
17/03/2017 00:00,""
18/03/2017 00:00,""
19/03/2017 00:00,""
20/03/2017 00:00,""
21/03/2017 00:00,""
22/03/2017 00:00,""
23/03/2017 00:00,""
24/03/2017 00:00,""
25/03/2017 00:00,""
26/03/2017 00:00,""
27/03/2017 00:00,""
28/03/2017 00:00,""
29/03/2017 00:00,""
30/03/2017 00:00,""
31/03/2017 00:00,""
01/04/2017 00:00,""
02/04/2017 00:00,""
03/04/2017 00:00,""
04/04/2017 00:00,""
05/04/2017 00:00,""
06/04/2017 00:00,""
07/04/2017 00:00,""
08/04/2017 00:00,""
09/04/2017 00:00,""
10/04/2017 00:00,""
11/04/2017 00:00,""
12/04/2017 00:00,""
13/04/2017 00:00,""
14/04/2017 00:00,""
15/04/2017 00:00,""
16/04/2017 00:00,""
17/04/2017 00:00,""
18/04/2017 00:00,""
19/04/2017 00:00,""
20/04/2017 00:00,""
21/04/2017 00:00,""
22/04/2017 00:00,""
23/04/2017 00:00,""
24/04/2017 00:00,""
25/04/2017 00:00,""
26/04/2017 00:00,""
27/04/2017 00:00,""
28/04/2017 00:00,""
29/04/2017 00:00,""
30/04/2017 00:00,""
01/05/2017 00:00,""
02/05/2017 00:00,""
03/05/2017 00:00,""
04/05/2017 00:00,""
05/05/2017 00:00,""
06/05/2017 00:00,""
07/05/2017 00:00,""
08/05/2017 00:00,""
09/05/2017 00:00,""
10/05/2017 00:00,""
11/05/2017 00:00,""
12/05/2017 00:00,""
13/05/2017 00:00,""
14/05/2017 00:00,""
15/05/2017 00:00,""
16/05/2017 00:00,""
17/05/2017 00:00,""
18/05/2017 00:00,""
19/05/2017 00:00,""
20/05/2017 00:00,""
21/05/2017 00:00,""
22/05/2017 00:00,""
23/05/2017 00:00,""
24/05/2017 00:00,""
25/05/2017 00:00,""
26/05/2017 00:00,""
27/05/2017 00:00,""
28/05/2017 00:00,""
29/05/2017 00:00,""
30/05/2017 00:00,""
31/05/2017 00:00,""
01/06/2017 00:00,""
02/06/2017 00:00,""
03/06/2017 00:00,""
04/06/2017 00:00,""
05/06/2017 00:00,""
06/06/2017 00:00,""
07/06/2017 00:00,""
08/06/2017 00:00,""
09/06/2017 00:00,""
10/06/2017 00:00,""
11/06/2017 00:00,""
12/06/2017 00:00,""
13/06/2017 00:00,""
14/06/2017 00:00,""
15/06/2017 00:00,""
16/06/2017 00:00,""
17/06/2017 00:00,""
18/06/2017 00:00,""
19/06/2017 00:00,""
20/06/2017 00:00,""
21/06/2017 00:00,""
22/06/2017 00:00,""
23/06/2017 00:00,""
24/06/2017 00:00,""
25/06/2017 00:00,""
26/06/2017 00:00,""
27/06/2017 00:00,""
28/06/2017 00:00,""
29/06/2017 00:00,""
30/06/2017 00:00,""
01/07/2017 00:00,""
02/07/2017 00:00,""
03/07/2017 00:00,""
04/07/2017 00:00,""
05/07/2017 00:00,""
06/07/2017 00:00,""
07/07/2017 00:00,""
08/07/2017 00:00,""
09/07/2017 00:00,""
10/07/2017 00:00,""
