"Time","A2391257"
"and","Discharge (ML)"
"Date","Total"
17/05/2016 00:00,""
18/05/2016 00:00,     0.00000
19/05/2016 00:00,     0.00000
20/05/2016 00:00,     0.00000
21/05/2016 00:00,     0.00000
22/05/2016 00:00,     0.00000
23/05/2016 00:00,     0.00000
24/05/2016 00:00,     0.00000
25/05/2016 00:00,     0.00000
26/05/2016 00:00,     0.00000
27/05/2016 00:00,     0.00000
28/05/2016 00:00,     0.00000
29/05/2016 00:00,     0.00000
30/05/2016 00:00,     0.00000
31/05/2016 00:00,     0.00000
01/06/2016 00:00,     0.00000
02/06/2016 00:00,     0.00000
03/06/2016 00:00,     0.00000
04/06/2016 00:00,     0.00000
05/06/2016 00:00,     0.00000
06/06/2016 00:00,     0.00000
07/06/2016 00:00,     0.00000
08/06/2016 00:00,     0.00000
09/06/2016 00:00,     0.00000
10/06/2016 00:00,     0.00000
11/06/2016 00:00,     0.00000
12/06/2016 00:00,     0.00000
13/06/2016 00:00,     0.00000
14/06/2016 00:00,     0.00000
15/06/2016 00:00,     0.00000
16/06/2016 00:00,     0.00000
17/06/2016 00:00,     0.00000
18/06/2016 00:00,     0.00000
19/06/2016 00:00,     0.00000
20/06/2016 00:00,     0.00000
21/06/2016 00:00,     0.00000
22/06/2016 00:00,     0.00000
23/06/2016 00:00,     0.00000
24/06/2016 00:00,     0.00000
25/06/2016 00:00,     0.00000
26/06/2016 00:00,     0.00000
27/06/2016 00:00,     0.00000
28/06/2016 00:00,     0.00000
29/06/2016 00:00,     0.00000
30/06/2016 00:00,     0.00000
01/07/2016 00:00,     0.00000
02/07/2016 00:00,     0.00000
03/07/2016 00:00,     0.00000
04/07/2016 00:00,     0.00000
05/07/2016 00:00,     0.00000
06/07/2016 00:00,     0.00000
07/07/2016 00:00,     0.00000
08/07/2016 00:00,     0.00000
09/07/2016 00:00,     0.00000
10/07/2016 00:00,     0.00000
11/07/2016 00:00,     0.00000
12/07/2016 00:00,     0.00000
13/07/2016 00:00,     0.00000
14/07/2016 00:00,     0.00000
15/07/2016 00:00,     0.00000
16/07/2016 00:00,     0.00000
17/07/2016 00:00,     0.00000
18/07/2016 00:00,     0.00000
19/07/2016 00:00,     0.00000
20/07/2016 00:00,     0.00000
21/07/2016 00:00,     0.00000
22/07/2016 00:00,     0.00000
23/07/2016 00:00,     0.00000
24/07/2016 00:00,     0.00000
25/07/2016 00:00,     0.00000
26/07/2016 00:00,     0.00000
27/07/2016 00:00,     0.00000
28/07/2016 00:00,     0.00000
29/07/2016 00:00,     0.00000
30/07/2016 00:00,     0.00000
31/07/2016 00:00,     0.00000
01/08/2016 00:00,     0.00000
02/08/2016 00:00,     0.00000
03/08/2016 00:00,     0.00000
04/08/2016 00:00,     0.00000
05/08/2016 00:00,     0.00000
06/08/2016 00:00,     0.00000
07/08/2016 00:00,     0.00000
08/08/2016 00:00,     0.00000
09/08/2016 00:00,     0.00000
10/08/2016 00:00,     0.00000
11/08/2016 00:00,     0.00000
12/08/2016 00:00,     0.00000
13/08/2016 00:00,     0.00000
14/08/2016 00:00,     0.00000
15/08/2016 00:00,     0.00000
16/08/2016 00:00,     0.00000
17/08/2016 00:00,     0.00000
18/08/2016 00:00,     0.00000
19/08/2016 00:00,     0.00000
20/08/2016 00:00,     0.00000
21/08/2016 00:00,     0.00000
22/08/2016 00:00,     0.00000
23/08/2016 00:00,     0.00000
24/08/2016 00:00,     0.00000
25/08/2016 00:00,     0.00000
26/08/2016 00:00,     0.00000
27/08/2016 00:00,     0.00000
28/08/2016 00:00,     0.00000
29/08/2016 00:00,     0.00000
30/08/2016 00:00,     0.00000
31/08/2016 00:00,     0.00000
01/09/2016 00:00,     0.00000
02/09/2016 00:00,     0.00000
03/09/2016 00:00,     0.00000
04/09/2016 00:00,     0.00000
05/09/2016 00:00,     0.00000
06/09/2016 00:00,     0.00000
07/09/2016 00:00,     0.00000
08/09/2016 00:00,     0.00000
09/09/2016 00:00,     0.76952
10/09/2016 00:00,     0.41382
11/09/2016 00:00,     0.28780
12/09/2016 00:00,     0.30370
13/09/2016 00:00,     2.52341
14/09/2016 00:00,    14.98817
15/09/2016 00:00,     2.98616
16/09/2016 00:00,    23.12963
17/09/2016 00:00,    28.31448
18/09/2016 00:00,    26.98014
19/09/2016 00:00,    19.88123
20/09/2016 00:00,    12.03650
21/09/2016 00:00,     7.49586
22/09/2016 00:00,     4.31741
23/09/2016 00:00,     2.20267
24/09/2016 00:00,     1.90127
25/09/2016 00:00,     7.08394
26/09/2016 00:00,     4.96254
27/09/2016 00:00,     9.24898
28/09/2016 00:00,    13.75296
29/09/2016 00:00,   105.41380
30/09/2016 00:00,   165.10129
01/10/2016 00:00,   143.02654
02/10/2016 00:00,   101.34966
03/10/2016 00:00,    83.93654
04/10/2016 00:00,   124.51089
05/10/2016 00:00,   138.94390
06/10/2016 00:00,   108.38862
07/10/2016 00:00,    75.10874
08/10/2016 00:00,    58.91428
09/10/2016 00:00,    45.40648
10/10/2016 00:00,    30.90085
11/10/2016 00:00,    17.80546
12/10/2016 00:00,     9.43155
13/10/2016 00:00,     5.54423
14/10/2016 00:00,     2.89614
15/10/2016 00:00,     1.68670
16/10/2016 00:00,     1.51115
17/10/2016 00:00,     1.53905
18/10/2016 00:00,     4.51466
19/10/2016 00:00,     1.85706
20/10/2016 00:00,     2.07188
21/10/2016 00:00,     1.92648
22/10/2016 00:00,     1.70105
23/10/2016 00:00,     1.46521
24/10/2016 00:00,     1.16948
25/10/2016 00:00,     0.91769
26/10/2016 00:00,     0.80509
27/10/2016 00:00,     0.70957
28/10/2016 00:00,     0.62810
29/10/2016 00:00,     0.55148
30/10/2016 00:00,     0.46705
31/10/2016 00:00,     0.40688
01/11/2016 00:00,     0.36246
02/11/2016 00:00,     0.32517
03/11/2016 00:00,     0.28230
04/11/2016 00:00,     0.22058
05/11/2016 00:00,     0.15362
06/11/2016 00:00,     0.10030
07/11/2016 00:00,     0.05876
08/11/2016 00:00,     0.01289
09/11/2016 00:00,     0.00010
10/11/2016 00:00,     0.00000
11/11/2016 00:00,     0.00000
12/11/2016 00:00,     0.00000
13/11/2016 00:00,     0.00000
14/11/2016 00:00,     0.00000
15/11/2016 00:00,     0.00000
16/11/2016 00:00,     0.00000
17/11/2016 00:00,     0.00000
18/11/2016 00:00,     0.00000
19/11/2016 00:00,     0.00000
20/11/2016 00:00,     0.00000
21/11/2016 00:00,     0.00000
22/11/2016 00:00,     0.00000
23/11/2016 00:00,     0.00000
24/11/2016 00:00,     0.00000
25/11/2016 00:00,     0.00000
26/11/2016 00:00,     0.00000
27/11/2016 00:00,     0.00000
28/11/2016 00:00,     0.00000
29/11/2016 00:00,     0.00000
30/11/2016 00:00,     0.00000
01/12/2016 00:00,     0.00000
02/12/2016 00:00,     0.00000
03/12/2016 00:00,     0.00000
04/12/2016 00:00,     0.00000
05/12/2016 00:00,     0.00000
06/12/2016 00:00,     0.00000
07/12/2016 00:00,     0.00000
08/12/2016 00:00,     0.00000
09/12/2016 00:00,     0.00000
10/12/2016 00:00,     0.00000
11/12/2016 00:00,     0.00000
12/12/2016 00:00,     0.00000
13/12/2016 00:00,     0.00000
14/12/2016 00:00,     0.00000
15/12/2016 00:00,     0.00000
16/12/2016 00:00,     0.00000
17/12/2016 00:00,     0.00000
18/12/2016 00:00,     0.00000
19/12/2016 00:00,     0.00000
20/12/2016 00:00,     0.00000
21/12/2016 00:00,     0.00000
22/12/2016 00:00,     0.00000
23/12/2016 00:00,     0.00000
24/12/2016 00:00,     0.00000
25/12/2016 00:00,     0.00000
26/12/2016 00:00,     0.00000
27/12/2016 00:00,     0.00000
28/12/2016 00:00,     0.00000
29/12/2016 00:00,     0.00000
30/12/2016 00:00,     0.00000
31/12/2016 00:00,     0.00000
01/01/2017 00:00,     0.00000
02/01/2017 00:00,     0.00000
03/01/2017 00:00,     0.00000
04/01/2017 00:00,     0.00000
05/01/2017 00:00,     0.00000
06/01/2017 00:00,     0.00000
07/01/2017 00:00,     0.00000
08/01/2017 00:00,     0.00000
09/01/2017 00:00,     0.00000
10/01/2017 00:00,     0.00000
11/01/2017 00:00,     0.00000
12/01/2017 00:00,     0.00000
13/01/2017 00:00,     0.00000
14/01/2017 00:00,     0.00000
15/01/2017 00:00,     0.00000
16/01/2017 00:00,     0.00000
17/01/2017 00:00,     0.00000
18/01/2017 00:00,     0.00000
19/01/2017 00:00,     0.00000
20/01/2017 00:00,     0.00000
21/01/2017 00:00,     0.00000
22/01/2017 00:00,     0.00000
23/01/2017 00:00,     0.00000
24/01/2017 00:00,     0.00000
25/01/2017 00:00,     0.00000
26/01/2017 00:00,     0.00000
27/01/2017 00:00,     0.00000
28/01/2017 00:00,     0.00000
29/01/2017 00:00,     0.00000
30/01/2017 00:00,     0.00000
31/01/2017 00:00,     0.00000
01/02/2017 00:00,     0.00000
02/02/2017 00:00,     0.00000
03/02/2017 00:00,     0.00000
04/02/2017 00:00,     0.00000
05/02/2017 00:00,     0.00000
06/02/2017 00:00,     0.00000
07/02/2017 00:00,     0.00000
08/02/2017 00:00,     0.00000
09/02/2017 00:00,     0.00000
10/02/2017 00:00,     0.00000
11/02/2017 00:00,     0.00000
12/02/2017 00:00,     0.00000
13/02/2017 00:00,     0.00000
14/02/2017 00:00,     0.00000
15/02/2017 00:00,     0.00000
16/02/2017 00:00,     0.00000
17/02/2017 00:00,     0.00000
18/02/2017 00:00,     0.00000
19/02/2017 00:00,     0.00000
20/02/2017 00:00,     0.00000
21/02/2017 00:00,     0.00000
22/02/2017 00:00,     0.00000
23/02/2017 00:00,     0.00000
24/02/2017 00:00,     0.00000
25/02/2017 00:00,     0.00000
26/02/2017 00:00,     0.00000
27/02/2017 00:00,     0.00000
28/02/2017 00:00,     0.00000
01/03/2017 00:00,     0.00000
02/03/2017 00:00,     0.00000
03/03/2017 00:00,     0.00000
04/03/2017 00:00,     0.00000
05/03/2017 00:00,     0.00000
06/03/2017 00:00,     0.00000
07/03/2017 00:00,     0.00000
08/03/2017 00:00,     0.00000
09/03/2017 00:00,     0.00000
10/03/2017 00:00,     0.00000
11/03/2017 00:00,     0.00000
12/03/2017 00:00,     0.00000
13/03/2017 00:00,     0.00000
14/03/2017 00:00,     0.00000
15/03/2017 00:00,     0.00000
16/03/2017 00:00,     0.00000
17/03/2017 00:00,     0.00000
18/03/2017 00:00,     0.00000
19/03/2017 00:00,     0.00000
20/03/2017 00:00,     0.00000
21/03/2017 00:00,     0.00000
22/03/2017 00:00,     0.00000
23/03/2017 00:00,     0.00000
24/03/2017 00:00,     0.00000
25/03/2017 00:00,     0.00000
26/03/2017 00:00,     0.00000
27/03/2017 00:00,     0.00000
28/03/2017 00:00,     0.00000
29/03/2017 00:00,     0.00000
30/03/2017 00:00,     0.00000
31/03/2017 00:00,     0.00000
01/04/2017 00:00,     0.00000
02/04/2017 00:00,     0.00000
03/04/2017 00:00,     0.00000
04/04/2017 00:00,     0.00000
05/04/2017 00:00,     0.00000
06/04/2017 00:00,     0.00000
07/04/2017 00:00,     0.00000
08/04/2017 00:00,     0.00000
09/04/2017 00:00,     0.00000
10/04/2017 00:00,     0.00000
11/04/2017 00:00,     0.00000
12/04/2017 00:00,     0.00000
13/04/2017 00:00,     0.00000
14/04/2017 00:00,     0.00000
15/04/2017 00:00,     0.00000
16/04/2017 00:00,     0.00000
17/04/2017 00:00,     0.00000
18/04/2017 00:00,     0.00000
19/04/2017 00:00,     0.00000
20/04/2017 00:00,     0.00000
21/04/2017 00:00,     0.00000
22/04/2017 00:00,     0.00000
23/04/2017 00:00,     0.00000
24/04/2017 00:00,     0.00000
25/04/2017 00:00,     0.00000
26/04/2017 00:00,     0.00000
27/04/2017 00:00,     0.00000
28/04/2017 00:00,     0.00000
29/04/2017 00:00,     0.00000
30/04/2017 00:00,     0.00000
01/05/2017 00:00,     0.00000
02/05/2017 00:00,     0.00000
03/05/2017 00:00,     0.00000
04/05/2017 00:00,     0.00000
05/05/2017 00:00,     0.00000
06/05/2017 00:00,     0.00000
07/05/2017 00:00,     0.00000
08/05/2017 00:00,     0.00000
09/05/2017 00:00,     0.00000
10/05/2017 00:00,     0.00000
11/05/2017 00:00,     0.00000
12/05/2017 00:00,     0.00000
13/05/2017 00:00,     0.00000
14/05/2017 00:00,     0.00000
15/05/2017 00:00,     0.00000
16/05/2017 00:00,     0.00000
17/05/2017 00:00,     0.00000
18/05/2017 00:00,     0.00000
19/05/2017 00:00,     0.00000
20/05/2017 00:00,     0.00000
21/05/2017 00:00,     0.00000
22/05/2017 00:00,     0.00000
23/05/2017 00:00,     0.00000
24/05/2017 00:00,     0.00000
25/05/2017 00:00,     0.00000
26/05/2017 00:00,     0.00000
27/05/2017 00:00,     0.00000
28/05/2017 00:00,     0.00000
29/05/2017 00:00,     0.00000
30/05/2017 00:00,     0.00000
31/05/2017 00:00,     0.00000
01/06/2017 00:00,     0.00000
02/06/2017 00:00,     0.00000
03/06/2017 00:00,     0.00000
04/06/2017 00:00,     0.00000
05/06/2017 00:00,     0.00000
06/06/2017 00:00,     0.00000
07/06/2017 00:00,     0.00000
08/06/2017 00:00,     0.00000
09/06/2017 00:00,     0.00000
10/06/2017 00:00,     0.00000
11/06/2017 00:00,     0.00000
12/06/2017 00:00,     0.00000
13/06/2017 00:00,     0.00000
14/06/2017 00:00,     0.00000
15/06/2017 00:00,     0.00000
16/06/2017 00:00,     0.00000
17/06/2017 00:00,     0.00000
18/06/2017 00:00,     0.00000
19/06/2017 00:00,     0.00000
20/06/2017 00:00,     0.00000
21/06/2017 00:00,     0.00000
22/06/2017 00:00,     0.00000
23/06/2017 00:00,     0.00000
24/06/2017 00:00,     0.00000
25/06/2017 00:00,     0.00000
26/06/2017 00:00,     0.00000
27/06/2017 00:00,     0.00000
28/06/2017 00:00,     0.00000
29/06/2017 00:00,     0.00000
30/06/2017 00:00,     0.00000
01/07/2017 00:00,     0.00000
02/07/2017 00:00,     0.00000
03/07/2017 00:00,     0.00000
04/07/2017 00:00,     0.00000
05/07/2017 00:00,     0.00000
06/07/2017 00:00,     0.00000
07/07/2017 00:00,     0.00000
08/07/2017 00:00,     0.00000
09/07/2017 00:00,     0.00000
10/07/2017 00:00,     0.00000
11/07/2017 00:00,     0.00000
12/07/2017 00:00,     0.00000
13/07/2017 00:00,     0.00000
14/07/2017 00:00,     0.00000
15/07/2017 00:00,     0.00000
16/07/2017 00:00,     0.00000
17/07/2017 00:00,     0.00000
18/07/2017 00:00,     0.00000
19/07/2017 00:00,     0.00000
20/07/2017 00:00,     0.00000
21/07/2017 00:00,     0.00000
22/07/2017 00:00,     0.00000
23/07/2017 00:00,     0.00000
24/07/2017 00:00,     0.00000
25/07/2017 00:00,     0.00000
26/07/2017 00:00,     0.00000
27/07/2017 00:00,     0.00000
28/07/2017 00:00,     0.00000
29/07/2017 00:00,     0.00000
30/07/2017 00:00,     0.00000
31/07/2017 00:00,     0.00000
01/08/2017 00:00,     0.00000
02/08/2017 00:00,     0.00000
03/08/2017 00:00,     0.00000
04/08/2017 00:00,     0.00000
05/08/2017 00:00,     0.00000
06/08/2017 00:00,     0.00000
07/08/2017 00:00,     0.14766
08/08/2017 00:00,     0.28812
09/08/2017 00:00,     0.15273
10/08/2017 00:00,     0.07089
11/08/2017 00:00,     0.03476
12/08/2017 00:00,     0.01203
13/08/2017 00:00,     0.00079
14/08/2017 00:00,     0.00000
15/08/2017 00:00,     0.00942
16/08/2017 00:00,     0.03043
17/08/2017 00:00,     0.31535
18/08/2017 00:00,     1.33508
19/08/2017 00:00,     0.75237
20/08/2017 00:00,     0.46906
21/08/2017 00:00,     0.37670
22/08/2017 00:00,     0.39083
23/08/2017 00:00,     0.34436
24/08/2017 00:00,     0.27316
25/08/2017 00:00,     0.20661
26/08/2017 00:00,     0.15291
27/08/2017 00:00,     0.12124
28/08/2017 00:00,     0.08288
29/08/2017 00:00,     0.05626
30/08/2017 00:00,     0.04021
31/08/2017 00:00,     0.01798
01/09/2017 00:00,     0.00115
02/09/2017 00:00,     0.00002
03/09/2017 00:00,     0.00170
04/09/2017 00:00,     0.03659
05/09/2017 00:00,     0.05439
06/09/2017 00:00,     0.04225
07/09/2017 00:00,     0.01845
08/09/2017 00:00,     0.00912
09/09/2017 00:00,     0.14506
10/09/2017 00:00,     0.15267
11/09/2017 00:00,     0.09995
12/09/2017 00:00,     0.06697
13/09/2017 00:00,     0.03980
14/09/2017 00:00,     0.02029
15/09/2017 00:00,     0.00136
16/09/2017 00:00,     0.00045
17/09/2017 00:00,     0.00000
18/09/2017 00:00,     0.00000
19/09/2017 00:00,     0.00000
20/09/2017 00:00,     0.00000
21/09/2017 00:00,     0.00000
22/09/2017 00:00,     0.00000
23/09/2017 00:00,     0.00000
24/09/2017 00:00,     0.00000
25/09/2017 00:00,     0.00000
26/09/2017 00:00,     0.00000
27/09/2017 00:00,     0.00000
28/09/2017 00:00,     0.00000
29/09/2017 00:00,     0.00000
30/09/2017 00:00,     0.00000
01/10/2017 00:00,     0.00000
02/10/2017 00:00,     0.00000
03/10/2017 00:00,     0.00000
04/10/2017 00:00,     0.00000
05/10/2017 00:00,     0.00000
06/10/2017 00:00,     0.00000
07/10/2017 00:00,     0.00000
08/10/2017 00:00,     0.00000
09/10/2017 00:00,     0.00000
10/10/2017 00:00,     0.00000
11/10/2017 00:00,     0.00000
12/10/2017 00:00,     0.00000
13/10/2017 00:00,     0.00000
14/10/2017 00:00,     0.00000
15/10/2017 00:00,     0.00000
16/10/2017 00:00,     0.00000
17/10/2017 00:00,     0.00000
18/10/2017 00:00,     0.00000
19/10/2017 00:00,     0.00000
20/10/2017 00:00,     0.00000
21/10/2017 00:00,     0.00000
22/10/2017 00:00,     0.00000
23/10/2017 00:00,     0.00000
24/10/2017 00:00,     0.00000
25/10/2017 00:00,     0.00000
26/10/2017 00:00,     0.00000
27/10/2017 00:00,     0.00000
28/10/2017 00:00,     0.00000
29/10/2017 00:00,     0.00000
30/10/2017 00:00,     0.00000
31/10/2017 00:00,     0.00000
01/11/2017 00:00,     0.00000
02/11/2017 00:00,     0.00000
03/11/2017 00:00,     0.00000
04/11/2017 00:00,     0.00000
05/11/2017 00:00,     0.00000
06/11/2017 00:00,     0.00000
07/11/2017 00:00,     0.00000
08/11/2017 00:00,     0.00000
09/11/2017 00:00,     0.00000
10/11/2017 00:00,     0.00000
11/11/2017 00:00,     0.00000
12/11/2017 00:00,     0.00000
13/11/2017 00:00,     0.00000
14/11/2017 00:00,     0.00000
15/11/2017 00:00,     0.00000
16/11/2017 00:00,     0.00000
17/11/2017 00:00,     0.00000
18/11/2017 00:00,     0.00000
19/11/2017 00:00,     0.00000
20/11/2017 00:00,     0.00000
21/11/2017 00:00,     0.00000
22/11/2017 00:00,     0.00000
23/11/2017 00:00,     0.00000
24/11/2017 00:00,     0.00000
25/11/2017 00:00,     0.00000
26/11/2017 00:00,     0.00000
27/11/2017 00:00,     0.00000
28/11/2017 00:00,     0.00000
29/11/2017 00:00,     0.00000
30/11/2017 00:00,     0.00000
01/12/2017 00:00,     0.00000
02/12/2017 00:00,     0.00000
03/12/2017 00:00,     0.00000
04/12/2017 00:00,     0.00000
05/12/2017 00:00,     0.00000
06/12/2017 00:00,     0.00000
07/12/2017 00:00,     0.00000
08/12/2017 00:00,     0.00000
09/12/2017 00:00,     0.00000
10/12/2017 00:00,     0.00000
11/12/2017 00:00,     0.00000
12/12/2017 00:00,     0.00000
13/12/2017 00:00,     0.00000
14/12/2017 00:00,     0.00000
15/12/2017 00:00,     0.00000
16/12/2017 00:00,     0.00000
17/12/2017 00:00,     0.00000
18/12/2017 00:00,     0.00000
19/12/2017 00:00,     0.00000
20/12/2017 00:00,     0.00000
21/12/2017 00:00,     0.00000
22/12/2017 00:00,     0.00000
23/12/2017 00:00,     0.00000
24/12/2017 00:00,     0.00000
25/12/2017 00:00,     0.00000
26/12/2017 00:00,     0.00000
27/12/2017 00:00,     0.00000
28/12/2017 00:00,     0.00000
29/12/2017 00:00,     0.00000
30/12/2017 00:00,     0.00000
31/12/2017 00:00,     0.00000
01/01/2018 00:00,     0.00000
02/01/2018 00:00,     0.00000
03/01/2018 00:00,     0.00000
04/01/2018 00:00,     0.00000
05/01/2018 00:00,     0.00000
06/01/2018 00:00,     0.00000
07/01/2018 00:00,     0.00000
08/01/2018 00:00,     0.00000
09/01/2018 00:00,     0.00000
10/01/2018 00:00,     0.00000
11/01/2018 00:00,     0.00000
12/01/2018 00:00,     0.00000
13/01/2018 00:00,     0.00000
14/01/2018 00:00,     0.00000
15/01/2018 00:00,     0.00000
16/01/2018 00:00,     0.00000
17/01/2018 00:00,     0.00000
18/01/2018 00:00,     0.00000
19/01/2018 00:00,     0.00000
20/01/2018 00:00,     0.00000
21/01/2018 00:00,     0.00000
22/01/2018 00:00,     0.00000
23/01/2018 00:00,     0.00000
24/01/2018 00:00,     0.00000
25/01/2018 00:00,     0.00000
26/01/2018 00:00,     0.00000
27/01/2018 00:00,     0.00000
28/01/2018 00:00,     0.00000
29/01/2018 00:00,     0.00000
30/01/2018 00:00,     0.00000
31/01/2018 00:00,     0.00000
01/02/2018 00:00,     0.00000
02/02/2018 00:00,     0.00000
03/02/2018 00:00,     0.00000
04/02/2018 00:00,     0.00000
05/02/2018 00:00,     0.00000
06/02/2018 00:00,     0.00000
07/02/2018 00:00,     0.00000
08/02/2018 00:00,     0.00000
09/02/2018 00:00,     0.00000
10/02/2018 00:00,     0.00000
11/02/2018 00:00,     0.00000
12/02/2018 00:00,     0.00000
13/02/2018 00:00,     0.00000
14/02/2018 00:00,     0.00000
15/02/2018 00:00,     0.00000
16/02/2018 00:00,     0.00000
17/02/2018 00:00,     0.00000
18/02/2018 00:00,     0.00000
19/02/2018 00:00,     0.00000
20/02/2018 00:00,     0.00000
21/02/2018 00:00,     0.00000
22/02/2018 00:00,     0.00000
23/02/2018 00:00,     0.00000
24/02/2018 00:00,     0.00000
25/02/2018 00:00,     0.00000
26/02/2018 00:00,     0.00000
27/02/2018 00:00,     0.00000
28/02/2018 00:00,     0.00000
01/03/2018 00:00,     0.00000
02/03/2018 00:00,     0.00000
03/03/2018 00:00,     0.00000
04/03/2018 00:00,     0.00000
05/03/2018 00:00,     0.00000
06/03/2018 00:00,     0.00000
07/03/2018 00:00,     0.00000
08/03/2018 00:00,     0.00000
09/03/2018 00:00,     0.00000
10/03/2018 00:00,     0.00000
11/03/2018 00:00,     0.00000
12/03/2018 00:00,     0.00000
13/03/2018 00:00,     0.00000
14/03/2018 00:00,     0.00000
15/03/2018 00:00,     0.00000
16/03/2018 00:00,     0.00000
17/03/2018 00:00,     0.00000
18/03/2018 00:00,     0.00000
19/03/2018 00:00,     0.00000
20/03/2018 00:00,     0.00000
21/03/2018 00:00,     0.00000
22/03/2018 00:00,     0.00000
23/03/2018 00:00,     0.00000
24/03/2018 00:00,     0.00000
25/03/2018 00:00,     0.00000
26/03/2018 00:00,     0.00000
27/03/2018 00:00,     0.00000
28/03/2018 00:00,     0.00000
29/03/2018 00:00,     0.00000
30/03/2018 00:00,     0.00000
31/03/2018 00:00,     0.00000
01/04/2018 00:00,     0.00000
02/04/2018 00:00,     0.00000
03/04/2018 00:00,     0.00000
04/04/2018 00:00,     0.00000
05/04/2018 00:00,     0.00000
06/04/2018 00:00,     0.00000
07/04/2018 00:00,     0.00000
08/04/2018 00:00,     0.00000
09/04/2018 00:00,     0.00000
10/04/2018 00:00,     0.00000
11/04/2018 00:00,     0.00000
12/04/2018 00:00,     0.00000
13/04/2018 00:00,     0.00000
14/04/2018 00:00,     0.00000
15/04/2018 00:00,     0.00000
16/04/2018 00:00,     0.00000
17/04/2018 00:00,     0.00000
18/04/2018 00:00,     0.00000
19/04/2018 00:00,     0.00000
20/04/2018 00:00,     0.00000
21/04/2018 00:00,     0.00000
22/04/2018 00:00,     0.00000
23/04/2018 00:00,     0.00000
24/04/2018 00:00,     0.00000
25/04/2018 00:00,     0.00000
26/04/2018 00:00,     0.00000
27/04/2018 00:00,     0.00000
28/04/2018 00:00,     0.00000
29/04/2018 00:00,     0.00000
30/04/2018 00:00,     0.00000
01/05/2018 00:00,     0.00000
02/05/2018 00:00,     0.00000
03/05/2018 00:00,     0.00000
04/05/2018 00:00,     0.00000
05/05/2018 00:00,     0.00000
06/05/2018 00:00,     0.00000
07/05/2018 00:00,     0.00000
08/05/2018 00:00,     0.00000
09/05/2018 00:00,     0.00000
10/05/2018 00:00,     0.00000
11/05/2018 00:00,     0.00000
12/05/2018 00:00,     0.00000
13/05/2018 00:00,     0.00000
14/05/2018 00:00,     0.00000
15/05/2018 00:00,""
16/05/2018 00:00,""
17/05/2018 00:00,""
18/05/2018 00:00,""
19/05/2018 00:00,""
20/05/2018 00:00,""
21/05/2018 00:00,""
22/05/2018 00:00,""
23/05/2018 00:00,""
24/05/2018 00:00,""
25/05/2018 00:00,""
26/05/2018 00:00,""
27/05/2018 00:00,""
28/05/2018 00:00,""
29/05/2018 00:00,""
30/05/2018 00:00,""
31/05/2018 00:00,""
01/06/2018 00:00,""
02/06/2018 00:00,""
03/06/2018 00:00,""
04/06/2018 00:00,""
05/06/2018 00:00,""
06/06/2018 00:00,""
07/06/2018 00:00,""
08/06/2018 00:00,""
09/06/2018 00:00,""
10/06/2018 00:00,""
11/06/2018 00:00,""
12/06/2018 00:00,""
13/06/2018 00:00,""
14/06/2018 00:00,""
15/06/2018 00:00,""
16/06/2018 00:00,""
17/06/2018 00:00,""
18/06/2018 00:00,""
19/06/2018 00:00,""
20/06/2018 00:00,""
21/06/2018 00:00,""
22/06/2018 00:00,""
23/06/2018 00:00,""
24/06/2018 00:00,""
25/06/2018 00:00,""
26/06/2018 00:00,""
27/06/2018 00:00,""
28/06/2018 00:00,""
29/06/2018 00:00,""
30/06/2018 00:00,""
01/07/2018 00:00,""
02/07/2018 00:00,""
03/07/2018 00:00,""
04/07/2018 00:00,""
05/07/2018 00:00,""
06/07/2018 00:00,""
07/07/2018 00:00,""
08/07/2018 00:00,""
09/07/2018 00:00,""
10/07/2018 00:00,""
11/07/2018 00:00,""
12/07/2018 00:00,""
13/07/2018 00:00,""
14/07/2018 00:00,""
15/07/2018 00:00,""
16/07/2018 00:00,""
17/07/2018 00:00,""
18/07/2018 00:00,""
19/07/2018 00:00,""
20/07/2018 00:00,""
21/07/2018 00:00,""
22/07/2018 00:00,""
23/07/2018 00:00,""
24/07/2018 00:00,""
25/07/2018 00:00,""
26/07/2018 00:00,""
27/07/2018 00:00,""
28/07/2018 00:00,""
29/07/2018 00:00,""
30/07/2018 00:00,""
31/07/2018 00:00,""
01/08/2018 00:00,""
02/08/2018 00:00,""
03/08/2018 00:00,""
04/08/2018 00:00,""
05/08/2018 00:00,""
06/08/2018 00:00,""
07/08/2018 00:00,""
08/08/2018 00:00,""
09/08/2018 00:00,""
10/08/2018 00:00,""
11/08/2018 00:00,""
12/08/2018 00:00,""
13/08/2018 00:00,""
14/08/2018 00:00,""
15/08/2018 00:00,""
16/08/2018 00:00,""
17/08/2018 00:00,""
18/08/2018 00:00,""
19/08/2018 00:00,""
20/08/2018 00:00,""
21/08/2018 00:00,""
22/08/2018 00:00,""
23/08/2018 00:00,""
24/08/2018 00:00,""
25/08/2018 00:00,""
26/08/2018 00:00,""
27/08/2018 00:00,""
28/08/2018 00:00,""
29/08/2018 00:00,""
30/08/2018 00:00,""
31/08/2018 00:00,""
01/09/2018 00:00,""
02/09/2018 00:00,""
03/09/2018 00:00,""
04/09/2018 00:00,""
05/09/2018 00:00,""
06/09/2018 00:00,""
07/09/2018 00:00,""
08/09/2018 00:00,""
09/09/2018 00:00,""
10/09/2018 00:00,""
11/09/2018 00:00,""
12/09/2018 00:00,""
13/09/2018 00:00,""
14/09/2018 00:00,""
15/09/2018 00:00,""
16/09/2018 00:00,""
17/09/2018 00:00,""
18/09/2018 00:00,""
19/09/2018 00:00,""
20/09/2018 00:00,""
21/09/2018 00:00,""
22/09/2018 00:00,""
23/09/2018 00:00,""
24/09/2018 00:00,""
25/09/2018 00:00,""
26/09/2018 00:00,""
27/09/2018 00:00,""
28/09/2018 00:00,""
29/09/2018 00:00,""
30/09/2018 00:00,""
01/10/2018 00:00,""
02/10/2018 00:00,""
03/10/2018 00:00,""
04/10/2018 00:00,""
05/10/2018 00:00,""
06/10/2018 00:00,""
07/10/2018 00:00,""
08/10/2018 00:00,""
09/10/2018 00:00,""
10/10/2018 00:00,""
11/10/2018 00:00,""
12/10/2018 00:00,""
13/10/2018 00:00,""
14/10/2018 00:00,""
