"Time","A4261172"
"and","Water Temp. (Deg.C)"
"Date","Mean"
15/07/2009 00:00,""
16/07/2009 00:00,        9.27
17/07/2009 00:00,        8.94
18/07/2009 00:00,        9.33
19/07/2009 00:00,        9.81
20/07/2009 00:00,        9.73
21/07/2009 00:00,       10.24
22/07/2009 00:00,        9.90
23/07/2009 00:00,        9.39
24/07/2009 00:00,        8.99
25/07/2009 00:00,        8.59
26/07/2009 00:00,        8.65
27/07/2009 00:00,        9.07
28/07/2009 00:00,        9.70
29/07/2009 00:00,       10.36
30/07/2009 00:00,       10.13
31/07/2009 00:00,       10.25
01/08/2009 00:00,       10.50
02/08/2009 00:00,        9.98
03/08/2009 00:00,       10.18
04/08/2009 00:00,       10.67
05/08/2009 00:00,       11.05
06/08/2009 00:00,       11.30
07/08/2009 00:00,       11.12
08/08/2009 00:00,        9.39
09/08/2009 00:00,        8.38
10/08/2009 00:00,        9.21
11/08/2009 00:00,       10.81
12/08/2009 00:00,       10.94
13/08/2009 00:00,       10.15
14/08/2009 00:00,       10.50
15/08/2009 00:00,       11.92
16/08/2009 00:00,       12.31
17/08/2009 00:00,       10.95
18/08/2009 00:00,       11.10
19/08/2009 00:00,       11.42
20/08/2009 00:00,       13.12
21/08/2009 00:00,       12.95
22/08/2009 00:00,       11.28
23/08/2009 00:00,       11.85
24/08/2009 00:00,       11.55
25/08/2009 00:00,       10.70
26/08/2009 00:00,       10.95
27/08/2009 00:00,       11.38
28/08/2009 00:00,       11.40
29/08/2009 00:00,       12.73
30/08/2009 00:00,       11.35
31/08/2009 00:00,       12.22
01/09/2009 00:00,       11.99
02/09/2009 00:00,       12.62
03/09/2009 00:00,       12.22
04/09/2009 00:00,       12.41
05/09/2009 00:00,       12.43
06/09/2009 00:00,       11.87
07/09/2009 00:00,       12.40
08/09/2009 00:00,       12.29
09/09/2009 00:00,       12.31
10/09/2009 00:00,       12.01
11/09/2009 00:00,       12.89
12/09/2009 00:00,       14.38
13/09/2009 00:00,       14.73
14/09/2009 00:00,       12.88
15/09/2009 00:00,       12.55
16/09/2009 00:00,       12.06
17/09/2009 00:00,       14.11
18/09/2009 00:00,       13.70
19/09/2009 00:00,       15.09
20/09/2009 00:00,       13.82
21/09/2009 00:00,       11.62
22/09/2009 00:00,       11.69
23/09/2009 00:00,       13.25
24/09/2009 00:00,       14.43
25/09/2009 00:00,       13.57
26/09/2009 00:00,       11.25
27/09/2009 00:00,       10.82
28/09/2009 00:00,       11.63
29/09/2009 00:00,       12.34
30/09/2009 00:00,       13.48
01/10/2009 00:00,       13.96
02/10/2009 00:00,       13.12
03/10/2009 00:00,       13.17
04/10/2009 00:00,       12.60
05/10/2009 00:00,       13.08
06/10/2009 00:00,       13.30
07/10/2009 00:00,       12.75
08/10/2009 00:00,       12.77
09/10/2009 00:00,       12.99
10/10/2009 00:00,       13.34
11/10/2009 00:00,       13.43
12/10/2009 00:00,       13.71
13/10/2009 00:00,       13.37
14/10/2009 00:00,       13.34
15/10/2009 00:00,       13.09
16/10/2009 00:00,       13.27
17/10/2009 00:00,       13.79
18/10/2009 00:00,       13.97
19/10/2009 00:00,       15.34
20/10/2009 00:00,       16.62
21/10/2009 00:00,       17.28
22/10/2009 00:00,       17.16
23/10/2009 00:00,       17.58
24/10/2009 00:00,       17.24
25/10/2009 00:00,       15.91
26/10/2009 00:00,       15.44
27/10/2009 00:00,       17.08
28/10/2009 00:00,       18.70
29/10/2009 00:00,       20.78
30/10/2009 00:00,       22.40
31/10/2009 00:00,       22.32
01/11/2009 00:00,       22.09
02/11/2009 00:00,       22.01
03/11/2009 00:00,       18.45
04/11/2009 00:00,       17.94
05/11/2009 00:00,       18.25
06/11/2009 00:00,       19.72
07/11/2009 00:00,       21.35
08/11/2009 00:00,       23.01
09/11/2009 00:00,       24.85
10/11/2009 00:00,       25.62
11/11/2009 00:00,       26.08
12/11/2009 00:00,       25.71
13/11/2009 00:00,       25.66
14/11/2009 00:00,       25.74
15/11/2009 00:00,       25.39
16/11/2009 00:00,       24.02
17/11/2009 00:00,       24.09
18/11/2009 00:00,       23.48
19/11/2009 00:00,       24.92
20/11/2009 00:00,       22.86
21/11/2009 00:00,       20.63
22/11/2009 00:00,       20.20
23/11/2009 00:00,       20.89
24/11/2009 00:00,       21.95
25/11/2009 00:00,       22.80
26/11/2009 00:00,       22.27
27/11/2009 00:00,       22.00
28/11/2009 00:00,       19.55
29/11/2009 00:00,       18.69
30/11/2009 00:00,       19.65
01/12/2009 00:00,       22.00
02/12/2009 00:00,       23.03
03/12/2009 00:00,       22.51
04/12/2009 00:00,       21.81
05/12/2009 00:00,       21.98
06/12/2009 00:00,       23.05
07/12/2009 00:00,       23.21
08/12/2009 00:00,       20.60
09/12/2009 00:00,       20.90
10/12/2009 00:00,       20.07
11/12/2009 00:00,       19.95
12/12/2009 00:00,       21.34
13/12/2009 00:00,       22.86
14/12/2009 00:00,       24.39
15/12/2009 00:00,       25.27
16/12/2009 00:00,       25.82
17/12/2009 00:00,       21.28
18/12/2009 00:00,       21.48
19/12/2009 00:00,       22.68
20/12/2009 00:00,       23.10
21/12/2009 00:00,       23.61
22/12/2009 00:00,       24.68
23/12/2009 00:00,       24.38
24/12/2009 00:00,       20.97
25/12/2009 00:00,       20.95
26/12/2009 00:00,       22.48
27/12/2009 00:00,       23.71
28/12/2009 00:00,       24.46
29/12/2009 00:00,       25.28
30/12/2009 00:00,       26.07
31/12/2009 00:00,       26.02
01/01/2010 00:00,       24.81
02/01/2010 00:00,       20.01
03/01/2010 00:00,       21.84
04/01/2010 00:00,       22.34
05/01/2010 00:00,""
06/01/2010 00:00,""
07/01/2010 00:00,""
08/01/2010 00:00,""
09/01/2010 00:00,""
10/01/2010 00:00,""
11/01/2010 00:00,""
12/01/2010 00:00,""
13/01/2010 00:00,""
14/01/2010 00:00,""
15/01/2010 00:00,""
16/01/2010 00:00,""
17/01/2010 00:00,""
18/01/2010 00:00,""
19/01/2010 00:00,""
20/01/2010 00:00,""
21/01/2010 00:00,""
22/01/2010 00:00,""
23/01/2010 00:00,""
24/01/2010 00:00,""
25/01/2010 00:00,""
26/01/2010 00:00,""
27/01/2010 00:00,""
28/01/2010 00:00,""
29/01/2010 00:00,""
30/01/2010 00:00,""
31/01/2010 00:00,""
01/02/2010 00:00,""
02/02/2010 00:00,""
03/02/2010 00:00,""
04/02/2010 00:00,""
05/02/2010 00:00,""
06/02/2010 00:00,""
07/02/2010 00:00,""
08/02/2010 00:00,""
09/02/2010 00:00,""
10/02/2010 00:00,""
11/02/2010 00:00,""
12/02/2010 00:00,""
13/02/2010 00:00,""
14/02/2010 00:00,""
15/02/2010 00:00,""
16/02/2010 00:00,""
17/02/2010 00:00,""
18/02/2010 00:00,""
19/02/2010 00:00,""
20/02/2010 00:00,""
21/02/2010 00:00,""
22/02/2010 00:00,""
23/02/2010 00:00,""
24/02/2010 00:00,""
25/02/2010 00:00,""
26/02/2010 00:00,""
27/02/2010 00:00,""
28/02/2010 00:00,""
01/03/2010 00:00,""
02/03/2010 00:00,""
03/03/2010 00:00,""
04/03/2010 00:00,""
05/03/2010 00:00,""
06/03/2010 00:00,""
07/03/2010 00:00,""
08/03/2010 00:00,""
09/03/2010 00:00,""
10/03/2010 00:00,""
11/03/2010 00:00,""
12/03/2010 00:00,""
13/03/2010 00:00,""
14/03/2010 00:00,""
15/03/2010 00:00,""
16/03/2010 00:00,""
17/03/2010 00:00,""
18/03/2010 00:00,""
19/03/2010 00:00,""
20/03/2010 00:00,""
21/03/2010 00:00,""
22/03/2010 00:00,""
23/03/2010 00:00,""
24/03/2010 00:00,""
25/03/2010 00:00,""
26/03/2010 00:00,""
27/03/2010 00:00,""
28/03/2010 00:00,""
29/03/2010 00:00,""
30/03/2010 00:00,""
31/03/2010 00:00,""
01/04/2010 00:00,""
02/04/2010 00:00,""
03/04/2010 00:00,""
04/04/2010 00:00,""
05/04/2010 00:00,""
06/04/2010 00:00,""
07/04/2010 00:00,""
08/04/2010 00:00,""
09/04/2010 00:00,""
10/04/2010 00:00,""
11/04/2010 00:00,""
12/04/2010 00:00,""
13/04/2010 00:00,""
14/04/2010 00:00,""
15/04/2010 00:00,""
16/04/2010 00:00,""
17/04/2010 00:00,""
18/04/2010 00:00,""
19/04/2010 00:00,""
20/04/2010 00:00,""
21/04/2010 00:00,""
22/04/2010 00:00,""
23/04/2010 00:00,""
24/04/2010 00:00,""
25/04/2010 00:00,""
26/04/2010 00:00,""
27/04/2010 00:00,""
28/04/2010 00:00,""
29/04/2010 00:00,""
30/04/2010 00:00,""
01/05/2010 00:00,""
02/05/2010 00:00,""
03/05/2010 00:00,""
04/05/2010 00:00,""
05/05/2010 00:00,""
06/05/2010 00:00,""
07/05/2010 00:00,""
08/05/2010 00:00,""
09/05/2010 00:00,""
10/05/2010 00:00,""
11/05/2010 00:00,""
12/05/2010 00:00,""
13/05/2010 00:00,""
14/05/2010 00:00,""
15/05/2010 00:00,""
16/05/2010 00:00,""
17/05/2010 00:00,""
18/05/2010 00:00,       10.96
19/05/2010 00:00,       11.88
20/05/2010 00:00,       13.24
21/05/2010 00:00,       13.01
22/05/2010 00:00,       12.38
23/05/2010 00:00,       10.25
24/05/2010 00:00,       12.01
25/05/2010 00:00,       12.64
26/05/2010 00:00,       12.90
27/05/2010 00:00,       11.97
28/05/2010 00:00,       12.24
29/05/2010 00:00,       11.62
30/05/2010 00:00,       12.07
31/05/2010 00:00,       12.56
01/06/2010 00:00,       12.46
02/06/2010 00:00,       11.55
03/06/2010 00:00,       11.12
04/06/2010 00:00,       11.12
05/06/2010 00:00,       11.62
06/06/2010 00:00,       10.60
07/06/2010 00:00,        9.61
08/06/2010 00:00,        9.48
09/06/2010 00:00,        9.33
10/06/2010 00:00,        9.66
11/06/2010 00:00,       10.36
12/06/2010 00:00,       10.91
13/06/2010 00:00,        9.23
14/06/2010 00:00,        9.26
15/06/2010 00:00,        7.34
16/06/2010 00:00,        7.29
17/06/2010 00:00,        9.48
18/06/2010 00:00,        9.72
19/06/2010 00:00,       11.42
20/06/2010 00:00,       11.42
21/06/2010 00:00,       10.66
22/06/2010 00:00,       10.37
23/06/2010 00:00,       10.34
24/06/2010 00:00,        9.27
25/06/2010 00:00,       10.27
26/06/2010 00:00,        8.96
27/06/2010 00:00,        7.58
28/06/2010 00:00,        7.37
29/06/2010 00:00,        7.56
30/06/2010 00:00,        7.16
01/07/2010 00:00,        7.78
02/07/2010 00:00,        8.12
03/07/2010 00:00,        8.18
04/07/2010 00:00,        8.62
05/07/2010 00:00,        7.61
06/07/2010 00:00,        7.21
07/07/2010 00:00,        8.99
08/07/2010 00:00,        8.90
09/07/2010 00:00,        7.76
10/07/2010 00:00,        9.52
11/07/2010 00:00,        9.98
12/07/2010 00:00,        8.32
13/07/2010 00:00,        9.04
14/07/2010 00:00,        9.10
15/07/2010 00:00,        9.62
16/07/2010 00:00,        9.88
17/07/2010 00:00,       10.68
18/07/2010 00:00,        8.21
19/07/2010 00:00,        9.20
20/07/2010 00:00,        9.26
21/07/2010 00:00,        8.39
22/07/2010 00:00,        8.46
23/07/2010 00:00,        9.71
24/07/2010 00:00,       10.06
25/07/2010 00:00,        9.63
26/07/2010 00:00,        8.59
27/07/2010 00:00,        9.09
28/07/2010 00:00,        9.97
29/07/2010 00:00,       10.74
30/07/2010 00:00,       10.99
31/07/2010 00:00,       10.50
01/08/2010 00:00,        8.85
02/08/2010 00:00,        8.63
03/08/2010 00:00,        9.35
04/08/2010 00:00,        8.29
05/08/2010 00:00,        7.89
06/08/2010 00:00,        7.95
07/08/2010 00:00,        7.19
08/08/2010 00:00,        7.34
09/08/2010 00:00,        7.89
10/08/2010 00:00,        8.48
11/08/2010 00:00,        9.55
12/08/2010 00:00,        9.92
13/08/2010 00:00,       10.45
14/08/2010 00:00,        9.93
15/08/2010 00:00,        9.85
16/08/2010 00:00,        9.52
17/08/2010 00:00,        8.50
18/08/2010 00:00,        9.50
19/08/2010 00:00,        9.76
20/08/2010 00:00,        9.41
21/08/2010 00:00,        9.28
22/08/2010 00:00,        8.85
23/08/2010 00:00,        9.69
24/08/2010 00:00,        9.67
25/08/2010 00:00,        9.01
26/08/2010 00:00,        8.21
27/08/2010 00:00,        9.33
28/08/2010 00:00,       10.44
29/08/2010 00:00,       10.79
30/08/2010 00:00,       10.48
31/08/2010 00:00,       10.50
01/09/2010 00:00,       10.64
02/09/2010 00:00,       10.93
03/09/2010 00:00,        9.71
04/09/2010 00:00,        9.71
05/09/2010 00:00,        9.85
06/09/2010 00:00,        9.61
07/09/2010 00:00,        9.64
08/09/2010 00:00,        9.79
09/09/2010 00:00,       11.35
10/09/2010 00:00,       11.35
11/09/2010 00:00,       11.47
12/09/2010 00:00,       11.42
13/09/2010 00:00,       12.70
14/09/2010 00:00,       12.28
15/09/2010 00:00,       11.55
16/09/2010 00:00,       12.11
17/09/2010 00:00,       11.56
18/09/2010 00:00,       11.29
19/09/2010 00:00,       11.90
20/09/2010 00:00,       11.82
21/09/2010 00:00,       12.13
22/09/2010 00:00,       12.06
23/09/2010 00:00,       12.14
24/09/2010 00:00,       12.12
25/09/2010 00:00,       13.45
26/09/2010 00:00,       13.66
27/09/2010 00:00,       13.79
28/09/2010 00:00,       11.98
29/09/2010 00:00,       11.39
30/09/2010 00:00,       10.89
01/10/2010 00:00,       11.94
02/10/2010 00:00,       12.65
03/10/2010 00:00,       13.60
04/10/2010 00:00,       15.62
05/10/2010 00:00,       16.45
06/10/2010 00:00,       15.30
07/10/2010 00:00,       14.06
08/10/2010 00:00,       13.64
09/10/2010 00:00,       14.53
10/10/2010 00:00,       15.32
11/10/2010 00:00,       16.49
12/10/2010 00:00,       15.88
13/10/2010 00:00,       14.70
14/10/2010 00:00,       14.94
15/10/2010 00:00,       13.06
16/10/2010 00:00,       12.45
17/10/2010 00:00,       12.96
18/10/2010 00:00,       13.46
19/10/2010 00:00,       14.13
20/10/2010 00:00,       15.29
21/10/2010 00:00,       16.53
22/10/2010 00:00,       15.38
23/10/2010 00:00,       15.62
24/10/2010 00:00,       15.87
25/10/2010 00:00,       16.01
26/10/2010 00:00,       16.55
27/10/2010 00:00,       17.35
28/10/2010 00:00,       17.03
29/10/2010 00:00,       16.33
30/10/2010 00:00,       15.34
31/10/2010 00:00,       13.43
01/11/2010 00:00,       14.43
02/11/2010 00:00,       15.27
03/11/2010 00:00,       14.23
04/11/2010 00:00,       15.22
05/11/2010 00:00,       15.94
06/11/2010 00:00,       17.06
07/11/2010 00:00,       18.55
08/11/2010 00:00,       19.16
09/11/2010 00:00,       19.62
10/11/2010 00:00,       18.77
11/11/2010 00:00,       20.04
12/11/2010 00:00,       18.82
13/11/2010 00:00,       16.05
14/11/2010 00:00,       17.09
15/11/2010 00:00,       17.51
16/11/2010 00:00,       17.53
17/11/2010 00:00,       18.66
18/11/2010 00:00,       17.71
19/11/2010 00:00,       19.07
20/11/2010 00:00,       19.98
21/11/2010 00:00,       21.27
22/11/2010 00:00,       21.70
23/11/2010 00:00,       23.24
24/11/2010 00:00,       21.33
25/11/2010 00:00,       20.38
26/11/2010 00:00,       21.32
27/11/2010 00:00,       18.76
28/11/2010 00:00,       16.79
29/11/2010 00:00,       16.27
30/11/2010 00:00,       17.26
01/12/2010 00:00,       18.03
02/12/2010 00:00,       19.87
03/12/2010 00:00,       20.34
04/12/2010 00:00,       21.16
05/12/2010 00:00,       21.11
06/12/2010 00:00,       21.59
07/12/2010 00:00,       19.11
08/12/2010 00:00,       18.51
09/12/2010 00:00,       19.11
10/12/2010 00:00,       17.65
11/12/2010 00:00,       17.55
12/12/2010 00:00,       17.45
13/12/2010 00:00,       18.40
14/12/2010 00:00,       19.36
15/12/2010 00:00,       19.93
16/12/2010 00:00,       19.03
17/12/2010 00:00,       18.62
18/12/2010 00:00,       18.08
19/12/2010 00:00,       16.53
20/12/2010 00:00,       15.60
21/12/2010 00:00,       16.69
22/12/2010 00:00,       17.64
23/12/2010 00:00,       19.09
24/12/2010 00:00,       20.44
25/12/2010 00:00,       20.16
26/12/2010 00:00,       17.72
27/12/2010 00:00,       17.14
28/12/2010 00:00,       18.63
29/12/2010 00:00,       20.19
30/12/2010 00:00,       21.83
31/12/2010 00:00,       23.68
01/01/2011 00:00,       21.42
02/01/2011 00:00,       20.70
03/01/2011 00:00,       20.04
04/01/2011 00:00,       19.97
05/01/2011 00:00,       20.41
06/01/2011 00:00,       20.91
07/01/2011 00:00,       23.56
08/01/2011 00:00,       22.38
09/01/2011 00:00,       22.00
10/01/2011 00:00,       23.41
11/01/2011 00:00,       20.66
12/01/2011 00:00,       21.48
13/01/2011 00:00,       20.73
14/01/2011 00:00,       21.66
15/01/2011 00:00,       22.90
16/01/2011 00:00,       23.00
17/01/2011 00:00,       20.74
18/01/2011 00:00,       21.55
19/01/2011 00:00,       22.02
20/01/2011 00:00,       22.50
21/01/2011 00:00,       22.73
22/01/2011 00:00,       21.61
23/01/2011 00:00,       22.62
24/01/2011 00:00,       21.94
25/01/2011 00:00,       21.20
26/01/2011 00:00,       22.04
27/01/2011 00:00,       22.82
28/01/2011 00:00,       22.45
29/01/2011 00:00,       22.91
30/01/2011 00:00,       25.16
31/01/2011 00:00,       26.27
01/02/2011 00:00,       25.34
02/02/2011 00:00,       23.67
03/02/2011 00:00,       22.56
04/02/2011 00:00,       22.92
05/02/2011 00:00,       20.99
06/02/2011 00:00,       19.57
07/02/2011 00:00,       19.64
08/02/2011 00:00,       20.25
09/02/2011 00:00,       20.75
10/02/2011 00:00,       21.43
11/02/2011 00:00,       21.81
12/02/2011 00:00,       19.29
13/02/2011 00:00,       18.52
14/02/2011 00:00,       19.85
15/02/2011 00:00,       20.56
16/02/2011 00:00,       22.38
17/02/2011 00:00,       22.35
18/02/2011 00:00,       20.40
19/02/2011 00:00,       20.64
20/02/2011 00:00,       19.70
21/02/2011 00:00,       19.00
22/02/2011 00:00,       19.61
23/02/2011 00:00,       21.39
24/02/2011 00:00,       22.56
25/02/2011 00:00,       22.59
26/02/2011 00:00,       23.25
27/02/2011 00:00,       23.44
28/02/2011 00:00,       21.58
01/03/2011 00:00,       18.92
02/03/2011 00:00,       18.65
03/03/2011 00:00,       18.88
04/03/2011 00:00,       19.40
05/03/2011 00:00,       19.44
06/03/2011 00:00,       20.17
07/03/2011 00:00,       22.52
08/03/2011 00:00,       21.26
09/03/2011 00:00,       18.19
10/03/2011 00:00,       16.75
11/03/2011 00:00,       17.86
12/03/2011 00:00,       19.24
13/03/2011 00:00,       19.48
14/03/2011 00:00,       18.93
15/03/2011 00:00,       19.26
16/03/2011 00:00,       18.46
17/03/2011 00:00,       17.60
18/03/2011 00:00,       16.88
19/03/2011 00:00,       17.04
20/03/2011 00:00,       16.99
21/03/2011 00:00,       16.80
22/03/2011 00:00,       16.43
23/03/2011 00:00,       16.33
24/03/2011 00:00,       16.08
25/03/2011 00:00,       15.48
26/03/2011 00:00,       14.58
27/03/2011 00:00,       14.48
28/03/2011 00:00,       15.30
29/03/2011 00:00,       16.45
30/03/2011 00:00,       16.56
31/03/2011 00:00,       15.34
01/04/2011 00:00,       14.87
02/04/2011 00:00,       15.30
03/04/2011 00:00,       14.63
04/04/2011 00:00,       14.35
05/04/2011 00:00,       14.52
06/04/2011 00:00,       14.31
07/04/2011 00:00,       14.74
08/04/2011 00:00,       15.74
09/04/2011 00:00,       15.49
10/04/2011 00:00,       14.14
11/04/2011 00:00,       13.72
12/04/2011 00:00,       13.74
13/04/2011 00:00,       13.57
14/04/2011 00:00,       14.58
15/04/2011 00:00,       15.02
16/04/2011 00:00,       14.95
17/04/2011 00:00,       14.67
18/04/2011 00:00,       13.88
19/04/2011 00:00,       14.16
20/04/2011 00:00,       15.51
21/04/2011 00:00,       15.32
22/04/2011 00:00,       14.52
23/04/2011 00:00,       13.20
24/04/2011 00:00,       13.03
25/04/2011 00:00,       12.94
26/04/2011 00:00,       12.97
27/04/2011 00:00,       13.70
28/04/2011 00:00,       13.86
29/04/2011 00:00,       13.59
30/04/2011 00:00,       12.96
01/05/2011 00:00,       12.92
02/05/2011 00:00,       13.24
03/05/2011 00:00,       12.45
04/05/2011 00:00,       12.80
05/05/2011 00:00,       13.26
06/05/2011 00:00,       12.01
07/05/2011 00:00,       11.28
08/05/2011 00:00,       11.75
09/05/2011 00:00,       11.53
10/05/2011 00:00,       11.32
11/05/2011 00:00,       11.30
12/05/2011 00:00,       12.08
13/05/2011 00:00,       12.47
14/05/2011 00:00,       12.09
15/05/2011 00:00,       12.09
16/05/2011 00:00,       11.28
17/05/2011 00:00,       10.15
18/05/2011 00:00,       10.09
19/05/2011 00:00,       10.80
20/05/2011 00:00,       11.16
21/05/2011 00:00,       10.98
22/05/2011 00:00,       11.99
23/05/2011 00:00,       11.39
24/05/2011 00:00,       10.99
25/05/2011 00:00,       10.73
26/05/2011 00:00,       10.81
27/05/2011 00:00,       10.99
28/05/2011 00:00,       10.72
29/05/2011 00:00,       10.85
30/05/2011 00:00,       10.31
31/05/2011 00:00,        9.10
01/06/2011 00:00,        8.49
02/06/2011 00:00,        8.72
03/06/2011 00:00,        9.98
04/06/2011 00:00,       10.86
05/06/2011 00:00,       10.59
06/06/2011 00:00,       10.49
07/06/2011 00:00,       10.01
08/06/2011 00:00,        9.47
09/06/2011 00:00,        9.47
10/06/2011 00:00,        9.19
11/06/2011 00:00,        9.16
12/06/2011 00:00,        9.24
13/06/2011 00:00,        9.36
14/06/2011 00:00,        8.89
15/06/2011 00:00,        8.06
16/06/2011 00:00,        7.70
17/06/2011 00:00,        8.55
18/06/2011 00:00,        9.01
19/06/2011 00:00,        9.55
20/06/2011 00:00,       10.08
21/06/2011 00:00,        9.57
22/06/2011 00:00,        8.94
23/06/2011 00:00,        9.27
24/06/2011 00:00,        9.46
25/06/2011 00:00,        8.72
26/06/2011 00:00,        8.66
27/06/2011 00:00,        8.75
28/06/2011 00:00,        7.83
29/06/2011 00:00,        7.09
30/06/2011 00:00,        7.53
01/07/2011 00:00,        8.27
02/07/2011 00:00,        9.15
03/07/2011 00:00,        9.61
04/07/2011 00:00,        8.65
05/07/2011 00:00,        8.72
06/07/2011 00:00,        8.96
07/07/2011 00:00,        8.76
08/07/2011 00:00,        7.93
09/07/2011 00:00,        7.80
10/07/2011 00:00,        7.80
11/07/2011 00:00,        8.33
12/07/2011 00:00,        8.45
13/07/2011 00:00,        8.53
14/07/2011 00:00,        8.86
15/07/2011 00:00,        8.15
16/07/2011 00:00,        7.22
17/07/2011 00:00,        7.17
18/07/2011 00:00,        7.49
19/07/2011 00:00,        7.77
20/07/2011 00:00,        8.41
21/07/2011 00:00,        7.30
22/07/2011 00:00,        5.98
23/07/2011 00:00,        5.73
24/07/2011 00:00,        7.34
25/07/2011 00:00,        8.47
26/07/2011 00:00,        9.08
27/07/2011 00:00,        8.20
28/07/2011 00:00,        7.92
29/07/2011 00:00,        7.82
30/07/2011 00:00,        9.34
31/07/2011 00:00,        9.19
01/08/2011 00:00,       10.23
02/08/2011 00:00,       10.67
03/08/2011 00:00,       10.96
04/08/2011 00:00,       10.99
05/08/2011 00:00,       11.07
06/08/2011 00:00,        9.82
07/08/2011 00:00,        9.36
08/08/2011 00:00,        9.37
09/08/2011 00:00,        9.54
10/08/2011 00:00,        9.11
11/08/2011 00:00,       10.17
12/08/2011 00:00,       10.25
13/08/2011 00:00,        9.82
14/08/2011 00:00,       10.05
15/08/2011 00:00,       10.28
16/08/2011 00:00,       10.56
17/08/2011 00:00,       10.18
18/08/2011 00:00,        9.56
19/08/2011 00:00,       10.51
20/08/2011 00:00,       11.51
21/08/2011 00:00,       11.56
22/08/2011 00:00,       10.60
23/08/2011 00:00,       10.39
24/08/2011 00:00,       10.56
25/08/2011 00:00,       10.90
26/08/2011 00:00,       10.34
27/08/2011 00:00,        9.48
28/08/2011 00:00,        9.73
29/08/2011 00:00,       10.69
30/08/2011 00:00,       10.32
31/08/2011 00:00,        9.83
01/09/2011 00:00,        9.82
02/09/2011 00:00,       10.07
03/09/2011 00:00,       10.98
04/09/2011 00:00,       12.49
05/09/2011 00:00,       11.78
06/09/2011 00:00,       11.77
07/09/2011 00:00,       11.23
08/09/2011 00:00,       10.52
09/09/2011 00:00,       10.49
10/09/2011 00:00,       11.07
11/09/2011 00:00,       11.88
12/09/2011 00:00,       11.68
13/09/2011 00:00,       12.16
14/09/2011 00:00,       12.44
15/09/2011 00:00,       12.58
16/09/2011 00:00,       13.67
17/09/2011 00:00,       14.11
18/09/2011 00:00,       14.19
19/09/2011 00:00,       13.28
20/09/2011 00:00,       12.50
21/09/2011 00:00,       13.43
22/09/2011 00:00,       14.52
23/09/2011 00:00,       13.08
24/09/2011 00:00,       12.90
25/09/2011 00:00,       12.47
26/09/2011 00:00,       12.25
27/09/2011 00:00,       13.54
28/09/2011 00:00,       13.99
29/09/2011 00:00,       13.27
30/09/2011 00:00,       12.39
01/10/2011 00:00,       11.83
02/10/2011 00:00,       12.24
03/10/2011 00:00,       12.80
04/10/2011 00:00,       12.31
05/10/2011 00:00,       12.74
06/10/2011 00:00,       13.81
07/10/2011 00:00,       14.19
08/10/2011 00:00,       14.34
09/10/2011 00:00,       15.02
10/10/2011 00:00,       13.29
11/10/2011 00:00,       13.76
12/10/2011 00:00,       14.88
13/10/2011 00:00,       15.27
14/10/2011 00:00,       14.33
15/10/2011 00:00,       14.61
16/10/2011 00:00,       14.75
17/10/2011 00:00,       14.67
18/10/2011 00:00,       15.24
19/10/2011 00:00,       17.39
20/10/2011 00:00,       16.95
21/10/2011 00:00,       15.87
22/10/2011 00:00,       18.17
23/10/2011 00:00,       18.59
24/10/2011 00:00,       16.89
25/10/2011 00:00,       15.99
26/10/2011 00:00,       16.40
27/10/2011 00:00,       17.44
28/10/2011 00:00,       18.05
29/10/2011 00:00,       17.41
30/10/2011 00:00,       16.96
31/10/2011 00:00,       16.63
01/11/2011 00:00,       17.37
02/11/2011 00:00,       18.44
03/11/2011 00:00,       18.94
04/11/2011 00:00,       19.65
05/11/2011 00:00,       20.57
06/11/2011 00:00,       21.79
07/11/2011 00:00,       20.82
08/11/2011 00:00,       22.53
09/11/2011 00:00,       22.17
10/11/2011 00:00,       19.48
11/11/2011 00:00,       19.10
12/11/2011 00:00,       19.30
13/11/2011 00:00,       20.40
14/11/2011 00:00,       20.35
15/11/2011 00:00,       20.38
16/11/2011 00:00,       20.69
17/11/2011 00:00,       21.28
18/11/2011 00:00,       22.32
19/11/2011 00:00,       19.07
20/11/2011 00:00,       18.64
21/11/2011 00:00,       19.43
22/11/2011 00:00,       18.78
23/11/2011 00:00,       18.48
24/11/2011 00:00,       18.36
25/11/2011 00:00,       17.89
26/11/2011 00:00,       18.77
27/11/2011 00:00,       20.72
28/11/2011 00:00,       21.08
29/11/2011 00:00,       19.91
30/11/2011 00:00,       17.80
01/12/2011 00:00,       18.10
02/12/2011 00:00,       18.98
03/12/2011 00:00,       19.87
04/12/2011 00:00,       19.47
05/12/2011 00:00,       19.48
06/12/2011 00:00,       20.25
07/12/2011 00:00,       21.05
08/12/2011 00:00,       20.27
09/12/2011 00:00,       20.58
10/12/2011 00:00,       21.24
11/12/2011 00:00,       20.75
12/12/2011 00:00,       19.26
13/12/2011 00:00,       19.74
14/12/2011 00:00,       19.24
15/12/2011 00:00,       20.82
16/12/2011 00:00,       21.27
17/12/2011 00:00,       20.92
18/12/2011 00:00,       20.48
19/12/2011 00:00,       20.70
20/12/2011 00:00,       20.56
21/12/2011 00:00,       21.51
22/12/2011 00:00,       22.40
23/12/2011 00:00,       22.87
24/12/2011 00:00,       23.03
25/12/2011 00:00,       23.01
26/12/2011 00:00,       21.54
27/12/2011 00:00,       20.74
28/12/2011 00:00,       21.18
29/12/2011 00:00,       21.43
30/12/2011 00:00,       22.42
31/12/2011 00:00,       23.58
01/01/2012 00:00,       24.63
02/01/2012 00:00,       24.35
03/01/2012 00:00,       24.57
04/01/2012 00:00,       23.33
05/01/2012 00:00,       22.22
06/01/2012 00:00,       21.53
07/01/2012 00:00,       21.60
08/01/2012 00:00,       21.12
09/01/2012 00:00,       18.85
10/01/2012 00:00,       19.31
11/01/2012 00:00,       18.52
12/01/2012 00:00,       19.39
13/01/2012 00:00,       20.00
14/01/2012 00:00,       19.53
15/01/2012 00:00,       20.52
16/01/2012 00:00,       21.58
17/01/2012 00:00,       22.22
18/01/2012 00:00,       22.28
19/01/2012 00:00,       21.54
20/01/2012 00:00,       21.78
21/01/2012 00:00,       21.96
22/01/2012 00:00,       23.67
23/01/2012 00:00,       25.21
24/01/2012 00:00,       25.51
25/01/2012 00:00,       23.99
26/01/2012 00:00,       22.59
27/01/2012 00:00,       22.99
28/01/2012 00:00,       24.14
29/01/2012 00:00,       24.37
30/01/2012 00:00,       22.58
31/01/2012 00:00,       20.94
01/02/2012 00:00,       19.80
02/02/2012 00:00,       20.59
03/02/2012 00:00,       21.67
04/02/2012 00:00,       20.99
05/02/2012 00:00,       20.37
06/02/2012 00:00,       18.81
07/02/2012 00:00,       19.34
08/02/2012 00:00,       19.25
09/02/2012 00:00,       18.80
10/02/2012 00:00,       18.68
11/02/2012 00:00,       19.38
12/02/2012 00:00,       19.85
13/02/2012 00:00,       20.91
14/02/2012 00:00,       21.35
15/02/2012 00:00,       20.98
16/02/2012 00:00,       21.84
17/02/2012 00:00,       21.89
18/02/2012 00:00,       22.70
19/02/2012 00:00,       22.36
20/02/2012 00:00,       22.21
21/02/2012 00:00,       21.52
22/02/2012 00:00,       21.88
23/02/2012 00:00,       22.60
24/02/2012 00:00,       22.59
25/02/2012 00:00,       24.07
26/02/2012 00:00,       23.55
27/02/2012 00:00,       23.95
28/02/2012 00:00,       21.27
29/02/2012 00:00,       19.68
01/03/2012 00:00,       21.87
02/03/2012 00:00,       22.56
03/03/2012 00:00,       22.50
04/03/2012 00:00,       21.04
05/03/2012 00:00,       19.78
06/03/2012 00:00,       19.65
07/03/2012 00:00,       19.96
08/03/2012 00:00,       20.03
09/03/2012 00:00,       20.34
10/03/2012 00:00,       20.05
11/03/2012 00:00,       19.56
12/03/2012 00:00,       20.13
13/03/2012 00:00,       20.94
14/03/2012 00:00,       21.26
15/03/2012 00:00,       22.12
16/03/2012 00:00,       20.95
17/03/2012 00:00,       20.27
18/03/2012 00:00,       20.29
19/03/2012 00:00,       20.95
20/03/2012 00:00,       21.70
21/03/2012 00:00,       20.13
22/03/2012 00:00,       17.39
23/03/2012 00:00,       16.03
24/03/2012 00:00,       16.44
25/03/2012 00:00,       18.11
26/03/2012 00:00,       18.02
27/03/2012 00:00,       18.11
28/03/2012 00:00,       20.34
29/03/2012 00:00,       19.60
30/03/2012 00:00,       19.88
31/03/2012 00:00,       20.24
01/04/2012 00:00,       19.28
02/04/2012 00:00,       18.97
03/04/2012 00:00,       20.28
04/04/2012 00:00,       19.98
05/04/2012 00:00,       20.19
06/04/2012 00:00,       18.46
07/04/2012 00:00,       17.41
08/04/2012 00:00,       16.39
09/04/2012 00:00,       15.53
10/04/2012 00:00,       16.01
11/04/2012 00:00,       15.23
12/04/2012 00:00,       14.90
13/04/2012 00:00,       15.06
14/04/2012 00:00,       16.05
15/04/2012 00:00,       16.73
16/04/2012 00:00,       18.50
17/04/2012 00:00,       17.59
18/04/2012 00:00,       17.21
19/04/2012 00:00,       17.06
20/04/2012 00:00,       17.57
21/04/2012 00:00,       15.89
22/04/2012 00:00,       16.00
23/04/2012 00:00,       15.37
24/04/2012 00:00,       13.97
25/04/2012 00:00,       14.76
26/04/2012 00:00,       14.42
27/04/2012 00:00,       14.10
28/04/2012 00:00,       13.21
29/04/2012 00:00,       13.19
30/04/2012 00:00,       13.58
01/05/2012 00:00,       12.86
02/05/2012 00:00,       12.74
03/05/2012 00:00,       11.61
04/05/2012 00:00,       11.87
05/05/2012 00:00,       12.29
06/05/2012 00:00,       11.90
07/05/2012 00:00,       13.52
08/05/2012 00:00,       13.69
09/05/2012 00:00,       14.64
10/05/2012 00:00,       13.23
11/05/2012 00:00,       12.95
12/05/2012 00:00,       12.33
13/05/2012 00:00,       11.73
14/05/2012 00:00,       12.73
15/05/2012 00:00,       11.44
16/05/2012 00:00,       10.01
17/05/2012 00:00,       10.11
18/05/2012 00:00,       11.83
19/05/2012 00:00,       11.68
20/05/2012 00:00,        9.91
21/05/2012 00:00,        9.41
22/05/2012 00:00,       10.81
23/05/2012 00:00,       11.94
24/05/2012 00:00,       11.32
25/05/2012 00:00,       10.79
26/05/2012 00:00,       11.80
27/05/2012 00:00,       11.95
28/05/2012 00:00,       11.79
29/05/2012 00:00,       11.77
30/05/2012 00:00,       11.90
31/05/2012 00:00,       10.38
01/06/2012 00:00,       10.36
02/06/2012 00:00,       10.60
03/06/2012 00:00,        9.85
04/06/2012 00:00,       10.11
05/06/2012 00:00,       10.22
06/06/2012 00:00,        9.75
07/06/2012 00:00,        9.25
08/06/2012 00:00,        7.87
09/06/2012 00:00,        8.42
10/06/2012 00:00,        8.39
11/06/2012 00:00,        6.97
12/06/2012 00:00,        7.16
13/06/2012 00:00,        7.41
14/06/2012 00:00,        8.51
15/06/2012 00:00,        8.59
16/06/2012 00:00,        8.50
17/06/2012 00:00,        9.09
18/06/2012 00:00,        8.98
19/06/2012 00:00,        9.75
20/06/2012 00:00,        9.63
21/06/2012 00:00,        9.61
22/06/2012 00:00,        8.29
23/06/2012 00:00,        7.69
24/06/2012 00:00,        8.45
25/06/2012 00:00,        9.09
26/06/2012 00:00,        9.17
27/06/2012 00:00,        7.86
28/06/2012 00:00,        7.47
29/06/2012 00:00,        8.34
30/06/2012 00:00,        8.56
01/07/2012 00:00,        7.94
02/07/2012 00:00,        7.95
03/07/2012 00:00,        7.84
04/07/2012 00:00,        8.09
05/07/2012 00:00,        8.59
06/07/2012 00:00,        7.01
07/07/2012 00:00,        5.68
08/07/2012 00:00,        5.57
09/07/2012 00:00,        6.15
10/07/2012 00:00,        7.39
11/07/2012 00:00,        7.31
12/07/2012 00:00,        8.25
13/07/2012 00:00,        8.49
14/07/2012 00:00,        7.95
15/07/2012 00:00,        7.55
16/07/2012 00:00,        8.67
17/07/2012 00:00,        8.76
18/07/2012 00:00,        8.67
19/07/2012 00:00,        7.90
20/07/2012 00:00,        8.65
21/07/2012 00:00,        9.02
22/07/2012 00:00,        8.93
23/07/2012 00:00,        9.59
24/07/2012 00:00,        8.73
25/07/2012 00:00,        8.66
26/07/2012 00:00,        9.00
27/07/2012 00:00,        9.36
28/07/2012 00:00,        9.01
29/07/2012 00:00,        9.50
30/07/2012 00:00,        8.74
31/07/2012 00:00,        8.80
01/08/2012 00:00,        7.71
02/08/2012 00:00,        7.75
03/08/2012 00:00,        7.90
04/08/2012 00:00,        8.47
05/08/2012 00:00,        9.10
06/08/2012 00:00,        8.83
07/08/2012 00:00,        8.38
08/08/2012 00:00,        9.25
09/08/2012 00:00,        9.38
10/08/2012 00:00,        8.81
11/08/2012 00:00,        9.21
12/08/2012 00:00,        9.10
13/08/2012 00:00,        7.81
14/08/2012 00:00,        9.30
15/08/2012 00:00,        9.77
16/08/2012 00:00,        9.61
17/08/2012 00:00,        8.13
18/08/2012 00:00,        7.96
19/08/2012 00:00,        8.88
20/08/2012 00:00,        9.19
21/08/2012 00:00,        8.95
22/08/2012 00:00,        9.17
23/08/2012 00:00,        9.29
24/08/2012 00:00,        7.88
25/08/2012 00:00,        8.26
26/08/2012 00:00,        9.32
27/08/2012 00:00,        9.27
28/08/2012 00:00,        9.08
29/08/2012 00:00,        9.62
30/08/2012 00:00,        9.40
31/08/2012 00:00,        9.41
01/09/2012 00:00,       10.09
02/09/2012 00:00,       10.33
03/09/2012 00:00,        9.85
04/09/2012 00:00,       10.80
05/09/2012 00:00,       11.62
06/09/2012 00:00,       11.52
07/09/2012 00:00,       10.89
08/09/2012 00:00,       10.82
09/09/2012 00:00,       11.91
10/09/2012 00:00,       11.21
11/09/2012 00:00,       11.47
12/09/2012 00:00,       11.25
13/09/2012 00:00,       11.29
14/09/2012 00:00,       11.01
15/09/2012 00:00,       12.09
16/09/2012 00:00,       12.00
17/09/2012 00:00,       11.85
18/09/2012 00:00,       11.31
19/09/2012 00:00,       10.88
20/09/2012 00:00,       12.48
21/09/2012 00:00,       12.97
22/09/2012 00:00,       12.60
23/09/2012 00:00,       13.10
24/09/2012 00:00,       12.16
25/09/2012 00:00,       11.70
26/09/2012 00:00,       12.06
27/09/2012 00:00,       13.74
28/09/2012 00:00,       13.74
29/09/2012 00:00,       12.57
30/09/2012 00:00,       12.02
01/10/2012 00:00,       12.56
02/10/2012 00:00,       13.09
03/10/2012 00:00,       13.88
04/10/2012 00:00,       14.35
05/10/2012 00:00,       15.22
06/10/2012 00:00,       14.59
07/10/2012 00:00,       13.90
08/10/2012 00:00,       14.24
09/10/2012 00:00,       14.36
10/10/2012 00:00,       12.11
11/10/2012 00:00,       11.38
12/10/2012 00:00,       12.68
13/10/2012 00:00,       14.69
14/10/2012 00:00,       15.50
15/10/2012 00:00,       15.94
16/10/2012 00:00,       16.65
17/10/2012 00:00,       16.26
18/10/2012 00:00,       14.50
19/10/2012 00:00,       16.39
20/10/2012 00:00,       16.85
21/10/2012 00:00,       17.53
22/10/2012 00:00,       16.73
23/10/2012 00:00,       16.50
24/10/2012 00:00,       16.79
25/10/2012 00:00,       15.85
26/10/2012 00:00,       15.06
27/10/2012 00:00,       16.91
28/10/2012 00:00,       17.55
29/10/2012 00:00,       18.94
30/10/2012 00:00,       20.07
31/10/2012 00:00,       17.26
01/11/2012 00:00,       16.26
02/11/2012 00:00,       17.57
03/11/2012 00:00,       19.14
04/11/2012 00:00,       20.71
05/11/2012 00:00,       19.61
06/11/2012 00:00,       20.21
07/11/2012 00:00,       20.23
08/11/2012 00:00,       19.22
09/11/2012 00:00,       18.66
10/11/2012 00:00,       18.74
11/11/2012 00:00,       19.76
12/11/2012 00:00,       20.10
13/11/2012 00:00,       19.58
14/11/2012 00:00,       20.32
15/11/2012 00:00,       18.72
16/11/2012 00:00,       19.61
17/11/2012 00:00,       20.17
18/11/2012 00:00,       20.03
19/11/2012 00:00,       20.36
20/11/2012 00:00,       20.81
21/11/2012 00:00,       20.31
22/11/2012 00:00,       20.67
23/11/2012 00:00,       22.02
24/11/2012 00:00,       22.81
25/11/2012 00:00,       22.15
26/11/2012 00:00,       22.57
27/11/2012 00:00,       23.40
28/11/2012 00:00,       24.53
29/11/2012 00:00,       23.79
30/11/2012 00:00,       23.73
01/12/2012 00:00,       22.20
02/12/2012 00:00,       21.27
03/12/2012 00:00,       18.74
04/12/2012 00:00,       17.88
05/12/2012 00:00,       18.65
06/12/2012 00:00,       20.34
07/12/2012 00:00,       21.14
08/12/2012 00:00,       22.11
09/12/2012 00:00,       20.75
10/12/2012 00:00,       20.61
11/12/2012 00:00,       22.23
12/12/2012 00:00,       23.64
13/12/2012 00:00,       23.82
14/12/2012 00:00,       21.60
15/12/2012 00:00,       23.10
16/12/2012 00:00,       20.00
17/12/2012 00:00,       21.35
18/12/2012 00:00,       23.47
19/12/2012 00:00,       22.03
20/12/2012 00:00,       22.21
21/12/2012 00:00,       22.70
22/12/2012 00:00,       23.18
23/12/2012 00:00,       22.29
24/12/2012 00:00,       21.08
25/12/2012 00:00,       21.58
26/12/2012 00:00,       21.83
27/12/2012 00:00,       21.83
28/12/2012 00:00,       22.23
29/12/2012 00:00,       22.82
30/12/2012 00:00,       23.34
31/12/2012 00:00,       23.21
01/01/2013 00:00,       23.36
02/01/2013 00:00,       24.41
03/01/2013 00:00,       23.79
04/01/2013 00:00,       23.58
05/01/2013 00:00,       22.69
06/01/2013 00:00,       22.19
07/01/2013 00:00,""
08/01/2013 00:00,""
09/01/2013 00:00,""
10/01/2013 00:00,""
11/01/2013 00:00,""
12/01/2013 00:00,""
13/01/2013 00:00,""
14/01/2013 00:00,""
15/01/2013 00:00,""
16/01/2013 00:00,""
17/01/2013 00:00,""
18/01/2013 00:00,""
19/01/2013 00:00,""
20/01/2013 00:00,""
21/01/2013 00:00,""
22/01/2013 00:00,""
23/01/2013 00:00,""
24/01/2013 00:00,""
25/01/2013 00:00,""
26/01/2013 00:00,""
27/01/2013 00:00,""
28/01/2013 00:00,""
29/01/2013 00:00,""
30/01/2013 00:00,""
31/01/2013 00:00,""
01/02/2013 00:00,""
02/02/2013 00:00,""
03/02/2013 00:00,""
04/02/2013 00:00,""
05/02/2013 00:00,""
06/02/2013 00:00,""
07/02/2013 00:00,""
08/02/2013 00:00,""
09/02/2013 00:00,""
10/02/2013 00:00,""
11/02/2013 00:00,""
12/02/2013 00:00,""
13/02/2013 00:00,""
14/02/2013 00:00,""
15/02/2013 00:00,""
16/02/2013 00:00,""
17/02/2013 00:00,""
18/02/2013 00:00,""
19/02/2013 00:00,""
20/02/2013 00:00,""
21/02/2013 00:00,""
22/02/2013 00:00,""
23/02/2013 00:00,""
24/02/2013 00:00,""
25/02/2013 00:00,""
26/02/2013 00:00,""
27/02/2013 00:00,""
28/02/2013 00:00,""
01/03/2013 00:00,""
02/03/2013 00:00,""
03/03/2013 00:00,""
04/03/2013 00:00,""
05/03/2013 00:00,""
06/03/2013 00:00,""
07/03/2013 00:00,""
08/03/2013 00:00,""
09/03/2013 00:00,""
10/03/2013 00:00,""
11/03/2013 00:00,""
12/03/2013 00:00,""
13/03/2013 00:00,""
14/03/2013 00:00,""
15/03/2013 00:00,""
16/03/2013 00:00,""
17/03/2013 00:00,""
18/03/2013 00:00,""
19/03/2013 00:00,""
20/03/2013 00:00,""
21/03/2013 00:00,""
22/03/2013 00:00,""
23/03/2013 00:00,""
24/03/2013 00:00,""
25/03/2013 00:00,""
26/03/2013 00:00,""
27/03/2013 00:00,""
28/03/2013 00:00,""
29/03/2013 00:00,""
30/03/2013 00:00,""
31/03/2013 00:00,""
01/04/2013 00:00,""
02/04/2013 00:00,""
03/04/2013 00:00,""
04/04/2013 00:00,""
05/04/2013 00:00,""
06/04/2013 00:00,""
07/04/2013 00:00,""
08/04/2013 00:00,""
09/04/2013 00:00,""
10/04/2013 00:00,""
11/04/2013 00:00,""
12/04/2013 00:00,""
13/04/2013 00:00,""
14/04/2013 00:00,""
15/04/2013 00:00,""
16/04/2013 00:00,""
17/04/2013 00:00,""
18/04/2013 00:00,""
19/04/2013 00:00,""
20/04/2013 00:00,""
21/04/2013 00:00,""
22/04/2013 00:00,""
23/04/2013 00:00,""
24/04/2013 00:00,""
25/04/2013 00:00,""
26/04/2013 00:00,""
27/04/2013 00:00,""
28/04/2013 00:00,""
29/04/2013 00:00,""
30/04/2013 00:00,""
01/05/2013 00:00,""
02/05/2013 00:00,""
03/05/2013 00:00,""
04/05/2013 00:00,""
05/05/2013 00:00,""
06/05/2013 00:00,""
07/05/2013 00:00,""
08/05/2013 00:00,""
09/05/2013 00:00,""
10/05/2013 00:00,""
11/05/2013 00:00,""
12/05/2013 00:00,""
13/05/2013 00:00,""
14/05/2013 00:00,""
15/05/2013 00:00,""
16/05/2013 00:00,""
17/05/2013 00:00,""
18/05/2013 00:00,""
19/05/2013 00:00,""
20/05/2013 00:00,""
21/05/2013 00:00,""
22/05/2013 00:00,""
23/05/2013 00:00,""
24/05/2013 00:00,""
25/05/2013 00:00,""
26/05/2013 00:00,""
27/05/2013 00:00,""
28/05/2013 00:00,""
29/05/2013 00:00,""
30/05/2013 00:00,       13.55
31/05/2013 00:00,       12.72
01/06/2013 00:00,       13.05
02/06/2013 00:00,       12.86
03/06/2013 00:00,       13.44
04/06/2013 00:00,       13.05
05/06/2013 00:00,       11.57
06/06/2013 00:00,       12.20
07/06/2013 00:00,       12.38
08/06/2013 00:00,       11.04
09/06/2013 00:00,       11.05
10/06/2013 00:00,       11.27
11/06/2013 00:00,       10.31
12/06/2013 00:00,       10.80
13/06/2013 00:00,       10.79
14/06/2013 00:00,       10.62
15/06/2013 00:00,       10.47
16/06/2013 00:00,       10.29
17/06/2013 00:00,        9.14
18/06/2013 00:00,        8.49
19/06/2013 00:00,        7.59
20/06/2013 00:00,        6.88
21/06/2013 00:00,        7.63
22/06/2013 00:00,        8.01
23/06/2013 00:00,        8.66
24/06/2013 00:00,        8.30
25/06/2013 00:00,        7.62
26/06/2013 00:00,        7.00
27/06/2013 00:00,        7.13
28/06/2013 00:00,        7.38
29/06/2013 00:00,        7.57
30/06/2013 00:00,        8.71
01/07/2013 00:00,       10.15
02/07/2013 00:00,        9.83
03/07/2013 00:00,        8.81
04/07/2013 00:00,        8.78
05/07/2013 00:00,        8.34
06/07/2013 00:00,        8.87
07/07/2013 00:00,        8.74
08/07/2013 00:00,        7.78
09/07/2013 00:00,        7.14
10/07/2013 00:00,        6.24
11/07/2013 00:00,        5.67
12/07/2013 00:00,        6.12
13/07/2013 00:00,        8.07
14/07/2013 00:00,        9.46
15/07/2013 00:00,       10.12
16/07/2013 00:00,       10.24
17/07/2013 00:00,        9.82
18/07/2013 00:00,       10.31
19/07/2013 00:00,       10.39
20/07/2013 00:00,        8.78
21/07/2013 00:00,        7.17
22/07/2013 00:00,        7.49
23/07/2013 00:00,        7.75
24/07/2013 00:00,        8.44
25/07/2013 00:00,        7.82
26/07/2013 00:00,        8.17
27/07/2013 00:00,        7.98
28/07/2013 00:00,        9.14
29/07/2013 00:00,        9.46
30/07/2013 00:00,        9.71
31/07/2013 00:00,        9.95
01/08/2013 00:00,        9.02
02/08/2013 00:00,        9.01
03/08/2013 00:00,        9.06
04/08/2013 00:00,        9.32
05/08/2013 00:00,       10.43
06/08/2013 00:00,       10.88
07/08/2013 00:00,       10.72
08/08/2013 00:00,        9.59
09/08/2013 00:00,       10.31
10/08/2013 00:00,       10.19
11/08/2013 00:00,        9.96
12/08/2013 00:00,       10.15
13/08/2013 00:00,       10.20
14/08/2013 00:00,        9.78
15/08/2013 00:00,        9.32
16/08/2013 00:00,        8.46
17/08/2013 00:00,        8.51
18/08/2013 00:00,        9.29
19/08/2013 00:00,        9.06
20/08/2013 00:00,        8.59
21/08/2013 00:00,        8.71
22/08/2013 00:00,        9.21
23/08/2013 00:00,       10.14
24/08/2013 00:00,       10.70
25/08/2013 00:00,       10.27
26/08/2013 00:00,        9.62
27/08/2013 00:00,        9.87
28/08/2013 00:00,       11.13
29/08/2013 00:00,       12.18
30/08/2013 00:00,       12.64
31/08/2013 00:00,       12.69
01/09/2013 00:00,       13.85
02/09/2013 00:00,       13.83
03/09/2013 00:00,       13.81
04/09/2013 00:00,       13.49
05/09/2013 00:00,       13.72
06/09/2013 00:00,       12.88
07/09/2013 00:00,       12.51
08/09/2013 00:00,       12.98
09/09/2013 00:00,       13.79
10/09/2013 00:00,       13.23
11/09/2013 00:00,       12.79
12/09/2013 00:00,       11.63
13/09/2013 00:00,       12.79
14/09/2013 00:00,       13.09
15/09/2013 00:00,       12.88
16/09/2013 00:00,       13.67
17/09/2013 00:00,       14.02
18/09/2013 00:00,       13.22
19/09/2013 00:00,       12.55
20/09/2013 00:00,       12.65
21/09/2013 00:00,       12.71
22/09/2013 00:00,       13.65
23/09/2013 00:00,       13.76
24/09/2013 00:00,       14.42
25/09/2013 00:00,       15.01
26/09/2013 00:00,       14.19
27/09/2013 00:00,       13.12
28/09/2013 00:00,       13.37
29/09/2013 00:00,       13.61
30/09/2013 00:00,       14.27
01/10/2013 00:00,       14.22
02/10/2013 00:00,       13.43
03/10/2013 00:00,       13.27
04/10/2013 00:00,       13.42
05/10/2013 00:00,       14.11
06/10/2013 00:00,       15.16
07/10/2013 00:00,       15.08
08/10/2013 00:00,       15.49
09/10/2013 00:00,       15.48
10/10/2013 00:00,       14.02
11/10/2013 00:00,       14.62
12/10/2013 00:00,       15.70
13/10/2013 00:00,       14.53
14/10/2013 00:00,       13.23
15/10/2013 00:00,       14.19
16/10/2013 00:00,       15.08
17/10/2013 00:00,       14.71
18/10/2013 00:00,       15.19
19/10/2013 00:00,       16.35
20/10/2013 00:00,       18.18
21/10/2013 00:00,       17.30
22/10/2013 00:00,       17.59
23/10/2013 00:00,       16.07
24/10/2013 00:00,       14.63
25/10/2013 00:00,       15.51
26/10/2013 00:00,       16.69
27/10/2013 00:00,       15.75
28/10/2013 00:00,       16.42
29/10/2013 00:00,       16.03
30/10/2013 00:00,       17.80
31/10/2013 00:00,       18.64
01/11/2013 00:00,       19.04
02/11/2013 00:00,       19.54
03/11/2013 00:00,       19.13
04/11/2013 00:00,       18.61
05/11/2013 00:00,       19.61
06/11/2013 00:00,       20.50
07/11/2013 00:00,       18.74
08/11/2013 00:00,       16.99
09/11/2013 00:00,       16.36
10/11/2013 00:00,       16.99
11/11/2013 00:00,       17.57
12/11/2013 00:00,       17.72
13/11/2013 00:00,       18.34
14/11/2013 00:00,       19.49
15/11/2013 00:00,       19.41
16/11/2013 00:00,       19.82
17/11/2013 00:00,       20.38
18/11/2013 00:00,       21.15
19/11/2013 00:00,       21.28
20/11/2013 00:00,       18.31
21/11/2013 00:00,       17.89
22/11/2013 00:00,       17.20
23/11/2013 00:00,       17.00
24/11/2013 00:00,       19.19
25/11/2013 00:00,       20.69
26/11/2013 00:00,       22.39
27/11/2013 00:00,       23.21
28/11/2013 00:00,       18.94
29/11/2013 00:00,       19.20
30/11/2013 00:00,       20.12
01/12/2013 00:00,       18.28
02/12/2013 00:00,       21.54
03/12/2013 00:00,       20.10
04/12/2013 00:00,       19.31
05/12/2013 00:00,       17.13
06/12/2013 00:00,       19.11
07/12/2013 00:00,       21.65
08/12/2013 00:00,       19.36
09/12/2013 00:00,       17.83
10/12/2013 00:00,       17.21
11/12/2013 00:00,       18.12
12/12/2013 00:00,       20.36
13/12/2013 00:00,       21.92
14/12/2013 00:00,       22.38
15/12/2013 00:00,       21.83
16/12/2013 00:00,       22.54
17/12/2013 00:00,       23.59
18/12/2013 00:00,       24.36
19/12/2013 00:00,       25.75
20/12/2013 00:00,       24.32
21/12/2013 00:00,       21.37
22/12/2013 00:00,       20.58
23/12/2013 00:00,       20.55
24/12/2013 00:00,       21.80
25/12/2013 00:00,       23.16
26/12/2013 00:00,       22.79
27/12/2013 00:00,       23.39
28/12/2013 00:00,       22.33
29/12/2013 00:00,       21.74
30/12/2013 00:00,       21.90
31/12/2013 00:00,       22.15
01/01/2014 00:00,       20.69
02/01/2014 00:00,       19.77
03/01/2014 00:00,       20.36
04/01/2014 00:00,       19.95
05/01/2014 00:00,       18.26
06/01/2014 00:00,       18.46
07/01/2014 00:00,       19.78
08/01/2014 00:00,       20.87
09/01/2014 00:00,       22.49
10/01/2014 00:00,       22.77
11/01/2014 00:00,       22.17
12/01/2014 00:00,       23.19
13/01/2014 00:00,       24.39
14/01/2014 00:00,       22.76
15/01/2014 00:00,       25.05
16/01/2014 00:00,       27.15
17/01/2014 00:00,""
18/01/2014 00:00,""
19/01/2014 00:00,""
20/01/2014 00:00,""
21/01/2014 00:00,""
22/01/2014 00:00,""
23/01/2014 00:00,""
24/01/2014 00:00,""
25/01/2014 00:00,""
26/01/2014 00:00,""
27/01/2014 00:00,""
28/01/2014 00:00,""
29/01/2014 00:00,""
30/01/2014 00:00,""
31/01/2014 00:00,""
01/02/2014 00:00,""
02/02/2014 00:00,""
03/02/2014 00:00,""
04/02/2014 00:00,""
05/02/2014 00:00,""
06/02/2014 00:00,""
07/02/2014 00:00,""
08/02/2014 00:00,""
09/02/2014 00:00,""
10/02/2014 00:00,""
11/02/2014 00:00,""
12/02/2014 00:00,""
13/02/2014 00:00,""
14/02/2014 00:00,""
15/02/2014 00:00,       20.63
16/02/2014 00:00,       20.07
17/02/2014 00:00,       19.89
18/02/2014 00:00,       20.19
19/02/2014 00:00,       18.94
20/02/2014 00:00,       17.21
21/02/2014 00:00,       16.77
22/02/2014 00:00,       17.36
23/02/2014 00:00,       18.37
24/02/2014 00:00,       19.45
25/02/2014 00:00,       19.88
26/02/2014 00:00,       18.13
27/02/2014 00:00,       17.49
28/02/2014 00:00,       18.06
01/03/2014 00:00,       18.39
02/03/2014 00:00,       19.42
03/03/2014 00:00,       20.43
04/03/2014 00:00,       21.24
05/03/2014 00:00,       20.28
06/03/2014 00:00,       18.81
07/03/2014 00:00,       18.48
08/03/2014 00:00,       19.99
09/03/2014 00:00,       21.26
10/03/2014 00:00,       20.48
11/03/2014 00:00,       21.13
12/03/2014 00:00,       19.90
13/03/2014 00:00,       19.09
14/03/2014 00:00,       18.11
15/03/2014 00:00,       18.17
16/03/2014 00:00,       18.42
17/03/2014 00:00,       20.01
18/03/2014 00:00,       20.23
19/03/2014 00:00,       21.09
20/03/2014 00:00,       20.80
21/03/2014 00:00,       18.40
22/03/2014 00:00,       17.26
23/03/2014 00:00,       16.60
24/03/2014 00:00,       16.29
25/03/2014 00:00,       16.65
26/03/2014 00:00,       19.01
27/03/2014 00:00,       20.51
28/03/2014 00:00,       21.01
29/03/2014 00:00,       20.74
30/03/2014 00:00,       20.49
31/03/2014 00:00,       19.63
01/04/2014 00:00,       20.47
02/04/2014 00:00,       19.04
03/04/2014 00:00,       17.36
04/04/2014 00:00,       16.86
05/04/2014 00:00,       16.73
06/04/2014 00:00,       18.03
07/04/2014 00:00,       16.48
08/04/2014 00:00,       17.57
09/04/2014 00:00,       17.81
10/04/2014 00:00,       17.64
11/04/2014 00:00,       16.26
12/04/2014 00:00,       16.26
13/04/2014 00:00,       16.57
14/04/2014 00:00,       17.12
15/04/2014 00:00,       16.83
16/04/2014 00:00,       16.81
17/04/2014 00:00,       16.75
18/04/2014 00:00,       16.34
19/04/2014 00:00,       15.19
20/04/2014 00:00,       15.75
21/04/2014 00:00,       15.63
22/04/2014 00:00,       16.46
23/04/2014 00:00,       15.39
24/04/2014 00:00,       14.84
25/04/2014 00:00,       13.76
26/04/2014 00:00,       14.84
27/04/2014 00:00,       13.67
28/04/2014 00:00,       14.88
29/04/2014 00:00,       15.72
30/04/2014 00:00,       14.02
01/05/2014 00:00,       13.24
02/05/2014 00:00,       12.04
03/05/2014 00:00,       11.18
04/05/2014 00:00,       11.83
05/05/2014 00:00,       13.04
06/05/2014 00:00,       12.98
07/05/2014 00:00,       11.78
08/05/2014 00:00,       11.12
09/05/2014 00:00,       11.51
10/05/2014 00:00,       13.45
11/05/2014 00:00,       13.63
12/05/2014 00:00,       13.53
13/05/2014 00:00,       12.79
14/05/2014 00:00,       12.83
15/05/2014 00:00,       13.77
16/05/2014 00:00,       13.58
17/05/2014 00:00,       13.43
18/05/2014 00:00,       14.70
19/05/2014 00:00,       14.29
20/05/2014 00:00,       14.77
21/05/2014 00:00,       14.68
22/05/2014 00:00,       14.01
23/05/2014 00:00,       15.03
24/05/2014 00:00,       14.82
25/05/2014 00:00,       14.79
26/05/2014 00:00,       14.68
27/05/2014 00:00,       14.08
28/05/2014 00:00,       13.16
29/05/2014 00:00,       12.42
30/05/2014 00:00,       11.80
31/05/2014 00:00,       11.92
01/06/2014 00:00,       12.10
02/06/2014 00:00,       12.86
03/06/2014 00:00,       13.28
04/06/2014 00:00,       13.30
05/06/2014 00:00,       12.89
06/06/2014 00:00,       11.28
07/06/2014 00:00,       11.07
08/06/2014 00:00,       11.36
09/06/2014 00:00,        9.82
10/06/2014 00:00,        8.99
11/06/2014 00:00,        8.95
12/06/2014 00:00,        9.37
13/06/2014 00:00,        9.32
14/06/2014 00:00,        9.83
15/06/2014 00:00,       10.45
16/06/2014 00:00,       10.69
17/06/2014 00:00,       10.11
18/06/2014 00:00,       10.61
19/06/2014 00:00,        9.78
20/06/2014 00:00,        9.78
21/06/2014 00:00,        9.96
22/06/2014 00:00,        9.34
23/06/2014 00:00,        9.09
24/06/2014 00:00,        9.56
25/06/2014 00:00,       10.02
26/06/2014 00:00,       10.56
27/06/2014 00:00,       10.26
28/06/2014 00:00,        9.49
29/06/2014 00:00,        8.50
30/06/2014 00:00,        8.37
01/07/2014 00:00,        8.67
02/07/2014 00:00,        9.19
03/07/2014 00:00,        8.20
04/07/2014 00:00,        8.54
05/07/2014 00:00,        8.84
06/07/2014 00:00,        9.15
07/07/2014 00:00,        8.16
08/07/2014 00:00,        8.52
09/07/2014 00:00,        8.32
10/07/2014 00:00,        8.13
11/07/2014 00:00,        8.06
12/07/2014 00:00,        8.69
13/07/2014 00:00,        7.66
14/07/2014 00:00,        6.77
15/07/2014 00:00,        6.90
16/07/2014 00:00,        7.64
17/07/2014 00:00,        8.12
18/07/2014 00:00,        7.75
19/07/2014 00:00,        8.06
20/07/2014 00:00,        7.51
21/07/2014 00:00,        7.25
22/07/2014 00:00,        6.83
23/07/2014 00:00,        6.76
24/07/2014 00:00,        8.03
25/07/2014 00:00,        9.39
26/07/2014 00:00,        9.86
27/07/2014 00:00,        9.15
28/07/2014 00:00,        9.24
29/07/2014 00:00,        9.67
30/07/2014 00:00,       10.82
31/07/2014 00:00,       10.48
01/08/2014 00:00,        8.46
02/08/2014 00:00,        7.09
03/08/2014 00:00,        6.70
04/08/2014 00:00,        6.36
05/08/2014 00:00,        6.37
06/08/2014 00:00,        6.89
07/08/2014 00:00,        8.83
08/08/2014 00:00,        8.95
09/08/2014 00:00,        8.75
10/08/2014 00:00,        9.77
11/08/2014 00:00,        9.51
12/08/2014 00:00,        8.85
13/08/2014 00:00,        9.11
14/08/2014 00:00,        9.91
15/08/2014 00:00,        9.38
16/08/2014 00:00,       10.37
17/08/2014 00:00,       10.79
18/08/2014 00:00,       11.27
19/08/2014 00:00,       11.33
20/08/2014 00:00,       11.03
21/08/2014 00:00,        9.97
22/08/2014 00:00,       10.02
23/08/2014 00:00,       10.59
24/08/2014 00:00,       10.93
25/08/2014 00:00,       10.27
26/08/2014 00:00,       10.82
27/08/2014 00:00,       10.76
28/08/2014 00:00,       11.18
29/08/2014 00:00,       11.81
30/08/2014 00:00,       12.12
31/08/2014 00:00,       11.94
01/09/2014 00:00,       12.74
02/09/2014 00:00,       12.18
03/09/2014 00:00,       11.15
04/09/2014 00:00,       10.79
05/09/2014 00:00,       10.98
06/09/2014 00:00,       11.21
07/09/2014 00:00,       11.37
08/09/2014 00:00,       12.47
09/09/2014 00:00,       14.14
10/09/2014 00:00,       14.03
11/09/2014 00:00,       14.07
12/09/2014 00:00,       13.31
13/09/2014 00:00,       12.95
14/09/2014 00:00,       12.90
15/09/2014 00:00,       13.58
16/09/2014 00:00,       14.11
17/09/2014 00:00,       13.49
18/09/2014 00:00,       12.73
19/09/2014 00:00,       12.86
20/09/2014 00:00,       12.96
21/09/2014 00:00,       13.16
22/09/2014 00:00,       13.23
23/09/2014 00:00,       13.90
24/09/2014 00:00,       14.86
25/09/2014 00:00,       14.99
26/09/2014 00:00,       14.76
27/09/2014 00:00,       16.24
28/09/2014 00:00,       17.52
29/09/2014 00:00,       17.47
30/09/2014 00:00,       16.61
01/10/2014 00:00,       16.22
02/10/2014 00:00,       15.93
03/10/2014 00:00,       16.47
04/10/2014 00:00,       17.46
05/10/2014 00:00,       18.88
06/10/2014 00:00,       17.17
07/10/2014 00:00,       16.22
08/10/2014 00:00,       17.09
09/10/2014 00:00,       17.84
10/10/2014 00:00,       18.50
11/10/2014 00:00,       19.66
12/10/2014 00:00,       19.65
13/10/2014 00:00,       16.67
14/10/2014 00:00,       15.09
15/10/2014 00:00,       16.64
16/10/2014 00:00,       17.17
17/10/2014 00:00,       18.22
18/10/2014 00:00,       19.56
19/10/2014 00:00,       20.06
20/10/2014 00:00,       20.85
21/10/2014 00:00,       21.33
22/10/2014 00:00,       22.48
23/10/2014 00:00,       22.11
24/10/2014 00:00,       22.58
25/10/2014 00:00,       23.32
26/10/2014 00:00,       21.02
27/10/2014 00:00,       19.94
28/10/2014 00:00,       20.20
29/10/2014 00:00,       21.95
30/10/2014 00:00,       22.84
31/10/2014 00:00,       22.18
01/11/2014 00:00,       19.73
02/11/2014 00:00,       20.01
03/11/2014 00:00,       20.06
04/11/2014 00:00,       20.54
05/11/2014 00:00,       20.47
06/11/2014 00:00,       20.55
07/11/2014 00:00,       21.83
08/11/2014 00:00,       20.90
09/11/2014 00:00,       21.17
10/11/2014 00:00,       22.00
11/11/2014 00:00,       22.49
12/11/2014 00:00,       24.10
13/11/2014 00:00,       23.97
14/11/2014 00:00,       21.65
15/11/2014 00:00,       19.87
16/11/2014 00:00,       20.01
17/11/2014 00:00,       20.51
18/11/2014 00:00,       21.72
19/11/2014 00:00,       22.99
20/11/2014 00:00,       21.87
21/11/2014 00:00,       23.83
22/11/2014 00:00,       22.41
23/11/2014 00:00,       23.08
24/11/2014 00:00,       22.50
25/11/2014 00:00,       21.36
26/11/2014 00:00,       22.38
27/11/2014 00:00,       23.20
28/11/2014 00:00,       23.95
29/11/2014 00:00,       24.38
30/11/2014 00:00,       25.19
01/12/2014 00:00,       23.86
02/12/2014 00:00,       23.95
03/12/2014 00:00,       26.01
04/12/2014 00:00,       25.83
05/12/2014 00:00,       24.26
06/12/2014 00:00,       22.56
07/12/2014 00:00,       22.10
08/12/2014 00:00,       23.39
09/12/2014 00:00,       24.62
10/12/2014 00:00,       21.56
11/12/2014 00:00,       21.86
12/12/2014 00:00,       23.72
13/12/2014 00:00,       25.31
14/12/2014 00:00,       26.42
15/12/2014 00:00,       25.48
16/12/2014 00:00,       22.77
17/12/2014 00:00,       23.08
18/12/2014 00:00,       21.47
19/12/2014 00:00,""
20/12/2014 00:00,""
21/12/2014 00:00,""
22/12/2014 00:00,""
23/12/2014 00:00,       21.96
24/12/2014 00:00,       22.64
25/12/2014 00:00,       20.60
26/12/2014 00:00,       21.50
27/12/2014 00:00,       22.49
28/12/2014 00:00,       22.92
29/12/2014 00:00,       21.28
30/12/2014 00:00,       21.48
31/12/2014 00:00,       23.39
01/01/2015 00:00,       24.23
02/01/2015 00:00,       24.78
03/01/2015 00:00,       22.20
04/01/2015 00:00,       24.26
05/01/2015 00:00,       23.51
06/01/2015 00:00,       25.11
07/01/2015 00:00,       24.31
08/01/2015 00:00,       24.27
09/01/2015 00:00,       21.89
10/01/2015 00:00,       19.55
11/01/2015 00:00,       23.01
12/01/2015 00:00,       24.63
13/01/2015 00:00,       24.40
14/01/2015 00:00,       22.91
15/01/2015 00:00,       22.99
16/01/2015 00:00,       24.27
17/01/2015 00:00,       25.37
18/01/2015 00:00,       24.85
19/01/2015 00:00,       24.73
20/01/2015 00:00,       23.46
21/01/2015 00:00,       23.33
22/01/2015 00:00,       25.52
23/01/2015 00:00,       25.70
24/01/2015 00:00,       25.02
25/01/2015 00:00,       22.46
26/01/2015 00:00,       21.35
27/01/2015 00:00,       21.38
28/01/2015 00:00,       22.21
29/01/2015 00:00,       23.19
30/01/2015 00:00,       23.52
31/01/2015 00:00,       21.73
01/02/2015 00:00,       20.31
02/02/2015 00:00,       21.59
03/02/2015 00:00,       21.73
04/02/2015 00:00,       21.79
05/02/2015 00:00,       22.44
06/02/2015 00:00,       23.73
07/02/2015 00:00,       24.30
08/02/2015 00:00,       23.01
09/02/2015 00:00,       22.77
10/02/2015 00:00,       22.96
11/02/2015 00:00,       20.85
12/02/2015 00:00,       23.34
13/02/2015 00:00,       22.64
14/02/2015 00:00,       24.90
15/02/2015 00:00,       22.21
16/02/2015 00:00,""
17/02/2015 00:00,""
18/02/2015 00:00,""
19/02/2015 00:00,""
20/02/2015 00:00,""
21/02/2015 00:00,""
22/02/2015 00:00,""
23/02/2015 00:00,""
24/02/2015 00:00,""
25/02/2015 00:00,""
26/02/2015 00:00,""
27/02/2015 00:00,""
28/02/2015 00:00,""
01/03/2015 00:00,""
02/03/2015 00:00,""
03/03/2015 00:00,""
04/03/2015 00:00,""
05/03/2015 00:00,""
06/03/2015 00:00,""
07/03/2015 00:00,""
08/03/2015 00:00,""
09/03/2015 00:00,""
10/03/2015 00:00,""
11/03/2015 00:00,""
12/03/2015 00:00,""
13/03/2015 00:00,""
14/03/2015 00:00,""
15/03/2015 00:00,""
16/03/2015 00:00,""
17/03/2015 00:00,""
18/03/2015 00:00,""
19/03/2015 00:00,""
20/03/2015 00:00,""
21/03/2015 00:00,""
22/03/2015 00:00,""
23/03/2015 00:00,""
24/03/2015 00:00,""
25/03/2015 00:00,""
26/03/2015 00:00,""
27/03/2015 00:00,""
28/03/2015 00:00,""
29/03/2015 00:00,""
30/03/2015 00:00,""
31/03/2015 00:00,""
01/04/2015 00:00,""
02/04/2015 00:00,""
03/04/2015 00:00,""
04/04/2015 00:00,""
05/04/2015 00:00,""
06/04/2015 00:00,""
07/04/2015 00:00,""
08/04/2015 00:00,""
09/04/2015 00:00,""
10/04/2015 00:00,""
11/04/2015 00:00,""
12/04/2015 00:00,       16.34
13/04/2015 00:00,       17.30
14/04/2015 00:00,       18.07
15/04/2015 00:00,       18.89
16/04/2015 00:00,       16.88
17/04/2015 00:00,       16.45
18/04/2015 00:00,       17.09
19/04/2015 00:00,       15.18
20/04/2015 00:00,       13.93
21/04/2015 00:00,       14.46
22/04/2015 00:00,       15.07
23/04/2015 00:00,       15.37
24/04/2015 00:00,       15.69
25/04/2015 00:00,       14.49
26/04/2015 00:00,       14.63
27/04/2015 00:00,       14.98
28/04/2015 00:00,       14.54
29/04/2015 00:00,       14.03
30/04/2015 00:00,       14.63
01/05/2015 00:00,       15.01
02/05/2015 00:00,       16.84
03/05/2015 00:00,       15.89
04/05/2015 00:00,       15.63
05/05/2015 00:00,       14.56
06/05/2015 00:00,       14.64
07/05/2015 00:00,       14.67
08/05/2015 00:00,       14.94
09/05/2015 00:00,       14.69
10/05/2015 00:00,       15.36
11/05/2015 00:00,       15.48
12/05/2015 00:00,       14.70
13/05/2015 00:00,       11.88
14/05/2015 00:00,       12.44
15/05/2015 00:00,       13.07
16/05/2015 00:00,       13.00
17/05/2015 00:00,       12.14
18/05/2015 00:00,       11.98
19/05/2015 00:00,       14.86
20/05/2015 00:00,       13.65
21/05/2015 00:00,       12.80
22/05/2015 00:00,       12.71
23/05/2015 00:00,       11.51
24/05/2015 00:00,       10.75
25/05/2015 00:00,       12.99
26/05/2015 00:00,       13.27
27/05/2015 00:00,       14.42
28/05/2015 00:00,       14.05
29/05/2015 00:00,       14.04
30/05/2015 00:00,       13.18
31/05/2015 00:00,       12.88
01/06/2015 00:00,       12.63
02/06/2015 00:00,       11.86
03/06/2015 00:00,        9.99
04/06/2015 00:00,       11.12
05/06/2015 00:00,       12.15
06/06/2015 00:00,       12.00
07/06/2015 00:00,       11.81
08/06/2015 00:00,       12.43
09/06/2015 00:00,       12.66
10/06/2015 00:00,       11.84
11/06/2015 00:00,        9.64
12/06/2015 00:00,       10.21
13/06/2015 00:00,       11.56
14/06/2015 00:00,       11.58
15/06/2015 00:00,       12.88
16/06/2015 00:00,       13.54
17/06/2015 00:00,       12.74
18/06/2015 00:00,       12.90
19/06/2015 00:00,       12.16
20/06/2015 00:00,       11.57
21/06/2015 00:00,        9.16
22/06/2015 00:00,        9.67
23/06/2015 00:00,       11.71
24/06/2015 00:00,       11.31
25/06/2015 00:00,       11.99
26/06/2015 00:00,       12.46
27/06/2015 00:00,       10.29
28/06/2015 00:00,       10.12
29/06/2015 00:00,       10.68
30/06/2015 00:00,       11.62
01/07/2015 00:00,       10.80
02/07/2015 00:00,       10.68
03/07/2015 00:00,        8.67
04/07/2015 00:00,        9.52
05/07/2015 00:00,       10.37
06/07/2015 00:00,       11.66
07/07/2015 00:00,       10.80
08/07/2015 00:00,       10.66
09/07/2015 00:00,       11.52
10/07/2015 00:00,       11.71
11/07/2015 00:00,       10.45
12/07/2015 00:00,        8.98
13/07/2015 00:00,       10.32
14/07/2015 00:00,       10.41
15/07/2015 00:00,        9.89
16/07/2015 00:00,       10.47
17/07/2015 00:00,       10.28
18/07/2015 00:00,       10.65
19/07/2015 00:00,       10.35
20/07/2015 00:00,        8.00
21/07/2015 00:00,        7.46
22/07/2015 00:00,        9.31
23/07/2015 00:00,        9.66
24/07/2015 00:00,       10.32
25/07/2015 00:00,       10.27
26/07/2015 00:00,       10.50
27/07/2015 00:00,        9.68
28/07/2015 00:00,        9.36
29/07/2015 00:00,        8.84
30/07/2015 00:00,        9.51
31/07/2015 00:00,        9.55
01/08/2015 00:00,       10.73
02/08/2015 00:00,       11.06
03/08/2015 00:00,       10.66
04/08/2015 00:00,        9.75
05/08/2015 00:00,       10.12
06/08/2015 00:00,        9.98
07/08/2015 00:00,        9.93
08/08/2015 00:00,        9.83
09/08/2015 00:00,        9.67
10/08/2015 00:00,       10.72
11/08/2015 00:00,       10.79
12/08/2015 00:00,       10.52
13/08/2015 00:00,       10.53
14/08/2015 00:00,       11.10
15/08/2015 00:00,       11.71
16/08/2015 00:00,       11.77
17/08/2015 00:00,       11.28
18/08/2015 00:00,       11.47
19/08/2015 00:00,       10.56
20/08/2015 00:00,       11.05
21/08/2015 00:00,       12.27
22/08/2015 00:00,       12.52
23/08/2015 00:00,       11.63
24/08/2015 00:00,       11.55
25/08/2015 00:00,       11.74
26/08/2015 00:00,       11.85
27/08/2015 00:00,       10.95
28/08/2015 00:00,       10.94
29/08/2015 00:00,       10.47
30/08/2015 00:00,       10.31
31/08/2015 00:00,       10.41
01/09/2015 00:00,       10.16
02/09/2015 00:00,       11.38
03/09/2015 00:00,       11.92
04/09/2015 00:00,       12.02
05/09/2015 00:00,       11.59
06/09/2015 00:00,       12.36
07/09/2015 00:00,       11.61
08/09/2015 00:00,       12.64
09/09/2015 00:00,       13.08
10/09/2015 00:00,       12.70
11/09/2015 00:00,       12.99
12/09/2015 00:00,       14.61
13/09/2015 00:00,       15.60
14/09/2015 00:00,       15.06
15/09/2015 00:00,       14.40
16/09/2015 00:00,       12.65
17/09/2015 00:00,       13.65
18/09/2015 00:00,       14.14
19/09/2015 00:00,       13.98
20/09/2015 00:00,       14.27
21/09/2015 00:00,       13.53
22/09/2015 00:00,       13.34
23/09/2015 00:00,       12.98
24/09/2015 00:00,       13.20
25/09/2015 00:00,       13.95
26/09/2015 00:00,       14.58
27/09/2015 00:00,       15.31
28/09/2015 00:00,       15.44
29/09/2015 00:00,       14.97
30/09/2015 00:00,       15.57
01/10/2015 00:00,       16.53
02/10/2015 00:00,       18.83
03/10/2015 00:00,       19.42
04/10/2015 00:00,       18.66
05/10/2015 00:00,       19.47
06/10/2015 00:00,       18.50
07/10/2015 00:00,       17.46
08/10/2015 00:00,       18.51
09/10/2015 00:00,       20.12
10/10/2015 00:00,       20.93
11/10/2015 00:00,       21.37
12/10/2015 00:00,       19.23
13/10/2015 00:00,       19.24
14/10/2015 00:00,       19.42
15/10/2015 00:00,       21.26
16/10/2015 00:00,       19.74
17/10/2015 00:00,       20.22
18/10/2015 00:00,       20.50
19/10/2015 00:00,       20.86
20/10/2015 00:00,       21.20
21/10/2015 00:00,       18.72
22/10/2015 00:00,       18.93
23/10/2015 00:00,       19.46
24/10/2015 00:00,       18.49
25/10/2015 00:00,       18.82
26/10/2015 00:00,       18.65
27/10/2015 00:00,       19.81
28/10/2015 00:00,       20.64
29/10/2015 00:00,       22.18
30/10/2015 00:00,       23.56
31/10/2015 00:00,       23.73
01/11/2015 00:00,       22.75
02/11/2015 00:00,       21.69
03/11/2015 00:00,       20.64
04/11/2015 00:00,       21.90
05/11/2015 00:00,       21.16
06/11/2015 00:00,       21.46
07/11/2015 00:00,       22.73
08/11/2015 00:00,       24.42
09/11/2015 00:00,       24.24
10/11/2015 00:00,       21.65
11/11/2015 00:00,       21.07
12/11/2015 00:00,       22.08
13/11/2015 00:00,       19.99
14/11/2015 00:00,       19.64
15/11/2015 00:00,       21.60
16/11/2015 00:00,       22.58
17/11/2015 00:00,       23.32
18/11/2015 00:00,       22.92
19/11/2015 00:00,       25.04
20/11/2015 00:00,       21.91
21/11/2015 00:00,       21.43
22/11/2015 00:00,       21.60
23/11/2015 00:00,       21.77
24/11/2015 00:00,       22.79
25/11/2015 00:00,       21.07
26/11/2015 00:00,       18.95
27/11/2015 00:00,       19.88
28/11/2015 00:00,       20.52
29/11/2015 00:00,       23.12
30/11/2015 00:00,       23.11
01/12/2015 00:00,       19.58
02/12/2015 00:00,       19.89
03/12/2015 00:00,       21.82
04/12/2015 00:00,       23.55
05/12/2015 00:00,       25.25
06/12/2015 00:00,       24.52
07/12/2015 00:00,       24.15
08/12/2015 00:00,       24.09
09/12/2015 00:00,       23.79
10/12/2015 00:00,       22.55
11/12/2015 00:00,       20.56
12/12/2015 00:00,       20.94
13/12/2015 00:00,       20.99
14/12/2015 00:00,       22.28
15/12/2015 00:00,       23.43
16/12/2015 00:00,       25.96
17/12/2015 00:00,       24.98
18/12/2015 00:00,       26.09
19/12/2015 00:00,       23.61
20/12/2015 00:00,       21.91
21/12/2015 00:00,       20.12
22/12/2015 00:00,       21.25
23/12/2015 00:00,       22.04
24/12/2015 00:00,""
25/12/2015 00:00,""
26/12/2015 00:00,""
27/12/2015 00:00,""
28/12/2015 00:00,""
29/12/2015 00:00,""
30/12/2015 00:00,""
31/12/2015 00:00,""
01/01/2016 00:00,""
02/01/2016 00:00,""
03/01/2016 00:00,""
04/01/2016 00:00,""
05/01/2016 00:00,""
06/01/2016 00:00,""
07/01/2016 00:00,""
08/01/2016 00:00,""
09/01/2016 00:00,""
10/01/2016 00:00,       27.36
11/01/2016 00:00,       32.60
12/01/2016 00:00,       31.90
13/01/2016 00:00,       27.04
14/01/2016 00:00,       20.54
15/01/2016 00:00,       20.80
16/01/2016 00:00,       23.03
17/01/2016 00:00,       26.94
18/01/2016 00:00,       27.53
19/01/2016 00:00,       28.14
20/01/2016 00:00,       30.89
21/01/2016 00:00,       29.66
22/01/2016 00:00,       25.75
23/01/2016 00:00,       22.59
24/01/2016 00:00,       23.98
25/01/2016 00:00,       24.55
26/01/2016 00:00,       25.04
27/01/2016 00:00,       26.86
28/01/2016 00:00,       21.49
29/01/2016 00:00,       15.42
30/01/2016 00:00,       19.85
31/01/2016 00:00,       21.79
01/02/2016 00:00,       27.17
02/02/2016 00:00,       21.20
03/02/2016 00:00,       19.23
04/02/2016 00:00,       20.62
05/02/2016 00:00,       22.33
06/02/2016 00:00,       25.85
07/02/2016 00:00,       24.88
08/02/2016 00:00,       23.19
09/02/2016 00:00,       25.21
10/02/2016 00:00,       24.21
11/02/2016 00:00,       23.92
12/02/2016 00:00,       26.47
13/02/2016 00:00,       23.95
14/02/2016 00:00,       22.40
15/02/2016 00:00,       21.48
16/02/2016 00:00,       21.00
17/02/2016 00:00,       21.30
18/02/2016 00:00,       24.22
19/02/2016 00:00,       21.04
20/02/2016 00:00,       21.15
21/02/2016 00:00,       25.61
22/02/2016 00:00,       29.66
23/02/2016 00:00,       28.50
24/02/2016 00:00,       26.47
25/02/2016 00:00,       24.39
26/02/2016 00:00,       22.36
27/02/2016 00:00,       22.97
28/02/2016 00:00,       24.18
29/02/2016 00:00,       24.53
01/03/2016 00:00,       25.22
02/03/2016 00:00,       24.84
03/03/2016 00:00,       24.91
04/03/2016 00:00,       26.27
05/03/2016 00:00,       26.87
06/03/2016 00:00,       28.36
07/03/2016 00:00,       26.67
08/03/2016 00:00,       28.43
09/03/2016 00:00,       23.66
10/03/2016 00:00,       24.15
11/03/2016 00:00,       25.88
12/03/2016 00:00,       23.06
13/03/2016 00:00,       23.94
14/03/2016 00:00,       21.26
15/03/2016 00:00,       22.14
16/03/2016 00:00,       25.51
17/03/2016 00:00,       25.65
18/03/2016 00:00,       18.58
19/03/2016 00:00,       18.33
20/03/2016 00:00,       18.59
21/03/2016 00:00,       19.49
22/03/2016 00:00,       21.43
23/03/2016 00:00,       20.29
24/03/2016 00:00,       20.61
25/03/2016 00:00,       19.19
26/03/2016 00:00,       18.70
27/03/2016 00:00,       18.96
28/03/2016 00:00,       17.24
29/03/2016 00:00,       16.78
30/03/2016 00:00,       14.95
31/03/2016 00:00,       18.42
01/04/2016 00:00,       18.52
02/04/2016 00:00,       18.98
03/04/2016 00:00,       15.55
04/04/2016 00:00,       17.99
05/04/2016 00:00,       20.97
06/04/2016 00:00,       15.93
07/04/2016 00:00,       15.76
08/04/2016 00:00,       15.81
09/04/2016 00:00,       15.91
10/04/2016 00:00,       16.36
11/04/2016 00:00,       18.33
12/04/2016 00:00,       19.06
13/04/2016 00:00,       18.55
14/04/2016 00:00,       19.35
15/04/2016 00:00,       19.89
16/04/2016 00:00,       18.74
17/04/2016 00:00,       18.49
18/04/2016 00:00,       17.10
19/04/2016 00:00,       18.31
20/04/2016 00:00,       17.85
21/04/2016 00:00,       18.76
22/04/2016 00:00,       17.15
23/04/2016 00:00,       16.26
24/04/2016 00:00,       16.94
25/04/2016 00:00,       17.12
26/04/2016 00:00,       18.19
27/04/2016 00:00,       17.86
28/04/2016 00:00,       19.04
29/04/2016 00:00,       18.54
30/04/2016 00:00,       17.39
01/05/2016 00:00,       16.11
02/05/2016 00:00,       16.45
03/05/2016 00:00,       15.97
04/05/2016 00:00,       15.39
05/05/2016 00:00,       16.62
06/05/2016 00:00,       17.17
07/05/2016 00:00,       16.19
08/05/2016 00:00,       16.83
09/05/2016 00:00,       15.60
10/05/2016 00:00,       15.48
11/05/2016 00:00,       15.22
12/05/2016 00:00,       16.67
13/05/2016 00:00,       16.29
14/05/2016 00:00,       15.23
15/05/2016 00:00,       15.84
16/05/2016 00:00,       14.37
17/05/2016 00:00,       14.91
18/05/2016 00:00,       14.81
19/05/2016 00:00,       14.42
20/05/2016 00:00,       15.69
21/05/2016 00:00,       15.18
22/05/2016 00:00,       14.20
23/05/2016 00:00,       13.87
24/05/2016 00:00,       13.88
25/05/2016 00:00,       13.04
26/05/2016 00:00,       15.07
27/05/2016 00:00,       13.20
28/05/2016 00:00,       13.18
29/05/2016 00:00,       12.54
30/05/2016 00:00,       11.63
31/05/2016 00:00,       12.91
01/06/2016 00:00,       13.90
02/06/2016 00:00,       12.51
03/06/2016 00:00,       12.17
04/06/2016 00:00,       12.16
05/06/2016 00:00,       12.07
06/06/2016 00:00,       12.62
07/06/2016 00:00,       12.78
08/06/2016 00:00,       13.16
09/06/2016 00:00,       13.43
10/06/2016 00:00,       13.58
11/06/2016 00:00,       12.70
12/06/2016 00:00,       11.78
13/06/2016 00:00,        9.91
14/06/2016 00:00,       10.45
15/06/2016 00:00,       10.49
16/06/2016 00:00,       12.05
17/06/2016 00:00,       12.51
18/06/2016 00:00,       12.84
19/06/2016 00:00,       12.84
20/06/2016 00:00,       11.47
21/06/2016 00:00,       11.71
22/06/2016 00:00,       11.82
23/06/2016 00:00,       11.73
24/06/2016 00:00,       10.30
25/06/2016 00:00,        9.64
26/06/2016 00:00,       10.80
27/06/2016 00:00,       10.95
28/06/2016 00:00,       11.09
29/06/2016 00:00,        9.80
30/06/2016 00:00,       10.72
01/07/2016 00:00,       10.40
02/07/2016 00:00,       11.38
03/07/2016 00:00,       11.31
04/07/2016 00:00,       10.56
05/07/2016 00:00,       10.89
06/07/2016 00:00,       11.72
07/07/2016 00:00,       11.82
08/07/2016 00:00,       10.32
09/07/2016 00:00,        9.36
10/07/2016 00:00,       10.13
11/07/2016 00:00,       10.28
12/07/2016 00:00,        9.50
13/07/2016 00:00,        8.60
14/07/2016 00:00,        8.20
15/07/2016 00:00,        8.97
16/07/2016 00:00,        8.03
17/07/2016 00:00,        7.62
18/07/2016 00:00,        9.22
19/07/2016 00:00,       10.05
20/07/2016 00:00,       11.11
21/07/2016 00:00,       12.31
22/07/2016 00:00,       12.63
23/07/2016 00:00,       10.92
24/07/2016 00:00,        9.54
25/07/2016 00:00,        9.46
26/07/2016 00:00,        9.37
27/07/2016 00:00,        9.60
28/07/2016 00:00,        9.99
29/07/2016 00:00,       10.86
30/07/2016 00:00,       10.72
31/07/2016 00:00,       11.55
01/08/2016 00:00,       12.18
02/08/2016 00:00,       11.09
03/08/2016 00:00,       10.86
04/08/2016 00:00,       11.05
05/08/2016 00:00,       10.42
06/08/2016 00:00,        9.71
07/08/2016 00:00,        9.41
08/08/2016 00:00,       10.41
09/08/2016 00:00,       11.80
10/08/2016 00:00,       11.52
11/08/2016 00:00,       11.05
12/08/2016 00:00,       11.15
13/08/2016 00:00,       11.21
14/08/2016 00:00,       11.61
15/08/2016 00:00,       10.96
16/08/2016 00:00,       11.31
17/08/2016 00:00,       12.24
18/08/2016 00:00,       12.51
19/08/2016 00:00,       13.05
20/08/2016 00:00,       11.93
21/08/2016 00:00,       12.04
22/08/2016 00:00,       11.73
23/08/2016 00:00,       11.22
24/08/2016 00:00,       10.94
25/08/2016 00:00,       10.49
26/08/2016 00:00,       10.47
27/08/2016 00:00,        9.99
28/08/2016 00:00,       11.28
29/08/2016 00:00,       12.20
30/08/2016 00:00,       13.55
31/08/2016 00:00,       14.31
01/09/2016 00:00,       14.24
02/09/2016 00:00,       13.88
03/09/2016 00:00,       13.10
04/09/2016 00:00,       12.76
05/09/2016 00:00,       12.82
06/09/2016 00:00,       12.82
07/09/2016 00:00,       13.30
08/09/2016 00:00,       13.87
09/09/2016 00:00,       14.23
10/09/2016 00:00,       13.47
11/09/2016 00:00,       13.62
12/09/2016 00:00,       13.00
13/09/2016 00:00,       12.26
14/09/2016 00:00,       11.56
15/09/2016 00:00,       12.20
16/09/2016 00:00,       12.36
17/09/2016 00:00,       13.57
18/09/2016 00:00,       13.79
19/09/2016 00:00,       12.67
20/09/2016 00:00,       12.16
21/09/2016 00:00,       12.92
22/09/2016 00:00,       12.77
23/09/2016 00:00,       13.12
24/09/2016 00:00,       13.51
25/09/2016 00:00,       12.90
26/09/2016 00:00,       13.17
27/09/2016 00:00,       12.99
28/09/2016 00:00,       12.03
29/09/2016 00:00,       11.12
30/09/2016 00:00,       11.69
01/10/2016 00:00,       13.19
02/10/2016 00:00,       14.70
03/10/2016 00:00,       12.75
04/10/2016 00:00,       13.08
05/10/2016 00:00,       14.33
06/10/2016 00:00,       16.40
07/10/2016 00:00,       17.06
08/10/2016 00:00,       17.24
09/10/2016 00:00,       18.42
10/10/2016 00:00,       16.98
11/10/2016 00:00,       14.73
12/10/2016 00:00,       14.67
13/10/2016 00:00,       15.81
14/10/2016 00:00,       16.23
15/10/2016 00:00,       16.83
16/10/2016 00:00,       16.50
17/10/2016 00:00,       14.98
18/10/2016 00:00,       15.54
19/10/2016 00:00,       15.11
20/10/2016 00:00,       16.22
21/10/2016 00:00,       16.83
22/10/2016 00:00,       14.90
23/10/2016 00:00,       14.38
24/10/2016 00:00,       15.10
25/10/2016 00:00,       15.31
26/10/2016 00:00,       16.85
27/10/2016 00:00,       16.96
28/10/2016 00:00,       17.27
29/10/2016 00:00,       17.86
30/10/2016 00:00,       18.23
31/10/2016 00:00,       16.71
01/11/2016 00:00,       16.68
02/11/2016 00:00,       16.96
03/11/2016 00:00,       17.89
04/11/2016 00:00,       18.51
05/11/2016 00:00,       18.50
06/11/2016 00:00,       19.43
07/11/2016 00:00,       19.16
08/11/2016 00:00,       18.97
09/11/2016 00:00,       19.17
10/11/2016 00:00,       19.13
11/11/2016 00:00,       18.96
12/11/2016 00:00,       15.13
13/11/2016 00:00,       16.46
14/11/2016 00:00,       16.17
15/11/2016 00:00,       16.86
16/11/2016 00:00,       18.40
17/11/2016 00:00,       20.07
18/11/2016 00:00,       19.74
19/11/2016 00:00,       20.17
20/11/2016 00:00,       21.51
21/11/2016 00:00,       22.43
22/11/2016 00:00,       19.47
23/11/2016 00:00,       18.78
24/11/2016 00:00,       18.70
25/11/2016 00:00,       19.53
26/11/2016 00:00,       20.20
27/11/2016 00:00,       21.05
28/11/2016 00:00,       21.32
29/11/2016 00:00,       21.82
30/11/2016 00:00,       21.09
01/12/2016 00:00,       19.71
02/12/2016 00:00,       20.51
03/12/2016 00:00,       21.37
04/12/2016 00:00,       20.76
05/12/2016 00:00,       20.77
06/12/2016 00:00,       21.58
07/12/2016 00:00,       21.30
08/12/2016 00:00,       20.91
09/12/2016 00:00,       20.33
10/12/2016 00:00,       21.14
11/12/2016 00:00,       22.48
12/12/2016 00:00,       24.00
13/12/2016 00:00,       22.63
14/12/2016 00:00,       20.90
15/12/2016 00:00,       20.23
16/12/2016 00:00,       21.90
17/12/2016 00:00,       21.40
18/12/2016 00:00,       21.20
19/12/2016 00:00,       22.26
20/12/2016 00:00,       23.18
21/12/2016 00:00,       23.52
22/12/2016 00:00,       24.59
23/12/2016 00:00,       24.46
24/12/2016 00:00,       25.85
25/12/2016 00:00,       26.01
26/12/2016 00:00,       24.03
27/12/2016 00:00,       24.34
28/12/2016 00:00,       25.00
29/12/2016 00:00,       25.29
30/12/2016 00:00,       23.48
31/12/2016 00:00,       23.08
01/01/2017 00:00,       22.47
02/01/2017 00:00,       21.66
03/01/2017 00:00,       21.42
04/01/2017 00:00,       22.61
05/01/2017 00:00,       23.87
06/01/2017 00:00,       25.13
07/01/2017 00:00,       25.33
08/01/2017 00:00,       25.09
09/01/2017 00:00,       23.44
10/01/2017 00:00,       24.23
11/01/2017 00:00,       24.16
12/01/2017 00:00,       24.34
13/01/2017 00:00,       24.48
14/01/2017 00:00,       23.02
15/01/2017 00:00,       24.11
16/01/2017 00:00,       25.00
17/01/2017 00:00,       25.64
18/01/2017 00:00,       24.12
19/01/2017 00:00,       24.31
20/01/2017 00:00,       23.60
21/01/2017 00:00,       22.59
22/01/2017 00:00,       22.81
23/01/2017 00:00,       23.44
24/01/2017 00:00,       23.01
25/01/2017 00:00,       22.38
26/01/2017 00:00,       22.92
27/01/2017 00:00,       23.82
28/01/2017 00:00,       24.76
29/01/2017 00:00,       25.84
30/01/2017 00:00,       24.73
31/01/2017 00:00,       23.16
01/02/2017 00:00,       21.36
02/02/2017 00:00,       22.23
03/02/2017 00:00,       23.66
04/02/2017 00:00,       22.86
05/02/2017 00:00,       22.71
06/02/2017 00:00,       20.89
07/02/2017 00:00,       22.06
08/02/2017 00:00,       24.89
09/02/2017 00:00,       27.34
10/02/2017 00:00,       26.60
11/02/2017 00:00,       25.72
12/02/2017 00:00,       22.40
13/02/2017 00:00,       20.77
14/02/2017 00:00,       22.54
15/02/2017 00:00,       23.27
16/02/2017 00:00,       24.33
17/02/2017 00:00,       21.08
18/02/2017 00:00,       19.51
19/02/2017 00:00,       18.91
20/02/2017 00:00,       20.25
21/02/2017 00:00,       20.20
22/02/2017 00:00,       21.60
23/02/2017 00:00,       21.88
24/02/2017 00:00,       21.96
25/02/2017 00:00,       21.14
26/02/2017 00:00,       21.41
27/02/2017 00:00,       22.68
28/02/2017 00:00,       24.08
01/03/2017 00:00,       24.31
02/03/2017 00:00,       24.01
03/03/2017 00:00,       23.93
04/03/2017 00:00,       23.93
05/03/2017 00:00,       23.18
06/03/2017 00:00,       22.65
07/03/2017 00:00,       23.12
08/03/2017 00:00,       23.17
09/03/2017 00:00,       23.42
10/03/2017 00:00,       23.18
11/03/2017 00:00,       21.11
12/03/2017 00:00,       20.83
13/03/2017 00:00,       21.11
14/03/2017 00:00,       21.88
15/03/2017 00:00,""
16/03/2017 00:00,""
17/03/2017 00:00,""
18/03/2017 00:00,""
19/03/2017 00:00,""
20/03/2017 00:00,""
21/03/2017 00:00,""
22/03/2017 00:00,""
23/03/2017 00:00,""
24/03/2017 00:00,""
25/03/2017 00:00,""
26/03/2017 00:00,""
27/03/2017 00:00,""
28/03/2017 00:00,""
29/03/2017 00:00,""
30/03/2017 00:00,""
31/03/2017 00:00,""
01/04/2017 00:00,""
02/04/2017 00:00,""
03/04/2017 00:00,""
04/04/2017 00:00,""
05/04/2017 00:00,""
06/04/2017 00:00,""
07/04/2017 00:00,""
08/04/2017 00:00,       18.23
09/04/2017 00:00,       16.82
10/04/2017 00:00,       16.31
11/04/2017 00:00,       17.75
12/04/2017 00:00,       17.93
13/04/2017 00:00,       18.03
14/04/2017 00:00,       19.12
15/04/2017 00:00,       18.24
16/04/2017 00:00,       19.11
17/04/2017 00:00,       18.09
18/04/2017 00:00,       17.34
19/04/2017 00:00,       18.71
20/04/2017 00:00,       20.20
21/04/2017 00:00,       20.38
22/04/2017 00:00,       19.32
23/04/2017 00:00,       19.33
24/04/2017 00:00,       19.86
25/04/2017 00:00,       18.95
26/04/2017 00:00,       16.46
27/04/2017 00:00,       15.79
28/04/2017 00:00,       16.20
29/04/2017 00:00,       16.55
30/04/2017 00:00,       17.31
01/05/2017 00:00,       15.59
02/05/2017 00:00,       14.62
03/05/2017 00:00,       14.15
04/05/2017 00:00,       13.86
05/05/2017 00:00,       13.86
06/05/2017 00:00,       13.73
07/05/2017 00:00,       13.67
08/05/2017 00:00,       12.90
09/05/2017 00:00,       12.64
10/05/2017 00:00,       12.63
11/05/2017 00:00,       12.73
12/05/2017 00:00,       12.35
13/05/2017 00:00,       12.49
14/05/2017 00:00,       12.22
15/05/2017 00:00,       12.26
16/05/2017 00:00,       11.99
17/05/2017 00:00,       12.86
18/05/2017 00:00,       14.22
19/05/2017 00:00,       14.89
20/05/2017 00:00,       14.70
21/05/2017 00:00,       14.85
22/05/2017 00:00,       13.65
23/05/2017 00:00,       14.48
24/05/2017 00:00,       14.65
25/05/2017 00:00,       13.87
26/05/2017 00:00,       13.83
27/05/2017 00:00,       13.60
28/05/2017 00:00,       12.80
29/05/2017 00:00,       12.76
30/05/2017 00:00,       12.87
31/05/2017 00:00,       11.52
01/06/2017 00:00,       10.14
02/06/2017 00:00,        9.42
03/06/2017 00:00,        9.07
04/06/2017 00:00,        9.25
05/06/2017 00:00,       10.59
06/06/2017 00:00,       11.51
07/06/2017 00:00,       10.00
08/06/2017 00:00,        9.73
09/06/2017 00:00,       10.67
10/06/2017 00:00,       12.12
11/06/2017 00:00,       10.56
12/06/2017 00:00,       11.41
13/06/2017 00:00,       11.32
14/06/2017 00:00,       10.90
15/06/2017 00:00,       11.55
16/06/2017 00:00,       11.50
17/06/2017 00:00,       12.21
18/06/2017 00:00,       11.69
19/06/2017 00:00,       11.03
20/06/2017 00:00,       10.38
21/06/2017 00:00,       10.24
22/06/2017 00:00,        9.61
23/06/2017 00:00,        9.53
24/06/2017 00:00,       10.06
25/06/2017 00:00,       10.70
26/06/2017 00:00,       10.41
27/06/2017 00:00,       11.32
28/06/2017 00:00,       10.79
29/06/2017 00:00,       10.91
30/06/2017 00:00,       11.17
01/07/2017 00:00,        9.50
02/07/2017 00:00,        8.85
03/07/2017 00:00,        9.92
04/07/2017 00:00,       11.28
05/07/2017 00:00,       11.42
06/07/2017 00:00,        9.95
07/07/2017 00:00,       10.30
08/07/2017 00:00,       10.56
09/07/2017 00:00,       11.16
10/07/2017 00:00,       10.59
11/07/2017 00:00,       10.24
12/07/2017 00:00,       10.31
13/07/2017 00:00,       10.58
14/07/2017 00:00,       11.04
15/07/2017 00:00,       10.85
16/07/2017 00:00,       10.15
17/07/2017 00:00,       10.47
18/07/2017 00:00,       10.40
19/07/2017 00:00,       10.48
20/07/2017 00:00,        9.90
21/07/2017 00:00,        9.03
22/07/2017 00:00,        9.61
23/07/2017 00:00,       10.62
24/07/2017 00:00,       10.66
25/07/2017 00:00,       10.69
26/07/2017 00:00,       10.83
27/07/2017 00:00,        9.90
28/07/2017 00:00,        9.80
29/07/2017 00:00,       10.44
30/07/2017 00:00,       10.89
31/07/2017 00:00,       10.77
01/08/2017 00:00,       10.25
02/08/2017 00:00,        8.88
03/08/2017 00:00,        9.57
04/08/2017 00:00,        9.36
05/08/2017 00:00,        9.46
06/08/2017 00:00,        9.83
07/08/2017 00:00,        9.19
08/08/2017 00:00,        9.50
09/08/2017 00:00,        9.22
10/08/2017 00:00,       10.37
11/08/2017 00:00,       10.69
12/08/2017 00:00,       10.40
13/08/2017 00:00,       10.63
14/08/2017 00:00,       12.12
15/08/2017 00:00,       13.58
16/08/2017 00:00,       12.99
17/08/2017 00:00,       12.08
18/08/2017 00:00,       10.94
19/08/2017 00:00,       10.40
20/08/2017 00:00,        9.42
21/08/2017 00:00,        9.78
22/08/2017 00:00,       10.44
23/08/2017 00:00,       11.11
24/08/2017 00:00,       11.05
25/08/2017 00:00,       11.39
26/08/2017 00:00,       11.11
27/08/2017 00:00,       11.17
28/08/2017 00:00,        9.88
29/08/2017 00:00,        9.25
30/08/2017 00:00,        9.34
31/08/2017 00:00,        9.80
01/09/2017 00:00,       10.66
02/09/2017 00:00,       12.52
03/09/2017 00:00,       12.46
04/09/2017 00:00,       11.90
05/09/2017 00:00,       11.15
06/09/2017 00:00,       11.44
07/09/2017 00:00,       11.78
08/09/2017 00:00,       12.19
09/09/2017 00:00,       11.71
10/09/2017 00:00,       11.09
11/09/2017 00:00,       13.29
12/09/2017 00:00,       15.06
13/09/2017 00:00,       14.21
14/09/2017 00:00,       13.01
15/09/2017 00:00,       13.04
16/09/2017 00:00,       13.67
17/09/2017 00:00,       12.63
18/09/2017 00:00,       13.19
19/09/2017 00:00,       12.78
20/09/2017 00:00,       12.53
21/09/2017 00:00,       13.89
22/09/2017 00:00,       14.69
23/09/2017 00:00,       15.85
24/09/2017 00:00,       15.38
25/09/2017 00:00,       14.96
26/09/2017 00:00,       13.96
27/09/2017 00:00,       14.89
28/09/2017 00:00,       15.36
29/09/2017 00:00,       14.74
30/09/2017 00:00,       14.64
01/10/2017 00:00,       14.58
02/10/2017 00:00,       15.62
03/10/2017 00:00,       16.00
04/10/2017 00:00,       15.97
05/10/2017 00:00,       16.28
06/10/2017 00:00,       15.50
07/10/2017 00:00,       16.04
08/10/2017 00:00,       18.04
09/10/2017 00:00,       17.96
10/10/2017 00:00,       17.22
11/10/2017 00:00,       17.26
12/10/2017 00:00,       15.83
13/10/2017 00:00,       15.81
14/10/2017 00:00,       17.10
15/10/2017 00:00,       17.84
16/10/2017 00:00,       18.90
17/10/2017 00:00,       20.06
18/10/2017 00:00,       21.66
19/10/2017 00:00,       20.78
20/10/2017 00:00,       18.88
21/10/2017 00:00,       18.46
22/10/2017 00:00,       18.11
23/10/2017 00:00,       19.76
24/10/2017 00:00,       18.45
25/10/2017 00:00,       19.58
26/10/2017 00:00,       19.83
27/10/2017 00:00,       18.82
28/10/2017 00:00,       19.19
29/10/2017 00:00,       18.95
30/10/2017 00:00,       17.01
31/10/2017 00:00,       17.57
01/11/2017 00:00,       20.01
02/11/2017 00:00,       19.49
03/11/2017 00:00,       19.11
04/11/2017 00:00,       18.03
05/11/2017 00:00,       18.32
06/11/2017 00:00,       18.96
07/11/2017 00:00,       19.54
08/11/2017 00:00,       19.48
09/11/2017 00:00,       20.59
10/11/2017 00:00,       21.55
11/11/2017 00:00,       21.37
12/11/2017 00:00,       22.02
13/11/2017 00:00,       21.78
14/11/2017 00:00,       21.70
15/11/2017 00:00,       21.26
16/11/2017 00:00,       19.97
17/11/2017 00:00,       18.83
18/11/2017 00:00,       19.13
19/11/2017 00:00,       20.74
20/11/2017 00:00,       22.04
21/11/2017 00:00,       23.08
22/11/2017 00:00,       23.19
23/11/2017 00:00,       23.05
24/11/2017 00:00,       22.47
25/11/2017 00:00,       22.68
26/11/2017 00:00,       20.87
27/11/2017 00:00,       20.70
28/11/2017 00:00,       22.62
29/11/2017 00:00,       23.79
30/11/2017 00:00,       24.71
01/12/2017 00:00,       22.55
02/12/2017 00:00,       19.77
03/12/2017 00:00,       18.71
04/12/2017 00:00,       18.93
05/12/2017 00:00,       19.12
06/12/2017 00:00,       19.90
07/12/2017 00:00,       18.69
08/12/2017 00:00,       18.10
09/12/2017 00:00,       19.33
10/12/2017 00:00,       21.18
11/12/2017 00:00,       21.85
12/12/2017 00:00,       22.57
13/12/2017 00:00,       22.56
14/12/2017 00:00,       22.33
15/12/2017 00:00,       22.50
16/12/2017 00:00,       22.95
17/12/2017 00:00,       23.46
18/12/2017 00:00,       24.11
19/12/2017 00:00,       24.15
20/12/2017 00:00,       22.29
21/12/2017 00:00,       23.61
22/12/2017 00:00,       23.72
23/12/2017 00:00,       23.87
24/12/2017 00:00,       23.23
25/12/2017 00:00,       22.48
26/12/2017 00:00,       23.77
27/12/2017 00:00,       22.74
28/12/2017 00:00,       23.61
29/12/2017 00:00,       22.21
30/12/2017 00:00,       21.14
31/12/2017 00:00,       22.08
01/01/2018 00:00,       24.14
02/01/2018 00:00,       22.57
03/01/2018 00:00,       23.39
04/01/2018 00:00,       23.89
05/01/2018 00:00,       25.56
06/01/2018 00:00,       25.41
07/01/2018 00:00,       23.25
08/01/2018 00:00,       23.30
09/01/2018 00:00,       22.30
10/01/2018 00:00,       20.64
11/01/2018 00:00,       21.84
12/01/2018 00:00,       22.00
13/01/2018 00:00,       19.24
14/01/2018 00:00,       21.50
15/01/2018 00:00,       22.62
16/01/2018 00:00,       23.59
17/01/2018 00:00,       23.94
18/01/2018 00:00,       24.44
19/01/2018 00:00,       24.42
20/01/2018 00:00,       24.37
21/01/2018 00:00,       25.28
22/01/2018 00:00,       24.59
23/01/2018 00:00,       24.23
24/01/2018 00:00,       23.53
25/01/2018 00:00,       23.48
26/01/2018 00:00,       22.74
27/01/2018 00:00,       24.11
28/01/2018 00:00,       24.60
29/01/2018 00:00,       22.25
30/01/2018 00:00,       19.79
31/01/2018 00:00,""
01/02/2018 00:00,""
02/02/2018 00:00,""
03/02/2018 00:00,""
04/02/2018 00:00,""
05/02/2018 00:00,""
06/02/2018 00:00,""
07/02/2018 00:00,""
08/02/2018 00:00,""
09/02/2018 00:00,""
10/02/2018 00:00,""
11/02/2018 00:00,""
12/02/2018 00:00,""
13/02/2018 00:00,""
14/02/2018 00:00,""
15/02/2018 00:00,""
16/02/2018 00:00,""
17/02/2018 00:00,""
18/02/2018 00:00,""
19/02/2018 00:00,""
20/02/2018 00:00,""
21/02/2018 00:00,""
22/02/2018 00:00,""
23/02/2018 00:00,""
24/02/2018 00:00,""
25/02/2018 00:00,""
26/02/2018 00:00,""
27/02/2018 00:00,""
28/02/2018 00:00,""
01/03/2018 00:00,""
02/03/2018 00:00,""
03/03/2018 00:00,""
04/03/2018 00:00,""
05/03/2018 00:00,""
06/03/2018 00:00,""
07/03/2018 00:00,""
08/03/2018 00:00,""
09/03/2018 00:00,""
10/03/2018 00:00,""
11/03/2018 00:00,""
12/03/2018 00:00,""
13/03/2018 00:00,""
14/03/2018 00:00,""
15/03/2018 00:00,""
16/03/2018 00:00,""
17/03/2018 00:00,""
18/03/2018 00:00,""
19/03/2018 00:00,""
20/03/2018 00:00,""
21/03/2018 00:00,""
22/03/2018 00:00,""
23/03/2018 00:00,""
24/03/2018 00:00,""
25/03/2018 00:00,""
26/03/2018 00:00,""
27/03/2018 00:00,""
28/03/2018 00:00,""
29/03/2018 00:00,""
30/03/2018 00:00,""
31/03/2018 00:00,""
01/04/2018 00:00,""
02/04/2018 00:00,""
03/04/2018 00:00,""
04/04/2018 00:00,""
05/04/2018 00:00,""
06/04/2018 00:00,""
07/04/2018 00:00,""
08/04/2018 00:00,""
09/04/2018 00:00,""
10/04/2018 00:00,""
11/04/2018 00:00,""
12/04/2018 00:00,""
13/04/2018 00:00,""
14/04/2018 00:00,""
15/04/2018 00:00,""
16/04/2018 00:00,""
17/04/2018 00:00,""
18/04/2018 00:00,""
19/04/2018 00:00,""
20/04/2018 00:00,""
21/04/2018 00:00,""
22/04/2018 00:00,""
23/04/2018 00:00,""
24/04/2018 00:00,""
25/04/2018 00:00,""
26/04/2018 00:00,""
27/04/2018 00:00,""
28/04/2018 00:00,""
29/04/2018 00:00,""
30/04/2018 00:00,""
01/05/2018 00:00,""
02/05/2018 00:00,""
03/05/2018 00:00,""
04/05/2018 00:00,""
05/05/2018 00:00,""
06/05/2018 00:00,""
07/05/2018 00:00,""
08/05/2018 00:00,""
09/05/2018 00:00,""
10/05/2018 00:00,""
11/05/2018 00:00,""
12/05/2018 00:00,""
13/05/2018 00:00,""
14/05/2018 00:00,""
15/05/2018 00:00,""
16/05/2018 00:00,""
17/05/2018 00:00,""
18/05/2018 00:00,""
19/05/2018 00:00,""
20/05/2018 00:00,""
21/05/2018 00:00,""
22/05/2018 00:00,""
23/05/2018 00:00,""
24/05/2018 00:00,""
25/05/2018 00:00,""
26/05/2018 00:00,""
27/05/2018 00:00,""
28/05/2018 00:00,""
29/05/2018 00:00,""
30/05/2018 00:00,""
31/05/2018 00:00,""
01/06/2018 00:00,""
02/06/2018 00:00,""
03/06/2018 00:00,""
04/06/2018 00:00,""
05/06/2018 00:00,""
06/06/2018 00:00,       11.36
07/06/2018 00:00,       11.62
08/06/2018 00:00,       12.21
09/06/2018 00:00,       13.12
10/06/2018 00:00,       13.13
11/06/2018 00:00,       13.66
12/06/2018 00:00,       12.52
13/06/2018 00:00,       11.47
14/06/2018 00:00,       11.77
15/06/2018 00:00,       11.37
16/06/2018 00:00,       10.65
17/06/2018 00:00,       10.06
18/06/2018 00:00,       10.90
19/06/2018 00:00,       11.16
20/06/2018 00:00,       10.30
21/06/2018 00:00,        9.21
22/06/2018 00:00,        8.79
23/06/2018 00:00,        8.75
24/06/2018 00:00,       10.17
25/06/2018 00:00,        9.53
26/06/2018 00:00,        7.99
27/06/2018 00:00,        8.72
28/06/2018 00:00,        7.39
29/06/2018 00:00,        8.26
30/06/2018 00:00,        8.80
01/07/2018 00:00,        8.02
02/07/2018 00:00,        7.62
03/07/2018 00:00,        9.47
04/07/2018 00:00,        9.94
05/07/2018 00:00,       12.13
06/07/2018 00:00,       11.21
07/07/2018 00:00,       10.42
08/07/2018 00:00,       11.68
09/07/2018 00:00,       11.83
10/07/2018 00:00,       11.55
11/07/2018 00:00,        9.91
12/07/2018 00:00,       10.65
13/07/2018 00:00,       10.63
14/07/2018 00:00,        9.30
15/07/2018 00:00,        9.80
16/07/2018 00:00,       11.64
17/07/2018 00:00,       11.14
18/07/2018 00:00,       10.88
19/07/2018 00:00,        9.89
20/07/2018 00:00,       10.04
21/07/2018 00:00,       10.87
22/07/2018 00:00,       10.68
23/07/2018 00:00,       11.38
24/07/2018 00:00,       11.72
25/07/2018 00:00,       12.78
26/07/2018 00:00,       12.78
27/07/2018 00:00,       13.70
28/07/2018 00:00,       12.74
29/07/2018 00:00,       12.05
30/07/2018 00:00,       11.80
31/07/2018 00:00,       12.18
01/08/2018 00:00,""
02/08/2018 00:00,""
03/08/2018 00:00,""
04/08/2018 00:00,""
05/08/2018 00:00,""
06/08/2018 00:00,""
07/08/2018 00:00,""
08/08/2018 00:00,""
09/08/2018 00:00,""
10/08/2018 00:00,""
11/08/2018 00:00,""
12/08/2018 00:00,""
13/08/2018 00:00,""
14/08/2018 00:00,""
15/08/2018 00:00,""
16/08/2018 00:00,""
17/08/2018 00:00,""
18/08/2018 00:00,""
19/08/2018 00:00,""
20/08/2018 00:00,""
21/08/2018 00:00,""
22/08/2018 00:00,""
23/08/2018 00:00,""
24/08/2018 00:00,""
25/08/2018 00:00,""
26/08/2018 00:00,""
27/08/2018 00:00,""
28/08/2018 00:00,""
29/08/2018 00:00,""
30/08/2018 00:00,""
31/08/2018 00:00,""
01/09/2018 00:00,""
02/09/2018 00:00,""
03/09/2018 00:00,""
04/09/2018 00:00,""
05/09/2018 00:00,""
06/09/2018 00:00,""
07/09/2018 00:00,""
08/09/2018 00:00,""
09/09/2018 00:00,""
10/09/2018 00:00,""
11/09/2018 00:00,""
12/09/2018 00:00,""
13/09/2018 00:00,""
14/09/2018 00:00,""
15/09/2018 00:00,""
16/09/2018 00:00,""
17/09/2018 00:00,""
18/09/2018 00:00,""
19/09/2018 00:00,""
20/09/2018 00:00,""
21/09/2018 00:00,""
22/09/2018 00:00,""
23/09/2018 00:00,""
24/09/2018 00:00,""
25/09/2018 00:00,""
26/09/2018 00:00,""
27/09/2018 00:00,""
28/09/2018 00:00,""
29/09/2018 00:00,""
30/09/2018 00:00,""
01/10/2018 00:00,""
02/10/2018 00:00,""
03/10/2018 00:00,""
04/10/2018 00:00,""
05/10/2018 00:00,""
06/10/2018 00:00,""
07/10/2018 00:00,""
08/10/2018 00:00,""
09/10/2018 00:00,""
10/10/2018 00:00,""
11/10/2018 00:00,""
12/10/2018 00:00,""
13/10/2018 00:00,""
