"Time","A4261209"
"and","Tide/Estuary Lev (m)"
"Date","Mean"
19/11/2009 00:00,""
20/11/2009 00:00,      -0.028
21/11/2009 00:00,      -0.023
22/11/2009 00:00,      -0.013
23/11/2009 00:00,      -0.013
24/11/2009 00:00,      -0.011
25/11/2009 00:00,      -0.015
26/11/2009 00:00,      -0.019
27/11/2009 00:00,      -0.009
28/11/2009 00:00,      -0.009
29/11/2009 00:00,       0.078
30/11/2009 00:00,       0.086
01/12/2009 00:00,       0.069
02/12/2009 00:00,       0.067
03/12/2009 00:00,       0.065
04/12/2009 00:00,       0.054
05/12/2009 00:00,       0.050
06/12/2009 00:00,       0.046
07/12/2009 00:00,       0.041
08/12/2009 00:00,       0.042
09/12/2009 00:00,       0.035
10/12/2009 00:00,       0.048
11/12/2009 00:00,       0.065
12/12/2009 00:00,       0.079
13/12/2009 00:00,       0.083
14/12/2009 00:00,       0.065
15/12/2009 00:00,       0.059
16/12/2009 00:00,       0.054
17/12/2009 00:00,       0.054
18/12/2009 00:00,       0.045
19/12/2009 00:00,       0.045
20/12/2009 00:00,       0.031
21/12/2009 00:00,       0.023
22/12/2009 00:00,       0.012
23/12/2009 00:00,       0.004
24/12/2009 00:00,       0.003
25/12/2009 00:00,      -0.013
26/12/2009 00:00,      -0.029
27/12/2009 00:00,      -0.039
28/12/2009 00:00,      -0.046
29/12/2009 00:00,      -0.057
30/12/2009 00:00,      -0.064
31/12/2009 00:00,      -0.074
01/01/2010 00:00,      -0.080
02/01/2010 00:00,      -0.093
03/01/2010 00:00,      -0.104
04/01/2010 00:00,      -0.113
05/01/2010 00:00,      -0.119
06/01/2010 00:00,      -0.131
07/01/2010 00:00,      -0.140
08/01/2010 00:00,      -0.145
09/01/2010 00:00,      -0.151
10/01/2010 00:00,      -0.155
11/01/2010 00:00,      -0.159
12/01/2010 00:00,      -0.155
13/01/2010 00:00,      -0.156
14/01/2010 00:00,      -0.164
15/01/2010 00:00,      -0.172
16/01/2010 00:00,      -0.174
17/01/2010 00:00,      -0.183
18/01/2010 00:00,      -0.193
19/01/2010 00:00,      -0.192
20/01/2010 00:00,      -0.192
21/01/2010 00:00,      -0.194
22/01/2010 00:00,      -0.197
23/01/2010 00:00,      -0.202
24/01/2010 00:00,      -0.208
25/01/2010 00:00,      -0.210
26/01/2010 00:00,      -0.218
27/01/2010 00:00,      -0.228
28/01/2010 00:00,      -0.239
29/01/2010 00:00,      -0.249
30/01/2010 00:00,      -0.256
31/01/2010 00:00,      -0.264
01/02/2010 00:00,      -0.282
02/02/2010 00:00,      -0.279
03/02/2010 00:00,      -0.277
04/02/2010 00:00,      -0.278
05/02/2010 00:00,      -0.295
06/02/2010 00:00,      -0.298
07/02/2010 00:00,      -0.296
08/02/2010 00:00,      -0.296
09/02/2010 00:00,      -0.300
10/02/2010 00:00,      -0.302
11/02/2010 00:00,      -0.303
12/02/2010 00:00,      -0.298
13/02/2010 00:00,      -0.308
14/02/2010 00:00,      -0.325
15/02/2010 00:00,      -0.330
16/02/2010 00:00,      -0.332
17/02/2010 00:00,      -0.340
18/02/2010 00:00,      -0.348
19/02/2010 00:00,      -0.347
20/02/2010 00:00,      -0.348
21/02/2010 00:00,      -0.352
22/02/2010 00:00,      -0.358
23/02/2010 00:00,      -0.365
24/02/2010 00:00,      -0.371
25/02/2010 00:00,      -0.373
26/02/2010 00:00,      -0.373
27/02/2010 00:00,      -0.396
28/02/2010 00:00,      -0.423
01/03/2010 00:00,      -0.431
02/03/2010 00:00,      -0.434
03/03/2010 00:00,      -0.430
04/03/2010 00:00,      -0.427
05/03/2010 00:00,      -0.427
06/03/2010 00:00,      -0.428
07/03/2010 00:00,      -0.433
08/03/2010 00:00,      -0.379
09/03/2010 00:00,      -0.357
10/03/2010 00:00,      -0.344
11/03/2010 00:00,      -0.342
12/03/2010 00:00,      -0.342
13/03/2010 00:00,      -0.339
14/03/2010 00:00,      -0.339
15/03/2010 00:00,      -0.338
16/03/2010 00:00,      -0.338
17/03/2010 00:00,      -0.341
18/03/2010 00:00,      -0.342
19/03/2010 00:00,      -0.341
20/03/2010 00:00,      -0.339
21/03/2010 00:00,      -0.338
22/03/2010 00:00,      -0.338
23/03/2010 00:00,      -0.336
24/03/2010 00:00,      -0.335
25/03/2010 00:00,      -0.333
26/03/2010 00:00,      -0.334
27/03/2010 00:00,      -0.334
28/03/2010 00:00,      -0.327
29/03/2010 00:00,      -0.316
30/03/2010 00:00,      -0.317
31/03/2010 00:00,      -0.316
01/04/2010 00:00,      -0.318
02/04/2010 00:00,      -0.325
03/04/2010 00:00,      -0.329
04/04/2010 00:00,      -0.326
05/04/2010 00:00,      -0.325
06/04/2010 00:00,      -0.299
07/04/2010 00:00,      -0.281
08/04/2010 00:00,      -0.276
09/04/2010 00:00,      -0.256
10/04/2010 00:00,      -0.237
11/04/2010 00:00,      -0.227
12/04/2010 00:00,      -0.207
13/04/2010 00:00,      -0.189
14/04/2010 00:00,      -0.179
15/04/2010 00:00,      -0.174
16/04/2010 00:00,      -0.173
17/04/2010 00:00,      -0.171
18/04/2010 00:00,      -0.164
19/04/2010 00:00,      -0.157
20/04/2010 00:00,      -0.148
21/04/2010 00:00,      -0.138
22/04/2010 00:00,      -0.129
23/04/2010 00:00,      -0.118
24/04/2010 00:00,      -0.095
25/04/2010 00:00,      -0.059
26/04/2010 00:00,      -0.032
27/04/2010 00:00,       0.001
28/04/2010 00:00,       0.019
29/04/2010 00:00,       0.062
30/04/2010 00:00,       0.085
01/05/2010 00:00,       0.100
02/05/2010 00:00,       0.114
03/05/2010 00:00,       0.110
04/05/2010 00:00,       0.125
05/05/2010 00:00,       0.164
06/05/2010 00:00,       0.207
07/05/2010 00:00,       0.243
08/05/2010 00:00,       0.281
09/05/2010 00:00,       0.293
10/05/2010 00:00,       0.295
11/05/2010 00:00,       0.331
12/05/2010 00:00,       0.328
13/05/2010 00:00,       0.328
14/05/2010 00:00,       0.311
15/05/2010 00:00,       0.294
16/05/2010 00:00,       0.278
17/05/2010 00:00,       0.270
18/05/2010 00:00,       0.267
19/05/2010 00:00,       0.262
20/05/2010 00:00,       0.252
21/05/2010 00:00,       0.241
22/05/2010 00:00,       0.226
23/05/2010 00:00,       0.209
24/05/2010 00:00,       0.204
25/05/2010 00:00,       0.196
26/05/2010 00:00,       0.195
27/05/2010 00:00,       0.212
28/05/2010 00:00,       0.230
29/05/2010 00:00,       0.252
30/05/2010 00:00,       0.240
31/05/2010 00:00,       0.208
01/06/2010 00:00,       0.214
02/06/2010 00:00,       0.217
03/06/2010 00:00,       0.218
04/06/2010 00:00,       0.216
05/06/2010 00:00,       0.215
06/06/2010 00:00,       0.194
07/06/2010 00:00,       0.186
08/06/2010 00:00,       0.183
09/06/2010 00:00,       0.202
10/06/2010 00:00,       0.204
11/06/2010 00:00,       0.226
12/06/2010 00:00,       0.235
13/06/2010 00:00,       0.243
14/06/2010 00:00,       0.241
15/06/2010 00:00,       0.233
16/06/2010 00:00,       0.227
17/06/2010 00:00,       0.247
18/06/2010 00:00,       0.305
19/06/2010 00:00,       0.366
20/06/2010 00:00,       0.399
21/06/2010 00:00,       0.389
22/06/2010 00:00,       0.365
23/06/2010 00:00,       0.339
24/06/2010 00:00,       0.319
25/06/2010 00:00,       0.323
26/06/2010 00:00,       0.311
27/06/2010 00:00,       0.307
28/06/2010 00:00,       0.305
29/06/2010 00:00,       0.365
30/06/2010 00:00,       0.394
01/07/2010 00:00,       0.385
02/07/2010 00:00,       0.369
03/07/2010 00:00,       0.356
04/07/2010 00:00,       0.337
05/07/2010 00:00,       0.319
06/07/2010 00:00,       0.309
07/07/2010 00:00,       0.316
08/07/2010 00:00,       0.307
09/07/2010 00:00,       0.295
10/07/2010 00:00,       0.282
11/07/2010 00:00,       0.317
12/07/2010 00:00,       0.354
13/07/2010 00:00,       0.379
14/07/2010 00:00,       0.439
15/07/2010 00:00,       0.491
16/07/2010 00:00,       0.486
17/07/2010 00:00,       0.470
18/07/2010 00:00,       0.475
19/07/2010 00:00,       0.465
20/07/2010 00:00,       0.469
21/07/2010 00:00,       0.442
22/07/2010 00:00,       0.416
23/07/2010 00:00,       0.390
24/07/2010 00:00,       0.365
25/07/2010 00:00,       0.345
26/07/2010 00:00,       0.327
27/07/2010 00:00,       0.302
28/07/2010 00:00,       0.281
29/07/2010 00:00,       0.265
30/07/2010 00:00,       0.256
31/07/2010 00:00,       0.282
01/08/2010 00:00,       0.352
02/08/2010 00:00,       0.352
03/08/2010 00:00,       0.340
04/08/2010 00:00,       0.347
05/08/2010 00:00,       0.328
06/08/2010 00:00,       0.313
07/08/2010 00:00,       0.302
08/08/2010 00:00,       0.301
09/08/2010 00:00,       0.305
10/08/2010 00:00,       0.289
11/08/2010 00:00,       0.265
12/08/2010 00:00,       0.240
13/08/2010 00:00,       0.242
14/08/2010 00:00,       0.247
15/08/2010 00:00,       0.297
16/08/2010 00:00,       0.349
17/08/2010 00:00,       0.370
18/08/2010 00:00,       0.374
19/08/2010 00:00,       0.424
20/08/2010 00:00,       0.510
21/08/2010 00:00,       0.570
22/08/2010 00:00,       0.568
23/08/2010 00:00,       0.551
24/08/2010 00:00,       0.570
25/08/2010 00:00,       0.635
26/08/2010 00:00,       0.710
27/08/2010 00:00,       0.716
28/08/2010 00:00,       0.665
29/08/2010 00:00,       0.616
30/08/2010 00:00,       0.572
31/08/2010 00:00,       0.531
01/09/2010 00:00,       0.514
02/09/2010 00:00,       0.473
03/09/2010 00:00,       0.429
04/09/2010 00:00,       0.413
05/09/2010 00:00,       0.417
06/09/2010 00:00,       0.417
07/09/2010 00:00,       0.393
08/09/2010 00:00,       0.376
09/09/2010 00:00,       0.379
10/09/2010 00:00,       0.398
11/09/2010 00:00,       0.418
12/09/2010 00:00,       0.427
13/09/2010 00:00,       0.433
14/09/2010 00:00,       0.399
15/09/2010 00:00,       0.390
16/09/2010 00:00,       0.394
17/09/2010 00:00,       0.369
18/09/2010 00:00,       0.348
19/09/2010 00:00,       0.326
20/09/2010 00:00,       0.301
21/09/2010 00:00,       0.282
22/09/2010 00:00,       0.256
23/09/2010 00:00,       0.238
24/09/2010 00:00,       0.225
25/09/2010 00:00,       0.222
26/09/2010 00:00,       0.223
27/09/2010 00:00,       0.232
28/09/2010 00:00,       0.258
29/09/2010 00:00,       0.258
30/09/2010 00:00,       0.258
01/10/2010 00:00,       0.255
02/10/2010 00:00,       0.240
03/10/2010 00:00,       0.226
04/10/2010 00:00,       0.227
05/10/2010 00:00,       0.222
06/10/2010 00:00,       0.214
07/10/2010 00:00,       0.212
08/10/2010 00:00,       0.217
09/10/2010 00:00,       0.214
10/10/2010 00:00,       0.204
11/10/2010 00:00,       0.197
12/10/2010 00:00,       0.205
13/10/2010 00:00,       0.196
14/10/2010 00:00,       0.199
15/10/2010 00:00,       0.217
16/10/2010 00:00,       0.193
17/10/2010 00:00,       0.219
18/10/2010 00:00,       0.261
19/10/2010 00:00,       0.290
20/10/2010 00:00,       0.297
21/10/2010 00:00,       0.309
22/10/2010 00:00,       0.332
23/10/2010 00:00,       0.356
24/10/2010 00:00,       0.357
25/10/2010 00:00,       0.362
26/10/2010 00:00,       0.390
27/10/2010 00:00,       0.413
28/10/2010 00:00,       0.408
29/10/2010 00:00,       0.443
30/10/2010 00:00,       0.444
31/10/2010 00:00,       0.378
01/11/2010 00:00,       0.377
02/11/2010 00:00,       0.413
03/11/2010 00:00,       0.409
04/11/2010 00:00,       0.375
05/11/2010 00:00,       0.343
06/11/2010 00:00,       0.349
07/11/2010 00:00,       0.382
08/11/2010 00:00,       0.415
09/11/2010 00:00,       0.429
10/11/2010 00:00,       0.443
11/11/2010 00:00,       0.437
12/11/2010 00:00,       0.440
13/11/2010 00:00,       0.433
14/11/2010 00:00,       0.400
15/11/2010 00:00,       0.390
16/11/2010 00:00,       0.381
17/11/2010 00:00,       0.380
18/11/2010 00:00,       0.398
19/11/2010 00:00,       0.362
20/11/2010 00:00,       0.336
21/11/2010 00:00,       0.321
22/11/2010 00:00,       0.323
23/11/2010 00:00,       0.337
24/11/2010 00:00,       0.371
25/11/2010 00:00,       0.397
26/11/2010 00:00,       0.377
27/11/2010 00:00,       0.366
28/11/2010 00:00,       0.331
29/11/2010 00:00,       0.280
30/11/2010 00:00,       0.228
01/12/2010 00:00,       0.216
02/12/2010 00:00,       0.235
03/12/2010 00:00,       0.269
04/12/2010 00:00,       0.301
05/12/2010 00:00,       0.342
06/12/2010 00:00,       0.379
07/12/2010 00:00,       0.442
08/12/2010 00:00,       0.538
09/12/2010 00:00,       0.592
10/12/2010 00:00,       0.640
11/12/2010 00:00,       0.705
12/12/2010 00:00,       0.803
13/12/2010 00:00,       0.773
14/12/2010 00:00,       0.744
15/12/2010 00:00,       0.767
16/12/2010 00:00,       0.749
17/12/2010 00:00,       0.771
18/12/2010 00:00,       0.807
19/12/2010 00:00,       0.838
20/12/2010 00:00,       0.805
21/12/2010 00:00,       0.772
22/12/2010 00:00,       0.731
23/12/2010 00:00,       0.687
24/12/2010 00:00,       0.635
25/12/2010 00:00,       0.646
26/12/2010 00:00,       0.620
27/12/2010 00:00,       0.551
28/12/2010 00:00,       0.512
29/12/2010 00:00,       0.544
30/12/2010 00:00,       0.513
31/12/2010 00:00,       0.524
01/01/2011 00:00,       0.543
02/01/2011 00:00,       0.508
03/01/2011 00:00,       0.444
04/01/2011 00:00,       0.400
05/01/2011 00:00,       0.379
06/01/2011 00:00,       0.360
07/01/2011 00:00,       0.401
08/01/2011 00:00,       0.414
09/01/2011 00:00,       0.367
10/01/2011 00:00,       0.330
11/01/2011 00:00,       0.312
12/01/2011 00:00,       0.314
13/01/2011 00:00,       0.351
14/01/2011 00:00,       0.382
15/01/2011 00:00,       0.415
16/01/2011 00:00,       0.429
17/01/2011 00:00,       0.428
18/01/2011 00:00,       0.421
19/01/2011 00:00,       0.416
20/01/2011 00:00,       0.417
21/01/2011 00:00,       0.434
22/01/2011 00:00,       0.376
23/01/2011 00:00,       0.355
24/01/2011 00:00,       0.370
25/01/2011 00:00,       0.367
26/01/2011 00:00,       0.358
27/01/2011 00:00,       0.359
28/01/2011 00:00,       0.358
29/01/2011 00:00,       0.357
30/01/2011 00:00,       0.383
31/01/2011 00:00,       0.410
01/02/2011 00:00,       0.430
02/02/2011 00:00,       0.392
03/02/2011 00:00,       0.369
04/02/2011 00:00,       0.369
05/02/2011 00:00,       0.379
06/02/2011 00:00,       0.368
07/02/2011 00:00,       0.327
08/02/2011 00:00,       0.298
09/02/2011 00:00,       0.278
10/02/2011 00:00,       0.290
11/02/2011 00:00,       0.321
12/02/2011 00:00,       0.297
13/02/2011 00:00,       0.261
14/02/2011 00:00,       0.235
15/02/2011 00:00,       0.224
16/02/2011 00:00,       0.218
17/02/2011 00:00,       0.211
18/02/2011 00:00,       0.226
19/02/2011 00:00,       0.280
20/02/2011 00:00,       0.315
21/02/2011 00:00,       0.318
22/02/2011 00:00,       0.296
23/02/2011 00:00,       0.284
24/02/2011 00:00,       0.314
25/02/2011 00:00,       0.358
26/02/2011 00:00,       0.405
27/02/2011 00:00,       0.425
28/02/2011 00:00,       0.387
01/03/2011 00:00,       0.370
02/03/2011 00:00,       0.348
03/03/2011 00:00,       0.374
04/03/2011 00:00,       0.390
05/03/2011 00:00,       0.368
06/03/2011 00:00,       0.375
07/03/2011 00:00,       0.412
08/03/2011 00:00,       0.463
09/03/2011 00:00,       0.468
10/03/2011 00:00,       0.422
11/03/2011 00:00,       0.386
12/03/2011 00:00,       0.417
13/03/2011 00:00,       0.454
14/03/2011 00:00,       0.410
15/03/2011 00:00,       0.404
16/03/2011 00:00,       0.377
17/03/2011 00:00,       0.336
18/03/2011 00:00,       0.308
19/03/2011 00:00,       0.301
20/03/2011 00:00,       0.319
21/03/2011 00:00,       0.331
22/03/2011 00:00,       0.335
23/03/2011 00:00,       0.387
24/03/2011 00:00,       0.462
25/03/2011 00:00,       0.481
26/03/2011 00:00,       0.448
27/03/2011 00:00,       0.425
28/03/2011 00:00,       0.432
29/03/2011 00:00,       0.471
30/03/2011 00:00,       0.501
31/03/2011 00:00,       0.489
01/04/2011 00:00,       0.482
02/04/2011 00:00,       0.483
03/04/2011 00:00,       0.470
04/04/2011 00:00,       0.449
05/04/2011 00:00,       0.432
06/04/2011 00:00,       0.452
07/04/2011 00:00,       0.482
08/04/2011 00:00,       0.513
09/04/2011 00:00,       0.564
10/04/2011 00:00,       0.598
11/04/2011 00:00,       0.547
12/04/2011 00:00,       0.520
13/04/2011 00:00,       0.557
14/04/2011 00:00,       0.571
15/04/2011 00:00,       0.553
16/04/2011 00:00,       0.525
17/04/2011 00:00,       0.496
18/04/2011 00:00,       0.526
19/04/2011 00:00,       0.572
20/04/2011 00:00,       0.587
21/04/2011 00:00,       0.593
22/04/2011 00:00,       0.650
23/04/2011 00:00,       0.670
24/04/2011 00:00,       0.696
25/04/2011 00:00,       0.688
26/04/2011 00:00,       0.661
27/04/2011 00:00,       0.635
28/04/2011 00:00,       0.634
29/04/2011 00:00,       0.654
30/04/2011 00:00,       0.649
01/05/2011 00:00,       0.646
02/05/2011 00:00,       0.610
03/05/2011 00:00,       0.600
04/05/2011 00:00,       0.604
05/05/2011 00:00,       0.589
06/05/2011 00:00,       0.579
07/05/2011 00:00,       0.589
08/05/2011 00:00,       0.599
09/05/2011 00:00,       0.568
10/05/2011 00:00,       0.552
11/05/2011 00:00,       0.571
12/05/2011 00:00,       0.584
13/05/2011 00:00,       0.613
14/05/2011 00:00,       0.576
15/05/2011 00:00,       0.567
16/05/2011 00:00,       0.597
17/05/2011 00:00,       0.612
18/05/2011 00:00,       0.628
19/05/2011 00:00,       0.638
20/05/2011 00:00,       0.629
21/05/2011 00:00,       0.631
22/05/2011 00:00,       0.654
23/05/2011 00:00,       0.669
24/05/2011 00:00,       0.621
25/05/2011 00:00,       0.565
26/05/2011 00:00,       0.564
27/05/2011 00:00,       0.569
28/05/2011 00:00,       0.568
29/05/2011 00:00,       0.564
30/05/2011 00:00,       0.531
31/05/2011 00:00,       0.498
01/06/2011 00:00,       0.475
02/06/2011 00:00,       0.459
03/06/2011 00:00,       0.468
04/06/2011 00:00,       0.489
05/06/2011 00:00,       0.509
06/06/2011 00:00,       0.522
07/06/2011 00:00,       0.532
08/06/2011 00:00,       0.487
09/06/2011 00:00,       0.443
10/06/2011 00:00,       0.403
11/06/2011 00:00,       0.368
12/06/2011 00:00,       0.335
13/06/2011 00:00,       0.300
14/06/2011 00:00,       0.280
15/06/2011 00:00,       0.262
16/06/2011 00:00,       0.249
17/06/2011 00:00,       0.272
18/06/2011 00:00,       0.313
19/06/2011 00:00,       0.355
20/06/2011 00:00,       0.402
21/06/2011 00:00,       0.549
22/06/2011 00:00,       0.654
23/06/2011 00:00,       0.711
24/06/2011 00:00,       0.701
25/06/2011 00:00,       0.653
26/06/2011 00:00,       0.632
27/06/2011 00:00,       0.603
28/06/2011 00:00,       0.561
29/06/2011 00:00,       0.520
30/06/2011 00:00,       0.485
01/07/2011 00:00,       0.457
02/07/2011 00:00,       0.457
03/07/2011 00:00,       0.472
04/07/2011 00:00,       0.514
05/07/2011 00:00,       0.658
06/07/2011 00:00,       0.765
07/07/2011 00:00,       0.782
08/07/2011 00:00,       0.729
09/07/2011 00:00,       0.698
10/07/2011 00:00,       0.704
11/07/2011 00:00,       0.680
12/07/2011 00:00,       0.643
13/07/2011 00:00,       0.644
14/07/2011 00:00,       0.597
15/07/2011 00:00,       0.553
16/07/2011 00:00,       0.516
17/07/2011 00:00,       0.507
18/07/2011 00:00,       0.515
19/07/2011 00:00,       0.489
20/07/2011 00:00,       0.459
21/07/2011 00:00,       0.430
22/07/2011 00:00,       0.411
23/07/2011 00:00,       0.402
24/07/2011 00:00,       0.408
25/07/2011 00:00,       0.445
26/07/2011 00:00,       0.440
27/07/2011 00:00,       0.420
28/07/2011 00:00,       0.412
29/07/2011 00:00,       0.406
30/07/2011 00:00,       0.425
31/07/2011 00:00,       0.444
01/08/2011 00:00,       0.464
02/08/2011 00:00,       0.494
03/08/2011 00:00,       0.538
04/08/2011 00:00,       0.584
05/08/2011 00:00,       0.649
06/08/2011 00:00,       0.692
07/08/2011 00:00,       0.685
08/08/2011 00:00,       0.661
09/08/2011 00:00,       0.624
10/08/2011 00:00,       0.634
11/08/2011 00:00,       0.589
12/08/2011 00:00,       0.544
13/08/2011 00:00,       0.545
14/08/2011 00:00,       0.541
15/08/2011 00:00,       0.565
16/08/2011 00:00,       0.586
17/08/2011 00:00,       0.634
18/08/2011 00:00,       0.728
19/08/2011 00:00,       0.709
20/08/2011 00:00,       0.651
21/08/2011 00:00,       0.616
22/08/2011 00:00,       0.594
23/08/2011 00:00,       0.578
24/08/2011 00:00,       0.571
25/08/2011 00:00,       0.575
26/08/2011 00:00,       0.561
27/08/2011 00:00,       0.549
28/08/2011 00:00,       0.563
29/08/2011 00:00,       0.586
30/08/2011 00:00,       0.554
31/08/2011 00:00,       0.540
01/09/2011 00:00,       0.516
02/09/2011 00:00,       0.491
03/09/2011 00:00,       0.491
04/09/2011 00:00,       0.519
05/09/2011 00:00,       0.523
06/09/2011 00:00,       0.566
07/09/2011 00:00,       0.603
08/09/2011 00:00,       0.582
09/09/2011 00:00,       0.550
10/09/2011 00:00,       0.498
11/09/2011 00:00,       0.471
12/09/2011 00:00,       0.434
13/09/2011 00:00,       0.428
14/09/2011 00:00,       0.461
15/09/2011 00:00,       0.465
16/09/2011 00:00,       0.473
17/09/2011 00:00,       0.472
18/09/2011 00:00,       0.483
19/09/2011 00:00,       0.467
20/09/2011 00:00,       0.529
21/09/2011 00:00,       0.582
22/09/2011 00:00,       0.595
23/09/2011 00:00,       0.625
24/09/2011 00:00,       0.581
25/09/2011 00:00,       0.533
26/09/2011 00:00,       0.493
27/09/2011 00:00,       0.468
28/09/2011 00:00,       0.460
29/09/2011 00:00,       0.499
30/09/2011 00:00,       0.553
01/10/2011 00:00,       0.556
02/10/2011 00:00,       0.493
03/10/2011 00:00,       0.456
04/10/2011 00:00,       0.427
05/10/2011 00:00,       0.417
06/10/2011 00:00,       0.403
07/10/2011 00:00,       0.396
08/10/2011 00:00,       0.390
09/10/2011 00:00,       0.383
10/10/2011 00:00,       0.364
11/10/2011 00:00,       0.373
12/10/2011 00:00,       0.358
13/10/2011 00:00,       0.337
14/10/2011 00:00,       0.322
15/10/2011 00:00,       0.325
16/10/2011 00:00,       0.348
17/10/2011 00:00,       0.343
18/10/2011 00:00,       0.332
19/10/2011 00:00,       0.324
20/10/2011 00:00,       0.319
21/10/2011 00:00,       0.308
22/10/2011 00:00,       0.288
23/10/2011 00:00,       0.274
24/10/2011 00:00,       0.255
25/10/2011 00:00,       0.212
26/10/2011 00:00,       0.185
27/10/2011 00:00,       0.178
28/10/2011 00:00,       0.172
29/10/2011 00:00,       0.174
30/10/2011 00:00,       0.152
31/10/2011 00:00,       0.132
01/11/2011 00:00,       0.120
02/11/2011 00:00,       0.113
03/11/2011 00:00,       0.106
04/11/2011 00:00,       0.094
05/11/2011 00:00,       0.086
06/11/2011 00:00,       0.085
07/11/2011 00:00,       0.079
08/11/2011 00:00,       0.085
09/11/2011 00:00,       0.082
10/11/2011 00:00,       0.084
11/11/2011 00:00,       0.101
12/11/2011 00:00,       0.117
13/11/2011 00:00,       0.123
14/11/2011 00:00,       0.124
15/11/2011 00:00,       0.135
16/11/2011 00:00,       0.132
17/11/2011 00:00,       0.116
18/11/2011 00:00,       0.114
19/11/2011 00:00,       0.119
20/11/2011 00:00,       0.112
21/11/2011 00:00,       0.113
22/11/2011 00:00,       0.120
23/11/2011 00:00,       0.105
24/11/2011 00:00,       0.080
25/11/2011 00:00,       0.069
26/11/2011 00:00,       0.069
27/11/2011 00:00,       0.064
28/11/2011 00:00,       0.064
29/11/2011 00:00,       0.066
30/11/2011 00:00,       0.076
01/12/2011 00:00,       0.084
02/12/2011 00:00,       0.072
03/12/2011 00:00,       0.054
04/12/2011 00:00,       0.030
05/12/2011 00:00,       0.010
06/12/2011 00:00,       0.003
07/12/2011 00:00,      -0.004
08/12/2011 00:00,      -0.010
09/12/2011 00:00,      -0.012
10/12/2011 00:00,      -0.013
11/12/2011 00:00,      -0.015
12/12/2011 00:00,      -0.024
13/12/2011 00:00,      -0.029
14/12/2011 00:00,      -0.044
15/12/2011 00:00,      -0.056
16/12/2011 00:00,      -0.067
17/12/2011 00:00,      -0.070
18/12/2011 00:00,      -0.071
19/12/2011 00:00,      -0.063
20/12/2011 00:00,      -0.059
21/12/2011 00:00,      -0.065
22/12/2011 00:00,      -0.070
23/12/2011 00:00,      -0.076
24/12/2011 00:00,      -0.080
25/12/2011 00:00,      -0.084
26/12/2011 00:00,      -0.091
27/12/2011 00:00,      -0.098
28/12/2011 00:00,      -0.104
29/12/2011 00:00,      -0.115
30/12/2011 00:00,      -0.119
31/12/2011 00:00,      -0.123
01/01/2012 00:00,      -0.127
02/01/2012 00:00,      -0.134
03/01/2012 00:00,      -0.129
04/01/2012 00:00,      -0.132
05/01/2012 00:00,      -0.145
06/01/2012 00:00,      -0.153
07/01/2012 00:00,      -0.157
08/01/2012 00:00,      -0.152
09/01/2012 00:00,      -0.134
10/01/2012 00:00,      -0.086
11/01/2012 00:00,      -0.047
12/01/2012 00:00,      -0.027
13/01/2012 00:00,      -0.027
14/01/2012 00:00,      -0.043
15/01/2012 00:00,      -0.060
16/01/2012 00:00,      -0.065
17/01/2012 00:00,      -0.073
18/01/2012 00:00,      -0.071
19/01/2012 00:00,      -0.088
20/01/2012 00:00,      -0.103
21/01/2012 00:00,      -0.118
22/01/2012 00:00,      -0.121
23/01/2012 00:00,      -0.124
24/01/2012 00:00,      -0.128
25/01/2012 00:00,      -0.140
26/01/2012 00:00,      -0.165
27/01/2012 00:00,      -0.174
28/01/2012 00:00,      -0.173
29/01/2012 00:00,      -0.173
30/01/2012 00:00,      -0.182
31/01/2012 00:00,      -0.198
01/02/2012 00:00,      -0.212
02/02/2012 00:00,      -0.218
03/02/2012 00:00,      -0.217
04/02/2012 00:00,      -0.216
05/02/2012 00:00,      -0.210
06/02/2012 00:00,      -0.195
07/02/2012 00:00,      -0.158
08/02/2012 00:00,      -0.131
09/02/2012 00:00,      -0.117
10/02/2012 00:00,      -0.116
11/02/2012 00:00,      -0.133
12/02/2012 00:00,      -0.139
13/02/2012 00:00,      -0.146
14/02/2012 00:00,      -0.148
15/02/2012 00:00,      -0.149
16/02/2012 00:00,      -0.146
17/02/2012 00:00,      -0.145
18/02/2012 00:00,      -0.143
19/02/2012 00:00,      -0.136
20/02/2012 00:00,""
21/02/2012 00:00,      -0.147
22/02/2012 00:00,      -0.151
23/02/2012 00:00,      -0.148
24/02/2012 00:00,      -0.147
25/02/2012 00:00,      -0.143
26/02/2012 00:00,      -0.136
27/02/2012 00:00,      -0.115
28/02/2012 00:00,      -0.120
29/02/2012 00:00,      -0.129
01/03/2012 00:00,      -0.136
02/03/2012 00:00,      -0.153
03/03/2012 00:00,      -0.144
04/03/2012 00:00,      -0.140
05/03/2012 00:00,      -0.118
06/03/2012 00:00,      -0.101
07/03/2012 00:00,      -0.108
08/03/2012 00:00,      -0.105
09/03/2012 00:00,      -0.100
10/03/2012 00:00,      -0.091
11/03/2012 00:00,      -0.089
12/03/2012 00:00,      -0.084
13/03/2012 00:00,      -0.071
14/03/2012 00:00,      -0.054
15/03/2012 00:00,      -0.016
16/03/2012 00:00,       0.039
17/03/2012 00:00,       0.073
18/03/2012 00:00,       0.067
19/03/2012 00:00,       0.066
20/03/2012 00:00,       0.071
21/03/2012 00:00,       0.108
22/03/2012 00:00,       0.118
23/03/2012 00:00,       0.154
24/03/2012 00:00,       0.197
25/03/2012 00:00,       0.233
26/03/2012 00:00,       0.236
27/03/2012 00:00,       0.227
28/03/2012 00:00,       0.235
29/03/2012 00:00,       0.272
30/03/2012 00:00,       0.306
31/03/2012 00:00,       0.351
01/04/2012 00:00,       0.390
02/04/2012 00:00,       0.410
03/04/2012 00:00,       0.462
04/04/2012 00:00,       0.497
05/04/2012 00:00,       0.532
06/04/2012 00:00,       0.552
07/04/2012 00:00,       0.587
08/04/2012 00:00,       0.594
09/04/2012 00:00,       0.612
10/04/2012 00:00,       0.549
11/04/2012 00:00,       0.506
12/04/2012 00:00,       0.505
13/04/2012 00:00,       0.533
14/04/2012 00:00,       0.555
15/04/2012 00:00,       0.577
16/04/2012 00:00,       0.559
17/04/2012 00:00,       0.526
18/04/2012 00:00,       0.511
19/04/2012 00:00,       0.520
20/04/2012 00:00,       0.528
21/04/2012 00:00,       0.525
22/04/2012 00:00,       0.569
23/04/2012 00:00,       0.654
24/04/2012 00:00,       0.655
25/04/2012 00:00,       0.596
26/04/2012 00:00,       0.602
27/04/2012 00:00,       0.621
28/04/2012 00:00,       0.640
29/04/2012 00:00,       0.628
30/04/2012 00:00,       0.612
01/05/2012 00:00,       0.641
02/05/2012 00:00,       0.609
03/05/2012 00:00,       0.565
04/05/2012 00:00,       0.559
05/05/2012 00:00,       0.565
06/05/2012 00:00,       0.575
07/05/2012 00:00,       0.613
08/05/2012 00:00,       0.657
09/05/2012 00:00,       0.694
10/05/2012 00:00,       0.718
11/05/2012 00:00,       0.736
12/05/2012 00:00,       0.703
13/05/2012 00:00,       0.684
14/05/2012 00:00,       0.640
15/05/2012 00:00,       0.624
16/05/2012 00:00,       0.619
17/05/2012 00:00,       0.634
18/05/2012 00:00,       0.658
19/05/2012 00:00,       0.660
20/05/2012 00:00,       0.625
21/05/2012 00:00,       0.637
22/05/2012 00:00,       0.695
23/05/2012 00:00,       0.761
24/05/2012 00:00,       0.784
25/05/2012 00:00,       0.689
26/05/2012 00:00,       0.726
27/05/2012 00:00,       0.714
28/05/2012 00:00,       0.692
29/05/2012 00:00,       0.696
30/05/2012 00:00,       0.675
31/05/2012 00:00,       0.665
01/06/2012 00:00,       0.658
02/06/2012 00:00,       0.637
03/06/2012 00:00,       0.585
04/06/2012 00:00,       0.568
05/06/2012 00:00,       0.486
06/06/2012 00:00,       0.413
07/06/2012 00:00,       0.405
08/06/2012 00:00,       0.430
09/06/2012 00:00,       0.455
10/06/2012 00:00,       0.466
11/06/2012 00:00,       0.465
12/06/2012 00:00,       0.484
13/06/2012 00:00,       0.517
14/06/2012 00:00,       0.541
15/06/2012 00:00,       0.602
16/06/2012 00:00,       0.645
17/06/2012 00:00,       0.680
18/06/2012 00:00,       0.668
19/06/2012 00:00,       0.656
20/06/2012 00:00,       0.641
21/06/2012 00:00,       0.688
22/06/2012 00:00,       0.673
23/06/2012 00:00,       0.640
24/06/2012 00:00,       0.659
25/06/2012 00:00,       0.646
26/06/2012 00:00,       0.601
27/06/2012 00:00,       0.553
28/06/2012 00:00,       0.517
29/06/2012 00:00,       0.528
30/06/2012 00:00,       0.615
01/07/2012 00:00,       0.644
02/07/2012 00:00,       0.597
03/07/2012 00:00,       0.563
04/07/2012 00:00,       0.536
05/07/2012 00:00,       0.493
06/07/2012 00:00,       0.456
07/07/2012 00:00,       0.424
08/07/2012 00:00,       0.398
09/07/2012 00:00,       0.374
10/07/2012 00:00,       0.364
11/07/2012 00:00,       0.364
12/07/2012 00:00,       0.363
13/07/2012 00:00,       0.369
14/07/2012 00:00,       0.407
15/07/2012 00:00,       0.438
16/07/2012 00:00,       0.494
17/07/2012 00:00,       0.526
18/07/2012 00:00,       0.576
19/07/2012 00:00,       0.601
20/07/2012 00:00,       0.639
21/07/2012 00:00,       0.614
22/07/2012 00:00,       0.584
23/07/2012 00:00,       0.549
24/07/2012 00:00,       0.513
25/07/2012 00:00,       0.491
26/07/2012 00:00,       0.600
27/07/2012 00:00,       0.645
28/07/2012 00:00,       0.620
29/07/2012 00:00,       0.583
30/07/2012 00:00,       0.552
31/07/2012 00:00,       0.521
01/08/2012 00:00,       0.504
02/08/2012 00:00,       0.508
03/08/2012 00:00,       0.533
04/08/2012 00:00,       0.579
05/08/2012 00:00,       0.641
06/08/2012 00:00,       0.702
07/08/2012 00:00,       0.722
08/08/2012 00:00,       0.773
09/08/2012 00:00,       0.766
10/08/2012 00:00,       0.692
11/08/2012 00:00,       0.637
12/08/2012 00:00,       0.591
13/08/2012 00:00,       0.588
14/08/2012 00:00,       0.626
15/08/2012 00:00,       0.641
16/08/2012 00:00,       0.682
17/08/2012 00:00,       0.769
18/08/2012 00:00,       0.706
19/08/2012 00:00,       0.679
20/08/2012 00:00,       0.700
21/08/2012 00:00,       0.731
22/08/2012 00:00,       0.743
23/08/2012 00:00,       0.786
24/08/2012 00:00,       0.907
25/08/2012 00:00,       0.943
26/08/2012 00:00,       0.910
27/08/2012 00:00,       0.864
28/08/2012 00:00,       0.844
29/08/2012 00:00,       0.861
30/08/2012 00:00,       0.896
31/08/2012 00:00,       0.823
01/09/2012 00:00,       0.771
02/09/2012 00:00,       0.757
03/09/2012 00:00,       0.738
04/09/2012 00:00,       0.714
05/09/2012 00:00,       0.733
06/09/2012 00:00,       0.899
07/09/2012 00:00,       1.007
08/09/2012 00:00,       0.984
09/09/2012 00:00,       0.896
10/09/2012 00:00,       0.827
11/09/2012 00:00,       0.781
12/09/2012 00:00,       0.765
13/09/2012 00:00,       0.741
14/09/2012 00:00,       0.724
15/09/2012 00:00,       0.703
16/09/2012 00:00,       0.675
17/09/2012 00:00,       0.636
18/09/2012 00:00,       0.602
19/09/2012 00:00,       0.562
20/09/2012 00:00,       0.559
21/09/2012 00:00,       0.597
22/09/2012 00:00,       0.578
23/09/2012 00:00,       0.616
24/09/2012 00:00,       0.616
25/09/2012 00:00,       0.588
26/09/2012 00:00,       0.592
27/09/2012 00:00,       0.604
28/09/2012 00:00,       0.601
29/09/2012 00:00,       0.692
30/09/2012 00:00,       0.682
01/10/2012 00:00,       0.636
02/10/2012 00:00,       0.602
03/10/2012 00:00,       0.595
04/10/2012 00:00,       0.603
05/10/2012 00:00,       0.585
06/10/2012 00:00,       0.540
07/10/2012 00:00,       0.492
08/10/2012 00:00,       0.468
09/10/2012 00:00,       0.434
10/10/2012 00:00,       0.429
11/10/2012 00:00,       0.421
12/10/2012 00:00,       0.366
13/10/2012 00:00,       0.363
14/10/2012 00:00,       0.367
15/10/2012 00:00,       0.384
16/10/2012 00:00,       0.398
17/10/2012 00:00,       0.401
18/10/2012 00:00,       0.379
19/10/2012 00:00,       0.384
20/10/2012 00:00,       0.379
21/10/2012 00:00,       0.367
22/10/2012 00:00,       0.340
23/10/2012 00:00,       0.328
24/10/2012 00:00,       0.331
25/10/2012 00:00,       0.335
26/10/2012 00:00,       0.330
27/10/2012 00:00,       0.316
28/10/2012 00:00,       0.295
29/10/2012 00:00,       0.277
30/10/2012 00:00,       0.274
31/10/2012 00:00,       0.274
01/11/2012 00:00,       0.271
02/11/2012 00:00,       0.242
03/11/2012 00:00,       0.221
04/11/2012 00:00,       0.210
05/11/2012 00:00,       0.199
06/11/2012 00:00,       0.223
07/11/2012 00:00,       0.241
08/11/2012 00:00,       0.255
09/11/2012 00:00,       0.267
10/11/2012 00:00,       0.252
11/11/2012 00:00,       0.234
12/11/2012 00:00,       0.231
13/11/2012 00:00,       0.207
14/11/2012 00:00,       0.183
15/11/2012 00:00,       0.164
16/11/2012 00:00,       0.138
17/11/2012 00:00,       0.118
18/11/2012 00:00,       0.106
19/11/2012 00:00,       0.088
20/11/2012 00:00,       0.074
21/11/2012 00:00,       0.077
22/11/2012 00:00,       0.066
23/11/2012 00:00,       0.056
24/11/2012 00:00,       0.053
25/11/2012 00:00,       0.047
26/11/2012 00:00,       0.031
27/11/2012 00:00,       0.018
28/11/2012 00:00,       0.007
29/11/2012 00:00,       0.001
30/11/2012 00:00,       0.005
01/12/2012 00:00,       0.003
02/12/2012 00:00,       0.009
03/12/2012 00:00,       0.023
04/12/2012 00:00,       0.048
05/12/2012 00:00,       0.069
06/12/2012 00:00,       0.096
07/12/2012 00:00,       0.107
08/12/2012 00:00,       0.113
09/12/2012 00:00,       0.100
10/12/2012 00:00,       0.063
11/12/2012 00:00,       0.043
12/12/2012 00:00,       0.036
13/12/2012 00:00,       0.033
14/12/2012 00:00,       0.034
15/12/2012 00:00,       0.048
16/12/2012 00:00,       0.065
17/12/2012 00:00,       0.090
18/12/2012 00:00,       0.119
19/12/2012 00:00,       0.142
20/12/2012 00:00,       0.164
21/12/2012 00:00,       0.175
22/12/2012 00:00,       0.167
23/12/2012 00:00,       0.168
24/12/2012 00:00,       0.176
25/12/2012 00:00,       0.148
26/12/2012 00:00,       0.117
27/12/2012 00:00,       0.108
28/12/2012 00:00,       0.095
29/12/2012 00:00,       0.078
30/12/2012 00:00,       0.062
31/12/2012 00:00,       0.043
01/01/2013 00:00,       0.034
02/01/2013 00:00,       0.022
03/01/2013 00:00,       0.013
04/01/2013 00:00,       0.009
05/01/2013 00:00,      -0.004
06/01/2013 00:00,      -0.035
07/01/2013 00:00,      -0.046
08/01/2013 00:00,      -0.051
09/01/2013 00:00,      -0.060
10/01/2013 00:00,      -0.066
11/01/2013 00:00,      -0.061
12/01/2013 00:00,      -0.061
13/01/2013 00:00,      -0.064
14/01/2013 00:00,      -0.069
15/01/2013 00:00,      -0.073
16/01/2013 00:00,      -0.076
17/01/2013 00:00,      -0.080
18/01/2013 00:00,      -0.081
19/01/2013 00:00,      -0.091
20/01/2013 00:00,      -0.103
21/01/2013 00:00,      -0.108
22/01/2013 00:00,      -0.107
23/01/2013 00:00,      -0.110
24/01/2013 00:00,      -0.111
25/01/2013 00:00,      -0.118
26/01/2013 00:00,      -0.123
27/01/2013 00:00,      -0.122
28/01/2013 00:00,      -0.127
29/01/2013 00:00,      -0.131
30/01/2013 00:00,      -0.130
31/01/2013 00:00,      -0.127
01/02/2013 00:00,      -0.127
02/02/2013 00:00,      -0.123
03/02/2013 00:00,      -0.120
04/02/2013 00:00,      -0.124
05/02/2013 00:00,      -0.127
06/02/2013 00:00,      -0.129
07/02/2013 00:00,      -0.128
08/02/2013 00:00,      -0.127
09/02/2013 00:00,      -0.116
10/02/2013 00:00,      -0.117
11/02/2013 00:00,      -0.134
12/02/2013 00:00,      -0.142
13/02/2013 00:00,      -0.148
14/02/2013 00:00,      -0.147
15/02/2013 00:00,      -0.152
16/02/2013 00:00,      -0.156
17/02/2013 00:00,      -0.158
18/02/2013 00:00,      -0.166
19/02/2013 00:00,      -0.191
20/02/2013 00:00,      -0.205
21/02/2013 00:00,      -0.206
22/02/2013 00:00,      -0.204
23/02/2013 00:00,      -0.206
24/02/2013 00:00,      -0.211
25/02/2013 00:00,      -0.216
26/02/2013 00:00,      -0.214
27/02/2013 00:00,      -0.217
28/02/2013 00:00,      -0.238
01/03/2013 00:00,      -0.251
02/03/2013 00:00,      -0.255
03/03/2013 00:00,      -0.253
04/03/2013 00:00,      -0.255
05/03/2013 00:00,      -0.257
06/03/2013 00:00,      -0.261
07/03/2013 00:00,      -0.261
08/03/2013 00:00,      -0.262
09/03/2013 00:00,      -0.255
10/03/2013 00:00,      -0.243
11/03/2013 00:00,      -0.225
12/03/2013 00:00,      -0.211
13/03/2013 00:00,      -0.201
14/03/2013 00:00,      -0.184
15/03/2013 00:00,      -0.162
16/03/2013 00:00,      -0.149
17/03/2013 00:00,      -0.160
18/03/2013 00:00,      -0.162
19/03/2013 00:00,      -0.162
20/03/2013 00:00,      -0.162
21/03/2013 00:00,      -0.177
22/03/2013 00:00,      -0.146
23/03/2013 00:00,      -0.093
24/03/2013 00:00,      -0.033
25/03/2013 00:00,       0.026
26/03/2013 00:00,       0.066
27/03/2013 00:00,       0.097
28/03/2013 00:00,       0.138
29/03/2013 00:00,       0.171
30/03/2013 00:00,       0.203
31/03/2013 00:00,       0.237
01/04/2013 00:00,       0.255
02/04/2013 00:00,       0.276
03/04/2013 00:00,       0.254
04/04/2013 00:00,       0.223
05/04/2013 00:00,       0.203
06/04/2013 00:00,       0.192
07/04/2013 00:00,       0.179
08/04/2013 00:00,       0.151
09/04/2013 00:00,       0.127
10/04/2013 00:00,       0.117
11/04/2013 00:00,       0.108
12/04/2013 00:00,       0.101
13/04/2013 00:00,       0.104
14/04/2013 00:00,       0.110
15/04/2013 00:00,       0.118
16/04/2013 00:00,       0.115
17/04/2013 00:00,       0.118
18/04/2013 00:00,       0.118
19/04/2013 00:00,       0.097
20/04/2013 00:00,       0.088
21/04/2013 00:00,       0.087
22/04/2013 00:00,       0.128
23/04/2013 00:00,       0.188
24/04/2013 00:00,       0.237
25/04/2013 00:00,       0.280
26/04/2013 00:00,       0.323
27/04/2013 00:00,       0.354
28/04/2013 00:00,       0.403
29/04/2013 00:00,       0.420
30/04/2013 00:00,       0.417
01/05/2013 00:00,       0.404
02/05/2013 00:00,       0.371
03/05/2013 00:00,       0.357
04/05/2013 00:00,       0.347
05/05/2013 00:00,       0.312
06/05/2013 00:00,       0.294
07/05/2013 00:00,       0.277
08/05/2013 00:00,       0.267
09/05/2013 00:00,       0.261
10/05/2013 00:00,       0.258
11/05/2013 00:00,       0.256
12/05/2013 00:00,       0.281
13/05/2013 00:00,       0.338
14/05/2013 00:00,       0.389
15/05/2013 00:00,       0.433
16/05/2013 00:00,       0.452
17/05/2013 00:00,       0.441
18/05/2013 00:00,       0.429
19/05/2013 00:00,       0.414
20/05/2013 00:00,       0.408
21/05/2013 00:00,       0.391
22/05/2013 00:00,       0.370
23/05/2013 00:00,       0.352
24/05/2013 00:00,       0.338
25/05/2013 00:00,       0.342
26/05/2013 00:00,       0.352
27/05/2013 00:00,       0.348
28/05/2013 00:00,       0.339
29/05/2013 00:00,       0.338
30/05/2013 00:00,       0.343
31/05/2013 00:00,       0.362
01/06/2013 00:00,       0.417
02/06/2013 00:00,       0.392
03/06/2013 00:00,       0.378
04/06/2013 00:00,       0.371
05/06/2013 00:00,       0.371
06/06/2013 00:00,       0.380
07/06/2013 00:00,       0.431
08/06/2013 00:00,       0.449
09/06/2013 00:00,       0.461
10/06/2013 00:00,       0.465
11/06/2013 00:00,       0.467
12/06/2013 00:00,       0.458
13/06/2013 00:00,       0.418
14/06/2013 00:00,       0.373
15/06/2013 00:00,       0.340
16/06/2013 00:00,       0.322
17/06/2013 00:00,       0.309
18/06/2013 00:00,       0.303
19/06/2013 00:00,       0.305
20/06/2013 00:00,       0.297
21/06/2013 00:00,       0.304
22/06/2013 00:00,       0.315
23/06/2013 00:00,       0.298
24/06/2013 00:00,       0.276
25/06/2013 00:00,       0.265
26/06/2013 00:00,       0.257
27/06/2013 00:00,       0.260
28/06/2013 00:00,       0.264
29/06/2013 00:00,       0.268
30/06/2013 00:00,       0.280
01/07/2013 00:00,       0.303
02/07/2013 00:00,       0.335
03/07/2013 00:00,       0.377
04/07/2013 00:00,       0.416
05/07/2013 00:00,       0.536
06/07/2013 00:00,       0.646
07/07/2013 00:00,       0.682
08/07/2013 00:00,       0.661
09/07/2013 00:00,       0.621
10/07/2013 00:00,       0.579
11/07/2013 00:00,       0.545
12/07/2013 00:00,       0.513
13/07/2013 00:00,       0.496
14/07/2013 00:00,       0.491
15/07/2013 00:00,       0.498
16/07/2013 00:00,       0.478
17/07/2013 00:00,       0.460
18/07/2013 00:00,       0.439
19/07/2013 00:00,       0.505
20/07/2013 00:00,       0.583
21/07/2013 00:00,       0.635
22/07/2013 00:00,       0.701
23/07/2013 00:00,       0.664
24/07/2013 00:00,       0.613
25/07/2013 00:00,       0.571
26/07/2013 00:00,       0.549
27/07/2013 00:00,       0.520
28/07/2013 00:00,       0.504
29/07/2013 00:00,       0.509
30/07/2013 00:00,       0.516
31/07/2013 00:00,       0.495
01/08/2013 00:00,       0.476
02/08/2013 00:00,       0.488
03/08/2013 00:00,       0.526
04/08/2013 00:00,       0.589
05/08/2013 00:00,       0.629
06/08/2013 00:00,       0.676
07/08/2013 00:00,       0.661
08/08/2013 00:00,       0.631
09/08/2013 00:00,       0.623
10/08/2013 00:00,       0.621
11/08/2013 00:00,       0.604
12/08/2013 00:00,       0.630
13/08/2013 00:00,       0.709
14/08/2013 00:00,       0.788
15/08/2013 00:00,       0.822
16/08/2013 00:00,       0.799
17/08/2013 00:00,       0.841
18/08/2013 00:00,       0.937
19/08/2013 00:00,       1.023
20/08/2013 00:00,       0.967
21/08/2013 00:00,       0.924
22/08/2013 00:00,       0.947
23/08/2013 00:00,       0.955
24/08/2013 00:00,       0.904
25/08/2013 00:00,       0.864
26/08/2013 00:00,       0.820
27/08/2013 00:00,       0.769
28/08/2013 00:00,       0.741
29/08/2013 00:00,       0.702
30/08/2013 00:00,       0.755
31/08/2013 00:00,       0.750
01/09/2013 00:00,       0.715
02/09/2013 00:00,       0.684
03/09/2013 00:00,       0.641
04/09/2013 00:00,       0.606
05/09/2013 00:00,       0.588
06/09/2013 00:00,       0.562
07/09/2013 00:00,       0.543
08/09/2013 00:00,       0.519
09/09/2013 00:00,       0.492
10/09/2013 00:00,       0.525
11/09/2013 00:00,       0.558
12/09/2013 00:00,       0.553
13/09/2013 00:00,       0.546
14/09/2013 00:00,       0.539
15/09/2013 00:00,       0.536
16/09/2013 00:00,       0.517
17/09/2013 00:00,       0.508
18/09/2013 00:00,       0.527
19/09/2013 00:00,       0.557
20/09/2013 00:00,       0.612
21/09/2013 00:00,       0.614
22/09/2013 00:00,       0.604
23/09/2013 00:00,       0.578
24/09/2013 00:00,       0.580
25/09/2013 00:00,       0.615
26/09/2013 00:00,       0.661
27/09/2013 00:00,       0.689
28/09/2013 00:00,       0.721
29/09/2013 00:00,       0.728
30/09/2013 00:00,       0.719
01/10/2013 00:00,       0.760
02/10/2013 00:00,       0.823
03/10/2013 00:00,       0.874
04/10/2013 00:00,       0.828
05/10/2013 00:00,       0.821
06/10/2013 00:00,       0.818
07/10/2013 00:00,       0.803
08/10/2013 00:00,       0.791
09/10/2013 00:00,       0.782
10/10/2013 00:00,       0.773
11/10/2013 00:00,       0.740
12/10/2013 00:00,       0.726
13/10/2013 00:00,       0.720
14/10/2013 00:00,       0.677
15/10/2013 00:00,       0.664
16/10/2013 00:00,       0.685
17/10/2013 00:00,       0.750
18/10/2013 00:00,       0.759
19/10/2013 00:00,       0.757
20/10/2013 00:00,       0.751
21/10/2013 00:00,       0.725
22/10/2013 00:00,       0.695
23/10/2013 00:00,       0.672
24/10/2013 00:00,       0.648
25/10/2013 00:00,       0.619
26/10/2013 00:00,       0.600
27/10/2013 00:00,       0.577
28/10/2013 00:00,       0.552
29/10/2013 00:00,       0.515
30/10/2013 00:00,       0.490
31/10/2013 00:00,       0.472
01/11/2013 00:00,       0.454
02/11/2013 00:00,       0.445
03/11/2013 00:00,       0.433
04/11/2013 00:00,       0.403
05/11/2013 00:00,       0.386
06/11/2013 00:00,       0.376
07/11/2013 00:00,       0.371
08/11/2013 00:00,       0.347
09/11/2013 00:00,       0.327
10/11/2013 00:00,       0.310
11/11/2013 00:00,       0.287
12/11/2013 00:00,       0.270
13/11/2013 00:00,       0.253
14/11/2013 00:00,       0.246
15/11/2013 00:00,       0.233
16/11/2013 00:00,       0.217
17/11/2013 00:00,       0.202
18/11/2013 00:00,       0.195
19/11/2013 00:00,       0.191
20/11/2013 00:00,       0.171
21/11/2013 00:00,       0.150
22/11/2013 00:00,       0.145
23/11/2013 00:00,       0.140
24/11/2013 00:00,       0.123
25/11/2013 00:00,       0.113
26/11/2013 00:00,       0.111
27/11/2013 00:00,       0.107
28/11/2013 00:00,       0.106
29/11/2013 00:00,       0.093
30/11/2013 00:00,       0.079
01/12/2013 00:00,       0.075
02/12/2013 00:00,       0.081
03/12/2013 00:00,       0.077
04/12/2013 00:00,       0.072
05/12/2013 00:00,       0.069
06/12/2013 00:00,       0.065
07/12/2013 00:00,       0.070
08/12/2013 00:00,       0.069
09/12/2013 00:00,       0.076
10/12/2013 00:00,       0.074
11/12/2013 00:00,       0.087
12/12/2013 00:00,       0.100
13/12/2013 00:00,       0.110
14/12/2013 00:00,       0.111
15/12/2013 00:00,       0.104
16/12/2013 00:00,       0.094
17/12/2013 00:00,       0.086
18/12/2013 00:00,       0.079
19/12/2013 00:00,       0.075
20/12/2013 00:00,       0.067
21/12/2013 00:00,       0.052
22/12/2013 00:00,       0.049
23/12/2013 00:00,       0.049
24/12/2013 00:00,       0.039
25/12/2013 00:00,       0.033
26/12/2013 00:00,       0.030
27/12/2013 00:00,       0.017
28/12/2013 00:00,       0.004
29/12/2013 00:00,      -0.004
30/12/2013 00:00,      -0.016
31/12/2013 00:00,      -0.024
01/01/2014 00:00,      -0.032
02/01/2014 00:00,      -0.019
03/01/2014 00:00,      -0.018
04/01/2014 00:00,      -0.022
05/01/2014 00:00,      -0.023
06/01/2014 00:00,      -0.001
07/01/2014 00:00,      -0.005
08/01/2014 00:00,      -0.012
09/01/2014 00:00,      -0.020
10/01/2014 00:00,      -0.027
11/01/2014 00:00,      -0.036
12/01/2014 00:00,      -0.046
13/01/2014 00:00,      -0.057
14/01/2014 00:00,      -0.064
15/01/2014 00:00,      -0.064
16/01/2014 00:00,      -0.067
17/01/2014 00:00,      -0.081
18/01/2014 00:00,      -0.089
19/01/2014 00:00,      -0.112
20/01/2014 00:00,      -0.133
21/01/2014 00:00,      -0.144
22/01/2014 00:00,      -0.156
23/01/2014 00:00,      -0.159
24/01/2014 00:00,      -0.168
25/01/2014 00:00,      -0.184
26/01/2014 00:00,      -0.189
27/01/2014 00:00,      -0.192
28/01/2014 00:00,      -0.204
29/01/2014 00:00,      -0.221
30/01/2014 00:00,      -0.228
31/01/2014 00:00,      -0.232
01/02/2014 00:00,      -0.236
02/02/2014 00:00,      -0.237
03/02/2014 00:00,      -0.270
04/02/2014 00:00,      -0.284
05/02/2014 00:00,      -0.287
06/02/2014 00:00,      -0.285
07/02/2014 00:00,      -0.286
08/02/2014 00:00,      -0.290
09/02/2014 00:00,      -0.296
10/02/2014 00:00,      -0.304
11/02/2014 00:00,      -0.307
12/02/2014 00:00,      -0.311
13/02/2014 00:00,      -0.311
14/02/2014 00:00,      -0.299
15/02/2014 00:00,      -0.292
16/02/2014 00:00,      -0.292
17/02/2014 00:00,      -0.293
18/02/2014 00:00,      -0.288
19/02/2014 00:00,      -0.286
20/02/2014 00:00,      -0.281
21/02/2014 00:00,      -0.280
22/02/2014 00:00,      -0.284
23/02/2014 00:00,      -0.287
24/02/2014 00:00,      -0.286
25/02/2014 00:00,      -0.286
26/02/2014 00:00,      -0.292
27/02/2014 00:00,      -0.303
28/02/2014 00:00,      -0.317
01/03/2014 00:00,      -0.328
02/03/2014 00:00,      -0.331
03/03/2014 00:00,      -0.333
04/03/2014 00:00,      -0.331
05/03/2014 00:00,      -0.346
06/03/2014 00:00,      -0.354
07/03/2014 00:00,      -0.363
08/03/2014 00:00,      -0.361
09/03/2014 00:00,      -0.363
10/03/2014 00:00,      -0.362
11/03/2014 00:00,      -0.361
12/03/2014 00:00,      -0.361
13/03/2014 00:00,      -0.361
14/03/2014 00:00,      -0.359
15/03/2014 00:00,      -0.349
16/03/2014 00:00,      -0.331
17/03/2014 00:00,      -0.284
18/03/2014 00:00,      -0.228
19/03/2014 00:00,      -0.191
20/03/2014 00:00,      -0.171
21/03/2014 00:00,      -0.178
22/03/2014 00:00,      -0.182
23/03/2014 00:00,      -0.182
24/03/2014 00:00,      -0.184
25/03/2014 00:00,      -0.193
26/03/2014 00:00,      -0.187
27/03/2014 00:00,      -0.177
28/03/2014 00:00,      -0.176
29/03/2014 00:00,      -0.175
30/03/2014 00:00,      -0.173
31/03/2014 00:00,      -0.169
01/04/2014 00:00,      -0.161
02/04/2014 00:00,      -0.156
03/04/2014 00:00,      -0.151
04/04/2014 00:00,      -0.157
05/04/2014 00:00,      -0.155
06/04/2014 00:00,      -0.150
07/04/2014 00:00,      -0.144
08/04/2014 00:00,      -0.135
09/04/2014 00:00,      -0.123
10/04/2014 00:00,      -0.114
11/04/2014 00:00,      -0.124
12/04/2014 00:00,      -0.130
13/04/2014 00:00,      -0.137
14/04/2014 00:00,      -0.148
15/04/2014 00:00,      -0.151
16/04/2014 00:00,      -0.150
17/04/2014 00:00,      -0.146
18/04/2014 00:00,      -0.139
19/04/2014 00:00,      -0.129
20/04/2014 00:00,      -0.113
21/04/2014 00:00,      -0.092
22/04/2014 00:00,      -0.058
23/04/2014 00:00,      -0.036
24/04/2014 00:00,      -0.011
25/04/2014 00:00,       0.007
26/04/2014 00:00,       0.031
27/04/2014 00:00,       0.036
28/04/2014 00:00,       0.042
29/04/2014 00:00,       0.079
30/04/2014 00:00,       0.113
01/05/2014 00:00,       0.137
02/05/2014 00:00,       0.184
03/05/2014 00:00,       0.189
04/05/2014 00:00,       0.204
05/05/2014 00:00,       0.248
06/05/2014 00:00,       0.263
07/05/2014 00:00,       0.247
08/05/2014 00:00,       0.233
09/05/2014 00:00,       0.227
10/05/2014 00:00,       0.234
11/05/2014 00:00,       0.247
12/05/2014 00:00,       0.262
13/05/2014 00:00,       0.274
14/05/2014 00:00,       0.285
15/05/2014 00:00,       0.299
16/05/2014 00:00,       0.311
17/05/2014 00:00,       0.325
18/05/2014 00:00,       0.330
19/05/2014 00:00,       0.333
20/05/2014 00:00,       0.339
21/05/2014 00:00,       0.335
22/05/2014 00:00,       0.332
23/05/2014 00:00,       0.339
24/05/2014 00:00,       0.337
25/05/2014 00:00,       0.343
26/05/2014 00:00,       0.350
27/05/2014 00:00,       0.369
28/05/2014 00:00,       0.432
29/05/2014 00:00,       0.466
30/05/2014 00:00,       0.464
31/05/2014 00:00,       0.440
01/06/2014 00:00,       0.423
02/06/2014 00:00,       0.414
03/06/2014 00:00,       0.411
04/06/2014 00:00,       0.416
05/06/2014 00:00,       0.407
06/06/2014 00:00,       0.390
07/06/2014 00:00,       0.377
08/06/2014 00:00,       0.355
09/06/2014 00:00,       0.333
10/06/2014 00:00,       0.315
11/06/2014 00:00,       0.301
12/06/2014 00:00,       0.293
13/06/2014 00:00,       0.298
14/06/2014 00:00,       0.300
15/06/2014 00:00,       0.291
16/06/2014 00:00,       0.314
17/06/2014 00:00,       0.334
18/06/2014 00:00,       0.337
19/06/2014 00:00,       0.332
20/06/2014 00:00,       0.340
21/06/2014 00:00,       0.381
22/06/2014 00:00,       0.409
23/06/2014 00:00,       0.459
24/06/2014 00:00,       0.587
25/06/2014 00:00,       0.704
26/06/2014 00:00,       0.802
27/06/2014 00:00,       0.831
28/06/2014 00:00,       0.923
29/06/2014 00:00,       0.968
30/06/2014 00:00,       0.930
01/07/2014 00:00,       0.877
02/07/2014 00:00,       0.812
03/07/2014 00:00,       0.757
04/07/2014 00:00,       0.761
05/07/2014 00:00,       0.793
06/07/2014 00:00,       0.769
07/07/2014 00:00,       0.728
08/07/2014 00:00,       0.708
09/07/2014 00:00,       0.752
10/07/2014 00:00,       0.794
11/07/2014 00:00,       0.835
12/07/2014 00:00,       0.831
13/07/2014 00:00,       0.762
14/07/2014 00:00,       0.705
15/07/2014 00:00,       0.657
16/07/2014 00:00,       0.646
17/07/2014 00:00,       0.733
18/07/2014 00:00,       0.705
19/07/2014 00:00,       0.654
20/07/2014 00:00,       0.614
21/07/2014 00:00,       0.574
22/07/2014 00:00,       0.540
23/07/2014 00:00,       0.507
24/07/2014 00:00,       0.491
25/07/2014 00:00,       0.504
26/07/2014 00:00,       0.506
27/07/2014 00:00,       0.502
28/07/2014 00:00,       0.508
29/07/2014 00:00,       0.539
30/07/2014 00:00,       0.617
31/07/2014 00:00,       0.701
01/08/2014 00:00,       0.814
02/08/2014 00:00,       0.806
03/08/2014 00:00,       0.769
04/08/2014 00:00,       0.720
05/08/2014 00:00,       0.675
06/08/2014 00:00,       0.635
07/08/2014 00:00,       0.607
08/08/2014 00:00,       0.572
09/08/2014 00:00,       0.544
10/08/2014 00:00,       0.540
11/08/2014 00:00,       0.503
12/08/2014 00:00,       0.481
13/08/2014 00:00,       0.444
14/08/2014 00:00,       0.413
15/08/2014 00:00,       0.393
16/08/2014 00:00,       0.366
17/08/2014 00:00,       0.345
18/08/2014 00:00,       0.335
19/08/2014 00:00,       0.331
20/08/2014 00:00,       0.328
21/08/2014 00:00,       0.329
22/08/2014 00:00,       0.327
23/08/2014 00:00,       0.330
24/08/2014 00:00,       0.352
25/08/2014 00:00,       0.354
26/08/2014 00:00,       0.340
27/08/2014 00:00,       0.328
28/08/2014 00:00,       0.314
29/08/2014 00:00,       0.304
30/08/2014 00:00,       0.293
31/08/2014 00:00,       0.283
01/09/2014 00:00,       0.290
02/09/2014 00:00,       0.291
03/09/2014 00:00,       0.276
04/09/2014 00:00,       0.268
05/09/2014 00:00,       0.256
06/09/2014 00:00,       0.241
07/09/2014 00:00,       0.230
08/09/2014 00:00,       0.216
09/09/2014 00:00,       0.228
10/09/2014 00:00,       0.250
11/09/2014 00:00,       0.289
12/09/2014 00:00,       0.313
13/09/2014 00:00,       0.319
14/09/2014 00:00,       0.314
15/09/2014 00:00,       0.303
16/09/2014 00:00,       0.289
17/09/2014 00:00,       0.294
18/09/2014 00:00,       0.286
19/09/2014 00:00,       0.271
20/09/2014 00:00,       0.257
21/09/2014 00:00,       0.241
22/09/2014 00:00,       0.227
23/09/2014 00:00,       0.218
24/09/2014 00:00,       0.214
25/09/2014 00:00,       0.204
26/09/2014 00:00,       0.199
27/09/2014 00:00,       0.199
28/09/2014 00:00,       0.187
29/09/2014 00:00,       0.226
30/09/2014 00:00,       0.244
01/10/2014 00:00,       0.271
02/10/2014 00:00,       0.274
03/10/2014 00:00,       0.267
04/10/2014 00:00,       0.259
05/10/2014 00:00,       0.251
06/10/2014 00:00,       0.232
07/10/2014 00:00,       0.243
08/10/2014 00:00,       0.243
09/10/2014 00:00,       0.242
10/10/2014 00:00,       0.240
11/10/2014 00:00,       0.230
12/10/2014 00:00,       0.218
13/10/2014 00:00,       0.211
14/10/2014 00:00,       0.186
15/10/2014 00:00,       0.176
16/10/2014 00:00,       0.174
17/10/2014 00:00,       0.166
18/10/2014 00:00,       0.158
19/10/2014 00:00,       0.155
20/10/2014 00:00,       0.139
21/10/2014 00:00,       0.131
22/10/2014 00:00,       0.129
23/10/2014 00:00,       0.117
24/10/2014 00:00,       0.108
25/10/2014 00:00,       0.105
26/10/2014 00:00,       0.095
27/10/2014 00:00,       0.097
28/10/2014 00:00,       0.097
29/10/2014 00:00,       0.112
30/10/2014 00:00,       0.122
31/10/2014 00:00,       0.120
01/11/2014 00:00,       0.127
02/11/2014 00:00,       0.134
03/11/2014 00:00,       0.132
04/11/2014 00:00,       0.135
05/11/2014 00:00,       0.127
06/11/2014 00:00,       0.118
07/11/2014 00:00,       0.111
08/11/2014 00:00,       0.114
09/11/2014 00:00,       0.111
10/11/2014 00:00,       0.103
11/11/2014 00:00,       0.092
12/11/2014 00:00,       0.086
13/11/2014 00:00,       0.081
14/11/2014 00:00,       0.074
15/11/2014 00:00,       0.061
16/11/2014 00:00,       0.058
17/11/2014 00:00,       0.054
18/11/2014 00:00,       0.053
19/11/2014 00:00,       0.047
20/11/2014 00:00,       0.046
21/11/2014 00:00,       0.054
22/11/2014 00:00,       0.050
23/11/2014 00:00,       0.054
24/11/2014 00:00,       0.061
25/11/2014 00:00,       0.058
26/11/2014 00:00,       0.058
27/11/2014 00:00,       0.054
28/11/2014 00:00,       0.045
29/11/2014 00:00,       0.039
30/11/2014 00:00,       0.032
01/12/2014 00:00,       0.028
02/12/2014 00:00,       0.031
03/12/2014 00:00,       0.034
04/12/2014 00:00,       0.034
05/12/2014 00:00,       0.030
06/12/2014 00:00,       0.021
07/12/2014 00:00,       0.013
08/12/2014 00:00,       0.002
09/12/2014 00:00,      -0.007
10/12/2014 00:00,      -0.014
11/12/2014 00:00,      -0.025
12/12/2014 00:00,      -0.038
13/12/2014 00:00,      -0.045
14/12/2014 00:00,      -0.047
15/12/2014 00:00,      -0.055
16/12/2014 00:00,      -0.066
17/12/2014 00:00,      -0.068
18/12/2014 00:00,      -0.068
19/12/2014 00:00,      -0.056
20/12/2014 00:00,      -0.050
21/12/2014 00:00,      -0.050
22/12/2014 00:00,      -0.049
23/12/2014 00:00,      -0.049
24/12/2014 00:00,      -0.051
25/12/2014 00:00,      -0.055
26/12/2014 00:00,      -0.054
27/12/2014 00:00,      -0.057
28/12/2014 00:00,      -0.058
29/12/2014 00:00,      -0.058
30/12/2014 00:00,      -0.044
31/12/2014 00:00,      -0.026
01/01/2015 00:00,      -0.016
02/01/2015 00:00,      -0.016
03/01/2015 00:00,      -0.006
04/01/2015 00:00,      -0.014
05/01/2015 00:00,      -0.032
06/01/2015 00:00,      -0.045
07/01/2015 00:00,      -0.054
08/01/2015 00:00,      -0.053
09/01/2015 00:00,      -0.057
10/01/2015 00:00,      -0.072
11/01/2015 00:00,      -0.080
12/01/2015 00:00,      -0.082
13/01/2015 00:00,      -0.061
14/01/2015 00:00,      -0.050
15/01/2015 00:00,      -0.048
16/01/2015 00:00,      -0.051
17/01/2015 00:00,      -0.047
18/01/2015 00:00,      -0.049
19/01/2015 00:00,      -0.056
20/01/2015 00:00,      -0.063
21/01/2015 00:00,      -0.057
22/01/2015 00:00,      -0.059
23/01/2015 00:00,      -0.058
24/01/2015 00:00,      -0.056
25/01/2015 00:00,      -0.041
26/01/2015 00:00,      -0.024
27/01/2015 00:00,      -0.034
28/01/2015 00:00,      -0.056
29/01/2015 00:00,      -0.073
30/01/2015 00:00,      -0.090
31/01/2015 00:00,      -0.109
01/02/2015 00:00,      -0.124
02/02/2015 00:00,      -0.143
03/02/2015 00:00,      -0.157
04/02/2015 00:00,      -0.172
05/02/2015 00:00,      -0.177
06/02/2015 00:00,      -0.177
07/02/2015 00:00,      -0.179
08/02/2015 00:00,      -0.198
09/02/2015 00:00,      -0.210
10/02/2015 00:00,      -0.210
11/02/2015 00:00,      -0.214
12/02/2015 00:00,      -0.220
13/02/2015 00:00,      -0.220
14/02/2015 00:00,      -0.219
15/02/2015 00:00,      -0.223
16/02/2015 00:00,      -0.229
17/02/2015 00:00,      -0.238
18/02/2015 00:00,      -0.242
19/02/2015 00:00,      -0.244
20/02/2015 00:00,      -0.244
21/02/2015 00:00,      -0.243
22/02/2015 00:00,      -0.241
23/02/2015 00:00,      -0.257
24/02/2015 00:00,      -0.278
25/02/2015 00:00,      -0.278
26/02/2015 00:00,      -0.278
27/02/2015 00:00,      -0.276
28/02/2015 00:00,      -0.275
01/03/2015 00:00,      -0.280
02/03/2015 00:00,      -0.281
03/03/2015 00:00,      -0.281
04/03/2015 00:00,      -0.277
05/03/2015 00:00,      -0.283
06/03/2015 00:00,      -0.274
07/03/2015 00:00,      -0.257
08/03/2015 00:00,      -0.230
09/03/2015 00:00,      -0.203
10/03/2015 00:00,      -0.185
11/03/2015 00:00,      -0.168
12/03/2015 00:00,      -0.157
13/03/2015 00:00,      -0.155
14/03/2015 00:00,      -0.149
15/03/2015 00:00,      -0.158
16/03/2015 00:00,      -0.153
17/03/2015 00:00,      -0.151
18/03/2015 00:00,      -0.132
19/03/2015 00:00,      -0.099
20/03/2015 00:00,      -0.069
21/03/2015 00:00,      -0.055
22/03/2015 00:00,      -0.044
23/03/2015 00:00,      -0.027
24/03/2015 00:00,      -0.011
25/03/2015 00:00,      -0.003
26/03/2015 00:00,       0.036
27/03/2015 00:00,       0.058
28/03/2015 00:00,       0.075
29/03/2015 00:00,       0.084
30/03/2015 00:00,       0.085
31/03/2015 00:00,       0.083
01/04/2015 00:00,       0.077
02/04/2015 00:00,       0.072
03/04/2015 00:00,       0.052
04/04/2015 00:00,       0.045
05/04/2015 00:00,       0.040
06/04/2015 00:00,       0.044
07/04/2015 00:00,       0.035
08/04/2015 00:00,       0.025
09/04/2015 00:00,       0.023
10/04/2015 00:00,       0.019
11/04/2015 00:00,       0.020
12/04/2015 00:00,       0.019
13/04/2015 00:00,       0.017
14/04/2015 00:00,       0.017
15/04/2015 00:00,       0.028
16/04/2015 00:00,       0.043
17/04/2015 00:00,       0.050
18/04/2015 00:00,       0.057
19/04/2015 00:00,       0.064
20/04/2015 00:00,       0.054
21/04/2015 00:00,       0.047
22/04/2015 00:00,       0.038
23/04/2015 00:00,       0.033
24/04/2015 00:00,       0.038
25/04/2015 00:00,       0.057
26/04/2015 00:00,       0.063
27/04/2015 00:00,       0.072
28/04/2015 00:00,       0.078
29/04/2015 00:00,       0.072
30/04/2015 00:00,       0.066
01/05/2015 00:00,       0.061
02/05/2015 00:00,       0.062
03/05/2015 00:00,       0.077
04/05/2015 00:00,       0.086
05/05/2015 00:00,       0.112
06/05/2015 00:00,       0.223
07/05/2015 00:00,       0.320
08/05/2015 00:00,       0.386
09/05/2015 00:00,       0.449
10/05/2015 00:00,       0.543
11/05/2015 00:00,       0.631
12/05/2015 00:00,       0.695
13/05/2015 00:00,       0.672
14/05/2015 00:00,       0.612
15/05/2015 00:00,       0.559
16/05/2015 00:00,       0.510
17/05/2015 00:00,       0.472
18/05/2015 00:00,       0.438
19/05/2015 00:00,       0.436
20/05/2015 00:00,       0.453
21/05/2015 00:00,       0.430
22/05/2015 00:00,       0.411
23/05/2015 00:00,       0.381
24/05/2015 00:00,       0.362
25/05/2015 00:00,       0.349
26/05/2015 00:00,       0.333
27/05/2015 00:00,       0.322
28/05/2015 00:00,       0.334
29/05/2015 00:00,       0.367
30/05/2015 00:00,       0.389
31/05/2015 00:00,       0.424
01/06/2015 00:00,       0.419
02/06/2015 00:00,       0.400
03/06/2015 00:00,       0.380
04/06/2015 00:00,       0.371
05/06/2015 00:00,       0.387
06/06/2015 00:00,       0.381
07/06/2015 00:00,       0.381
08/06/2015 00:00,       0.393
09/06/2015 00:00,       0.427
10/06/2015 00:00,       0.405
11/06/2015 00:00,       0.381
12/06/2015 00:00,       0.357
13/06/2015 00:00,       0.339
14/06/2015 00:00,       0.324
15/06/2015 00:00,       0.310
16/06/2015 00:00,       0.295
17/06/2015 00:00,       0.288
18/06/2015 00:00,       0.267
19/06/2015 00:00,       0.243
20/06/2015 00:00,       0.229
21/06/2015 00:00,       0.220
22/06/2015 00:00,       0.216
23/06/2015 00:00,       0.221
24/06/2015 00:00,       0.239
25/06/2015 00:00,       0.245
26/06/2015 00:00,       0.255
27/06/2015 00:00,       0.253
28/06/2015 00:00,       0.247
29/06/2015 00:00,       0.241
30/06/2015 00:00,       0.231
01/07/2015 00:00,       0.224
02/07/2015 00:00,       0.230
03/07/2015 00:00,       0.224
04/07/2015 00:00,       0.223
05/07/2015 00:00,       0.223
06/07/2015 00:00,       0.236
07/07/2015 00:00,       0.263
08/07/2015 00:00,       0.277
09/07/2015 00:00,       0.276
10/07/2015 00:00,       0.278
11/07/2015 00:00,       0.309
12/07/2015 00:00,       0.364
13/07/2015 00:00,       0.392
14/07/2015 00:00,       0.424
15/07/2015 00:00,       0.445
16/07/2015 00:00,       0.413
17/07/2015 00:00,       0.385
18/07/2015 00:00,       0.363
19/07/2015 00:00,       0.346
20/07/2015 00:00,       0.334
21/07/2015 00:00,       0.325
22/07/2015 00:00,       0.344
23/07/2015 00:00,       0.374
24/07/2015 00:00,       0.388
25/07/2015 00:00,       0.432
26/07/2015 00:00,       0.536
27/07/2015 00:00,       0.583
28/07/2015 00:00,       0.579
29/07/2015 00:00,       0.554
30/07/2015 00:00,       0.543
31/07/2015 00:00,       0.543
01/08/2015 00:00,       0.536
02/08/2015 00:00,       0.531
03/08/2015 00:00,       0.557
04/08/2015 00:00,       0.533
05/08/2015 00:00,       0.548
06/08/2015 00:00,       0.523
07/08/2015 00:00,       0.518
08/08/2015 00:00,       0.507
09/08/2015 00:00,       0.489
10/08/2015 00:00,       0.498
11/08/2015 00:00,       0.540
12/08/2015 00:00,       0.609
13/08/2015 00:00,       0.635
14/08/2015 00:00,       0.635
15/08/2015 00:00,       0.604
16/08/2015 00:00,       0.567
17/08/2015 00:00,       0.561
18/08/2015 00:00,       0.522
19/08/2015 00:00,       0.490
20/08/2015 00:00,       0.463
21/08/2015 00:00,       0.457
22/08/2015 00:00,       0.453
23/08/2015 00:00,       0.449
24/08/2015 00:00,       0.403
25/08/2015 00:00,       0.347
26/08/2015 00:00,       0.317
27/08/2015 00:00,       0.306
28/08/2015 00:00,       0.287
29/08/2015 00:00,       0.269
30/08/2015 00:00,       0.252
31/08/2015 00:00,       0.240
01/09/2015 00:00,       0.230
02/09/2015 00:00,       0.228
03/09/2015 00:00,       0.229
04/09/2015 00:00,       0.214
05/09/2015 00:00,       0.209
06/09/2015 00:00,       0.202
07/09/2015 00:00,       0.221
08/09/2015 00:00,       0.240
09/09/2015 00:00,       0.252
10/09/2015 00:00,       0.245
11/09/2015 00:00,       0.239
12/09/2015 00:00,       0.234
13/09/2015 00:00,       0.226
14/09/2015 00:00,       0.223
15/09/2015 00:00,       0.225
16/09/2015 00:00,       0.225
17/09/2015 00:00,       0.218
18/09/2015 00:00,       0.213
19/09/2015 00:00,       0.208
20/09/2015 00:00,       0.204
21/09/2015 00:00,       0.202
22/09/2015 00:00,       0.199
23/09/2015 00:00,       0.180
24/09/2015 00:00,       0.162
25/09/2015 00:00,       0.147
26/09/2015 00:00,       0.140
27/09/2015 00:00,       0.134
28/09/2015 00:00,       0.130
29/09/2015 00:00,       0.121
30/09/2015 00:00,       0.113
01/10/2015 00:00,       0.107
02/10/2015 00:00,       0.101
03/10/2015 00:00,       0.094
04/10/2015 00:00,       0.095
05/10/2015 00:00,       0.090
06/10/2015 00:00,       0.088
07/10/2015 00:00,       0.082
08/10/2015 00:00,       0.070
09/10/2015 00:00,       0.065
10/10/2015 00:00,       0.064
11/10/2015 00:00,       0.061
12/10/2015 00:00,       0.053
13/10/2015 00:00,       0.042
14/10/2015 00:00,       0.036
15/10/2015 00:00,       0.030
16/10/2015 00:00,       0.030
17/10/2015 00:00,       0.024
18/10/2015 00:00,       0.015
19/10/2015 00:00,       0.008
20/10/2015 00:00,       0.008
21/10/2015 00:00,       0.002
22/10/2015 00:00,      -0.006
23/10/2015 00:00,      -0.018
24/10/2015 00:00,      -0.024
25/10/2015 00:00,      -0.032
26/10/2015 00:00,      -0.038
27/10/2015 00:00,      -0.047
28/10/2015 00:00,      -0.051
29/10/2015 00:00,      -0.054
30/10/2015 00:00,      -0.055
31/10/2015 00:00,      -0.060
01/11/2015 00:00,      -0.062
02/11/2015 00:00,      -0.069
03/11/2015 00:00,      -0.077
04/11/2015 00:00,      -0.077
05/11/2015 00:00,      -0.066
06/11/2015 00:00,      -0.058
07/11/2015 00:00,      -0.059
08/11/2015 00:00,      -0.061
09/11/2015 00:00,      -0.068
10/11/2015 00:00,      -0.071
11/11/2015 00:00,      -0.081
12/11/2015 00:00,      -0.084
13/11/2015 00:00,      -0.091
14/11/2015 00:00,      -0.098
15/11/2015 00:00,      -0.108
16/11/2015 00:00,      -0.110
17/11/2015 00:00,      -0.119
18/11/2015 00:00,      -0.122
19/11/2015 00:00,      -0.129
20/11/2015 00:00,      -0.135
21/11/2015 00:00,      -0.144
22/11/2015 00:00,      -0.147
23/11/2015 00:00,      -0.151
24/11/2015 00:00,      -0.155
25/11/2015 00:00,      -0.157
26/11/2015 00:00,      -0.165
27/11/2015 00:00,      -0.155
28/11/2015 00:00,      -0.147
29/11/2015 00:00,      -0.142
30/11/2015 00:00,      -0.140
01/12/2015 00:00,      -0.141
02/12/2015 00:00,      -0.133
03/12/2015 00:00,      -0.129
04/12/2015 00:00,      -0.127
05/12/2015 00:00,      -0.130
06/12/2015 00:00,      -0.137
07/12/2015 00:00,      -0.143
08/12/2015 00:00,      -0.149
09/12/2015 00:00,      -0.151
10/12/2015 00:00,      -0.146
11/12/2015 00:00,      -0.146
12/12/2015 00:00,      -0.145
13/12/2015 00:00,      -0.145
14/12/2015 00:00,      -0.144
15/12/2015 00:00,      -0.146
16/12/2015 00:00,      -0.153
17/12/2015 00:00,      -0.157
18/12/2015 00:00,      -0.159
19/12/2015 00:00,      -0.163
20/12/2015 00:00,      -0.166
21/12/2015 00:00,      -0.176
22/12/2015 00:00,      -0.185
23/12/2015 00:00,      -0.190
24/12/2015 00:00,      -0.191
25/12/2015 00:00,      -0.202
26/12/2015 00:00,      -0.214
27/12/2015 00:00,      -0.224
28/12/2015 00:00,      -0.231
29/12/2015 00:00,      -0.235
30/12/2015 00:00,      -0.236
31/12/2015 00:00,      -0.238
01/01/2016 00:00,      -0.253
02/01/2016 00:00,      -0.275
03/01/2016 00:00,      -0.283
04/01/2016 00:00,      -0.287
05/01/2016 00:00,      -0.293
06/01/2016 00:00,      -0.312
07/01/2016 00:00,      -0.327
08/01/2016 00:00,      -0.336
09/01/2016 00:00,      -0.339
10/01/2016 00:00,      -0.338
11/01/2016 00:00,      -0.341
12/01/2016 00:00,      -0.342
13/01/2016 00:00,      -0.345
14/01/2016 00:00,      -0.362
15/01/2016 00:00,      -0.378
16/01/2016 00:00,      -0.378
17/01/2016 00:00,      -0.382
18/01/2016 00:00,      -0.386
19/01/2016 00:00,      -0.387
20/01/2016 00:00,      -0.392
21/01/2016 00:00,      -0.394
22/01/2016 00:00,      -0.391
23/01/2016 00:00,      -0.394
24/01/2016 00:00,      -0.400
25/01/2016 00:00,      -0.410
26/01/2016 00:00,      -0.411
27/01/2016 00:00,      -0.410
28/01/2016 00:00,      -0.410
29/01/2016 00:00,      -0.408
30/01/2016 00:00,      -0.363
31/01/2016 00:00,      -0.352
01/02/2016 00:00,      -0.341
02/02/2016 00:00,      -0.309
03/02/2016 00:00,      -0.287
04/02/2016 00:00,      -0.304
05/02/2016 00:00,      -0.311
06/02/2016 00:00,      -0.306
07/02/2016 00:00,      -0.311
08/02/2016 00:00,      -0.327
09/02/2016 00:00,      -0.327
10/02/2016 00:00,      -0.336
11/02/2016 00:00,      -0.341
12/02/2016 00:00,      -0.341
13/02/2016 00:00,      -0.342
14/02/2016 00:00,      -0.342
15/02/2016 00:00,      -0.342
16/02/2016 00:00,      -0.350
17/02/2016 00:00,      -0.347
18/02/2016 00:00,      -0.341
19/02/2016 00:00,      -0.344
20/02/2016 00:00,      -0.346
21/02/2016 00:00,      -0.346
22/02/2016 00:00,      -0.346
23/02/2016 00:00,      -0.342
24/02/2016 00:00,      -0.338
25/02/2016 00:00,      -0.331
26/02/2016 00:00,      -0.330
27/02/2016 00:00,      -0.322
28/02/2016 00:00,      -0.315
29/02/2016 00:00,      -0.311
01/03/2016 00:00,      -0.302
02/03/2016 00:00,      -0.301
03/03/2016 00:00,      -0.307
04/03/2016 00:00,      -0.308
05/03/2016 00:00,      -0.310
06/03/2016 00:00,      -0.308
07/03/2016 00:00,      -0.306
08/03/2016 00:00,      -0.303
09/03/2016 00:00,      -0.303
10/03/2016 00:00,      -0.290
11/03/2016 00:00,      -0.286
12/03/2016 00:00,      -0.282
13/03/2016 00:00,      -0.286
14/03/2016 00:00,      -0.298
15/03/2016 00:00,      -0.302
16/03/2016 00:00,      -0.299
17/03/2016 00:00,      -0.294
18/03/2016 00:00,      -0.293
19/03/2016 00:00,      -0.292
20/03/2016 00:00,      -0.291
21/03/2016 00:00,      -0.287
22/03/2016 00:00,      -0.280
23/03/2016 00:00,      -0.274
24/03/2016 00:00,      -0.272
25/03/2016 00:00,      -0.272
26/03/2016 00:00,      -0.271
27/03/2016 00:00,      -0.276
28/03/2016 00:00,      -0.280
29/03/2016 00:00,      -0.280
30/03/2016 00:00,      -0.278
31/03/2016 00:00,      -0.275
01/04/2016 00:00,      -0.271
02/04/2016 00:00,      -0.269
03/04/2016 00:00,      -0.262
04/04/2016 00:00,      -0.255
05/04/2016 00:00,      -0.244
06/04/2016 00:00,      -0.233
07/04/2016 00:00,      -0.223
08/04/2016 00:00,      -0.211
09/04/2016 00:00,      -0.198
10/04/2016 00:00,      -0.182
11/04/2016 00:00,      -0.170
12/04/2016 00:00,      -0.160
13/04/2016 00:00,      -0.154
14/04/2016 00:00,      -0.149
15/04/2016 00:00,      -0.146
16/04/2016 00:00,      -0.151
17/04/2016 00:00,      -0.157
18/04/2016 00:00,      -0.154
19/04/2016 00:00,      -0.152
20/04/2016 00:00,      -0.147
21/04/2016 00:00,      -0.142
22/04/2016 00:00,      -0.143
23/04/2016 00:00,      -0.147
24/04/2016 00:00,      -0.145
25/04/2016 00:00,      -0.144
26/04/2016 00:00,      -0.143
27/04/2016 00:00,      -0.147
28/04/2016 00:00,      -0.136
29/04/2016 00:00,      -0.123
30/04/2016 00:00,      -0.104
01/05/2016 00:00,      -0.075
02/05/2016 00:00,      -0.023
03/05/2016 00:00,       0.050
04/05/2016 00:00,       0.153
05/05/2016 00:00,       0.227
06/05/2016 00:00,       0.297
07/05/2016 00:00,       0.322
08/05/2016 00:00,       0.324
09/05/2016 00:00,       0.330
10/05/2016 00:00,       0.430
11/05/2016 00:00,       0.504
12/05/2016 00:00,       0.590
13/05/2016 00:00,       0.633
14/05/2016 00:00,       0.606
15/05/2016 00:00,       0.599
16/05/2016 00:00,       0.571
17/05/2016 00:00,       0.584
18/05/2016 00:00,       0.566
19/05/2016 00:00,       0.599
20/05/2016 00:00,       0.602
21/05/2016 00:00,       0.565
22/05/2016 00:00,       0.557
23/05/2016 00:00,       0.606
24/05/2016 00:00,       0.618
25/05/2016 00:00,       0.609
26/05/2016 00:00,       0.604
27/05/2016 00:00,       0.597
28/05/2016 00:00,       0.607
29/05/2016 00:00,       0.576
30/05/2016 00:00,       0.545
31/05/2016 00:00,       0.513
01/06/2016 00:00,       0.485
02/06/2016 00:00,       0.456
03/06/2016 00:00,       0.426
04/06/2016 00:00,       0.398
05/06/2016 00:00,       0.382
06/06/2016 00:00,       0.408
07/06/2016 00:00,       0.442
08/06/2016 00:00,       0.457
09/06/2016 00:00,       0.471
10/06/2016 00:00,       0.492
11/06/2016 00:00,       0.519
12/06/2016 00:00,       0.493
13/06/2016 00:00,       0.468
14/06/2016 00:00,       0.446
15/06/2016 00:00,       0.419
16/06/2016 00:00,       0.399
17/06/2016 00:00,       0.386
18/06/2016 00:00,       0.354
19/06/2016 00:00,       0.329
20/06/2016 00:00,       0.315
21/06/2016 00:00,       0.315
22/06/2016 00:00,       0.357
23/06/2016 00:00,       0.407
24/06/2016 00:00,       0.511
25/06/2016 00:00,       0.562
26/06/2016 00:00,       0.578
27/06/2016 00:00,       0.569
28/06/2016 00:00,       0.561
29/06/2016 00:00,       0.556
30/06/2016 00:00,       0.582
01/07/2016 00:00,       0.602
02/07/2016 00:00,       0.615
03/07/2016 00:00,       0.617
04/07/2016 00:00,       0.610
05/07/2016 00:00,       0.575
06/07/2016 00:00,       0.539
07/07/2016 00:00,       0.496
08/07/2016 00:00,       0.465
09/07/2016 00:00,       0.440
10/07/2016 00:00,       0.422
11/07/2016 00:00,       0.435
12/07/2016 00:00,       0.529
13/07/2016 00:00,       0.705
14/07/2016 00:00,       0.768
15/07/2016 00:00,       0.755
16/07/2016 00:00,       0.700
17/07/2016 00:00,       0.650
18/07/2016 00:00,       0.617
19/07/2016 00:00,       0.589
20/07/2016 00:00,       0.556
21/07/2016 00:00,       0.532
22/07/2016 00:00,       0.555
23/07/2016 00:00,       0.646
24/07/2016 00:00,       0.693
25/07/2016 00:00,       0.789
26/07/2016 00:00,       0.883
27/07/2016 00:00,       0.928
28/07/2016 00:00,       0.893
29/07/2016 00:00,       0.867
30/07/2016 00:00,       0.841
31/07/2016 00:00,       0.823
01/08/2016 00:00,       0.801
02/08/2016 00:00,       0.736
03/08/2016 00:00,       0.671
04/08/2016 00:00,       0.615
05/08/2016 00:00,       0.584
06/08/2016 00:00,       0.598
07/08/2016 00:00,       0.620
08/08/2016 00:00,       0.654
09/08/2016 00:00,       0.683
10/08/2016 00:00,       0.769
11/08/2016 00:00,       0.830
12/08/2016 00:00,       0.808
13/08/2016 00:00,       0.813
14/08/2016 00:00,       0.791
15/08/2016 00:00,       0.757
16/08/2016 00:00,       0.726
17/08/2016 00:00,       0.710
18/08/2016 00:00,       0.676
19/08/2016 00:00,       0.717
20/08/2016 00:00,       0.763
21/08/2016 00:00,       0.785
22/08/2016 00:00,       0.749
23/08/2016 00:00,       0.694
24/08/2016 00:00,       0.639
25/08/2016 00:00,       0.590
26/08/2016 00:00,       0.553
27/08/2016 00:00,       0.529
28/08/2016 00:00,       0.518
29/08/2016 00:00,       0.497
30/08/2016 00:00,       0.482
31/08/2016 00:00,       0.490
01/09/2016 00:00,       0.499
02/09/2016 00:00,       0.482
03/09/2016 00:00,       0.481
04/09/2016 00:00,       0.510
05/09/2016 00:00,       0.536
06/09/2016 00:00,       0.527
07/09/2016 00:00,       0.504
08/09/2016 00:00,       0.503
09/09/2016 00:00,       0.522
10/09/2016 00:00,       0.509
11/09/2016 00:00,       0.507
12/09/2016 00:00,       0.505
13/09/2016 00:00,       0.480
14/09/2016 00:00,       0.467
15/09/2016 00:00,       0.472
16/09/2016 00:00,       0.495
17/09/2016 00:00,       0.558
18/09/2016 00:00,       0.584
19/09/2016 00:00,       0.596
20/09/2016 00:00,       0.658
21/09/2016 00:00,       0.674
22/09/2016 00:00,       0.645
23/09/2016 00:00,       0.672
24/09/2016 00:00,       0.694
25/09/2016 00:00,       0.705
26/09/2016 00:00,       0.716
27/09/2016 00:00,       0.751
28/09/2016 00:00,       0.749
29/09/2016 00:00,       0.773
30/09/2016 00:00,       0.813
01/10/2016 00:00,       0.859
02/10/2016 00:00,       0.828
03/10/2016 00:00,       0.855
04/10/2016 00:00,       0.971
05/10/2016 00:00,       1.040
06/10/2016 00:00,       1.043
07/10/2016 00:00,       1.050
08/10/2016 00:00,       0.976
09/10/2016 00:00,       0.961
10/10/2016 00:00,       1.040
11/10/2016 00:00,       1.030
12/10/2016 00:00,       0.977
13/10/2016 00:00,       0.911
14/10/2016 00:00,       0.864
15/10/2016 00:00,       0.865
16/10/2016 00:00,       0.907
17/10/2016 00:00,       0.902
18/10/2016 00:00,       0.967
19/10/2016 00:00,       0.939
20/10/2016 00:00,       0.900
21/10/2016 00:00,       0.923
22/10/2016 00:00,       0.864
23/10/2016 00:00,       0.788
24/10/2016 00:00,       0.754
25/10/2016 00:00,       0.757
26/10/2016 00:00,       0.759
27/10/2016 00:00,       0.733
28/10/2016 00:00,       0.696
29/10/2016 00:00,       0.674
30/10/2016 00:00,       0.684
31/10/2016 00:00,       0.754
01/11/2016 00:00,       0.800
02/11/2016 00:00,       0.811
03/11/2016 00:00,       0.805
04/11/2016 00:00,       0.797
05/11/2016 00:00,       0.794
06/11/2016 00:00,       0.783
07/11/2016 00:00,       0.785
08/11/2016 00:00,       0.766
09/11/2016 00:00,       0.745
10/11/2016 00:00,       0.727
11/11/2016 00:00,       0.703
12/11/2016 00:00,       0.688
13/11/2016 00:00,       0.756
14/11/2016 00:00,       0.731
15/11/2016 00:00,       0.705
16/11/2016 00:00,       0.702
17/11/2016 00:00,       0.699
18/11/2016 00:00,       0.706
19/11/2016 00:00,       0.673
20/11/2016 00:00,       0.647
21/11/2016 00:00,       0.643
22/11/2016 00:00,       0.633
23/11/2016 00:00,       0.611
24/11/2016 00:00,       0.580
25/11/2016 00:00,       0.567
26/11/2016 00:00,       0.543
27/11/2016 00:00,       0.521
28/11/2016 00:00,       0.507
29/11/2016 00:00,       0.497
30/11/2016 00:00,       0.482
01/12/2016 00:00,       0.461
02/12/2016 00:00,       0.460
03/12/2016 00:00,       0.450
04/12/2016 00:00,       0.440
05/12/2016 00:00,       0.462
06/12/2016 00:00,       0.465
07/12/2016 00:00,       0.468
08/12/2016 00:00,       0.490
09/12/2016 00:00,       0.513
10/12/2016 00:00,       0.506
11/12/2016 00:00,       0.498
12/12/2016 00:00,       0.491
13/12/2016 00:00,       0.503
14/12/2016 00:00,       0.524
15/12/2016 00:00,       0.498
16/12/2016 00:00,       0.477
17/12/2016 00:00,       0.491
18/12/2016 00:00,       0.495
19/12/2016 00:00,       0.495
20/12/2016 00:00,       0.520
21/12/2016 00:00,       0.533
22/12/2016 00:00,       0.522
23/12/2016 00:00,       0.522
24/12/2016 00:00,       0.546
25/12/2016 00:00,       0.554
26/12/2016 00:00,       0.555
27/12/2016 00:00,       0.565
28/12/2016 00:00,       0.609
29/12/2016 00:00,       0.683
30/12/2016 00:00,       0.725
31/12/2016 00:00,       0.754
01/01/2017 00:00,       0.752
02/01/2017 00:00,       0.709
03/01/2017 00:00,       0.637
04/01/2017 00:00,       0.581
05/01/2017 00:00,       0.543
06/01/2017 00:00,       0.507
07/01/2017 00:00,       0.482
08/01/2017 00:00,       0.460
09/01/2017 00:00,       0.432
10/01/2017 00:00,       0.403
11/01/2017 00:00,       0.380
12/01/2017 00:00,       0.359
13/01/2017 00:00,       0.355
14/01/2017 00:00,       0.358
15/01/2017 00:00,       0.348
16/01/2017 00:00,       0.336
17/01/2017 00:00,       0.326
18/01/2017 00:00,       0.303
19/01/2017 00:00,       0.270
20/01/2017 00:00,       0.274
21/01/2017 00:00,       0.247
22/01/2017 00:00,       0.233
23/01/2017 00:00,       0.225
24/01/2017 00:00,       0.223
25/01/2017 00:00,       0.200
26/01/2017 00:00,       0.185
27/01/2017 00:00,       0.171
28/01/2017 00:00,       0.163
29/01/2017 00:00,       0.153
30/01/2017 00:00,       0.148
31/01/2017 00:00,       0.143
01/02/2017 00:00,       0.134
02/02/2017 00:00,       0.135
03/02/2017 00:00,       0.133
04/02/2017 00:00,       0.132
05/02/2017 00:00,       0.135
06/02/2017 00:00,       0.132
07/02/2017 00:00,       0.109
08/02/2017 00:00,       0.104
09/02/2017 00:00,       0.102
10/02/2017 00:00,       0.090
11/02/2017 00:00,       0.076
12/02/2017 00:00,       0.059
13/02/2017 00:00,       0.043
14/02/2017 00:00,       0.034
15/02/2017 00:00,       0.028
16/02/2017 00:00,       0.025
17/02/2017 00:00,       0.021
18/02/2017 00:00,       0.023
19/02/2017 00:00,       0.029
20/02/2017 00:00,       0.038
21/02/2017 00:00,       0.044
22/02/2017 00:00,       0.043
23/02/2017 00:00,       0.054
24/02/2017 00:00,       0.062
25/02/2017 00:00,       0.047
26/02/2017 00:00,       0.034
27/02/2017 00:00,       0.030
28/02/2017 00:00,       0.025
01/03/2017 00:00,       0.022
02/03/2017 00:00,       0.019
03/03/2017 00:00,       0.007
04/03/2017 00:00,      -0.003
05/03/2017 00:00,      -0.017
06/03/2017 00:00,      -0.029
07/03/2017 00:00,      -0.035
08/03/2017 00:00,      -0.039
09/03/2017 00:00,      -0.041
10/03/2017 00:00,      -0.041
11/03/2017 00:00,      -0.039
12/03/2017 00:00,      -0.040
13/03/2017 00:00,      -0.032
14/03/2017 00:00,      -0.029
15/03/2017 00:00,      -0.028
16/03/2017 00:00,      -0.021
17/03/2017 00:00,      -0.031
18/03/2017 00:00,      -0.031
19/03/2017 00:00,      -0.030
20/03/2017 00:00,      -0.025
21/03/2017 00:00,      -0.025
22/03/2017 00:00,      -0.042
23/03/2017 00:00,      -0.050
24/03/2017 00:00,      -0.053
25/03/2017 00:00,      -0.056
26/03/2017 00:00,      -0.057
27/03/2017 00:00,      -0.058
28/03/2017 00:00,      -0.046
29/03/2017 00:00,      -0.024
30/03/2017 00:00,       0.019
31/03/2017 00:00,       0.046
01/04/2017 00:00,       0.078
02/04/2017 00:00,       0.085
03/04/2017 00:00,       0.075
04/04/2017 00:00,       0.067
05/04/2017 00:00,       0.064
06/04/2017 00:00,       0.063
07/04/2017 00:00,       0.063
08/04/2017 00:00,       0.075
09/04/2017 00:00,       0.091
10/04/2017 00:00,       0.102
11/04/2017 00:00,       0.113
12/04/2017 00:00,       0.116
13/04/2017 00:00,       0.121
14/04/2017 00:00,       0.124
15/04/2017 00:00,       0.122
16/04/2017 00:00,       0.120
17/04/2017 00:00,       0.112
18/04/2017 00:00,       0.111
19/04/2017 00:00,       0.110
20/04/2017 00:00,       0.129
21/04/2017 00:00,       0.154
22/04/2017 00:00,       0.161
23/04/2017 00:00,       0.155
24/04/2017 00:00,       0.156
25/04/2017 00:00,       0.162
26/04/2017 00:00,       0.169
27/04/2017 00:00,       0.166
28/04/2017 00:00,       0.190
29/04/2017 00:00,       0.208
30/04/2017 00:00,       0.219
01/05/2017 00:00,       0.228
02/05/2017 00:00,       0.228
03/05/2017 00:00,       0.225
04/05/2017 00:00,       0.220
05/05/2017 00:00,       0.211
06/05/2017 00:00,       0.208
07/05/2017 00:00,       0.196
08/05/2017 00:00,       0.186
09/05/2017 00:00,       0.175
10/05/2017 00:00,       0.167
11/05/2017 00:00,       0.162
12/05/2017 00:00,       0.163
13/05/2017 00:00,       0.152
14/05/2017 00:00,       0.141
15/05/2017 00:00,       0.133
16/05/2017 00:00,       0.127
17/05/2017 00:00,       0.130
18/05/2017 00:00,       0.136
19/05/2017 00:00,       0.148
20/05/2017 00:00,       0.172
21/05/2017 00:00,       0.190
22/05/2017 00:00,       0.199
23/05/2017 00:00,       0.219
24/05/2017 00:00,       0.255
25/05/2017 00:00,       0.293
26/05/2017 00:00,       0.325
27/05/2017 00:00,       0.341
28/05/2017 00:00,       0.397
29/05/2017 00:00,       0.420
30/05/2017 00:00,       0.439
31/05/2017 00:00,       0.411
01/06/2017 00:00,       0.390
02/06/2017 00:00,       0.367
03/06/2017 00:00,       0.346
04/06/2017 00:00,       0.327
05/06/2017 00:00,       0.315
06/06/2017 00:00,       0.308
07/06/2017 00:00,       0.288
08/06/2017 00:00,       0.277
09/06/2017 00:00,       0.266
10/06/2017 00:00,       0.252
11/06/2017 00:00,       0.240
12/06/2017 00:00,       0.242
13/06/2017 00:00,       0.242
14/06/2017 00:00,       0.231
15/06/2017 00:00,       0.225
16/06/2017 00:00,       0.225
17/06/2017 00:00,       0.231
18/06/2017 00:00,       0.238
19/06/2017 00:00,       0.248
20/06/2017 00:00,       0.256
21/06/2017 00:00,       0.268
22/06/2017 00:00,       0.270
23/06/2017 00:00,       0.275
24/06/2017 00:00,       0.275
25/06/2017 00:00,       0.282
26/06/2017 00:00,       0.301
27/06/2017 00:00,       0.305
28/06/2017 00:00,       0.312
29/06/2017 00:00,       0.316
30/06/2017 00:00,       0.312
01/07/2017 00:00,       0.311
02/07/2017 00:00,       0.308
03/07/2017 00:00,       0.301
04/07/2017 00:00,       0.342
05/07/2017 00:00,       0.414
06/07/2017 00:00,       0.443
07/07/2017 00:00,       0.462
08/07/2017 00:00,       0.511
09/07/2017 00:00,       0.552
10/07/2017 00:00,       0.554
11/07/2017 00:00,       0.534
12/07/2017 00:00,       0.502
13/07/2017 00:00,       0.488
14/07/2017 00:00,       0.511
15/07/2017 00:00,       0.512
16/07/2017 00:00,       0.518
17/07/2017 00:00,       0.546
18/07/2017 00:00,       0.629
19/07/2017 00:00,       0.666
20/07/2017 00:00,       0.616
21/07/2017 00:00,       0.576
22/07/2017 00:00,       0.560
23/07/2017 00:00,       0.570
24/07/2017 00:00,       0.580
25/07/2017 00:00,       0.585
26/07/2017 00:00,       0.614
27/07/2017 00:00,       0.600
28/07/2017 00:00,       0.609
29/07/2017 00:00,       0.613
30/07/2017 00:00,       0.659
31/07/2017 00:00,       0.676
01/08/2017 00:00,       0.672
02/08/2017 00:00,       0.630
03/08/2017 00:00,       0.583
04/08/2017 00:00,       0.562
05/08/2017 00:00,       0.628
06/08/2017 00:00,       0.735
07/08/2017 00:00,       0.846
08/08/2017 00:00,       0.839
09/08/2017 00:00,       0.786
10/08/2017 00:00,       0.758
11/08/2017 00:00,       0.803
12/08/2017 00:00,       0.835
13/08/2017 00:00,       0.798
14/08/2017 00:00,       0.752
15/08/2017 00:00,       0.718
16/08/2017 00:00,       0.785
17/08/2017 00:00,       0.890
18/08/2017 00:00,       1.018
19/08/2017 00:00,       0.988
20/08/2017 00:00,       0.903
21/08/2017 00:00,       0.838
22/08/2017 00:00,       0.774
23/08/2017 00:00,       0.745
24/08/2017 00:00,       0.710
25/08/2017 00:00,       0.657
26/08/2017 00:00,       0.623
27/08/2017 00:00,       0.603
28/08/2017 00:00,       0.553
29/08/2017 00:00,       0.523
30/08/2017 00:00,       0.497
31/08/2017 00:00,       0.469
01/09/2017 00:00,       0.444
02/09/2017 00:00,       0.426
03/09/2017 00:00,       0.430
04/09/2017 00:00,       0.507
05/09/2017 00:00,       0.597
06/09/2017 00:00,       0.670
07/09/2017 00:00,       0.702
08/09/2017 00:00,       0.683
09/09/2017 00:00,       0.633
10/09/2017 00:00,       0.593
11/09/2017 00:00,       0.562
12/09/2017 00:00,       0.547
13/09/2017 00:00,       0.558
14/09/2017 00:00,       0.573
15/09/2017 00:00,       0.601
16/09/2017 00:00,       0.607
17/09/2017 00:00,       0.562
18/09/2017 00:00,       0.549
19/09/2017 00:00,       0.557
20/09/2017 00:00,       0.528
21/09/2017 00:00,       0.514
22/09/2017 00:00,       0.495
23/09/2017 00:00,       0.482
24/09/2017 00:00,       0.500
25/09/2017 00:00,       0.595
26/09/2017 00:00,       0.583
27/09/2017 00:00,       0.550
28/09/2017 00:00,       0.553
29/09/2017 00:00,       0.551
30/09/2017 00:00,       0.574
01/10/2017 00:00,       0.555
02/10/2017 00:00,       0.530
03/10/2017 00:00,       0.502
04/10/2017 00:00,       0.476
05/10/2017 00:00,       0.460
06/10/2017 00:00,       0.425
07/10/2017 00:00,       0.397
08/10/2017 00:00,       0.379
09/10/2017 00:00,       0.369
10/10/2017 00:00,       0.354
11/10/2017 00:00,       0.348
12/10/2017 00:00,       0.365
13/10/2017 00:00,       0.381
14/10/2017 00:00,       0.378
15/10/2017 00:00,       0.361
16/10/2017 00:00,       0.343
17/10/2017 00:00,       0.329
18/10/2017 00:00,       0.318
19/10/2017 00:00,       0.315
20/10/2017 00:00,       0.301
21/10/2017 00:00,       0.279
22/10/2017 00:00,       0.267
23/10/2017 00:00,       0.257
24/10/2017 00:00,       0.248
25/10/2017 00:00,       0.244
26/10/2017 00:00,       0.233
27/10/2017 00:00,       0.219
28/10/2017 00:00,       0.221
29/10/2017 00:00,       0.215
30/10/2017 00:00,       0.255
31/10/2017 00:00,       0.306
01/11/2017 00:00,       0.333
02/11/2017 00:00,       0.339
03/11/2017 00:00,       0.326
04/11/2017 00:00,       0.302
05/11/2017 00:00,       0.282
06/11/2017 00:00,       0.261
07/11/2017 00:00,       0.241
08/11/2017 00:00,       0.224
09/11/2017 00:00,       0.216
10/11/2017 00:00,       0.205
11/11/2017 00:00,       0.197
12/11/2017 00:00,       0.190
13/11/2017 00:00,       0.183
14/11/2017 00:00,       0.174
15/11/2017 00:00,       0.188
16/11/2017 00:00,       0.201
17/11/2017 00:00,       0.191
18/11/2017 00:00,       0.183
19/11/2017 00:00,       0.177
20/11/2017 00:00,       0.167
21/11/2017 00:00,       0.160
22/11/2017 00:00,       0.151
23/11/2017 00:00,       0.146
24/11/2017 00:00,       0.142
25/11/2017 00:00,       0.137
26/11/2017 00:00,       0.132
27/11/2017 00:00,       0.120
28/11/2017 00:00,       0.108
29/11/2017 00:00,       0.100
30/11/2017 00:00,       0.098
01/12/2017 00:00,       0.098
02/12/2017 00:00,       0.084
03/12/2017 00:00,       0.068
04/12/2017 00:00,       0.053
05/12/2017 00:00,       0.043
06/12/2017 00:00,       0.037
07/12/2017 00:00,       0.028
08/12/2017 00:00,       0.027
09/12/2017 00:00,       0.023
10/12/2017 00:00,       0.023
11/12/2017 00:00,       0.018
12/12/2017 00:00,       0.013
13/12/2017 00:00,       0.004
14/12/2017 00:00,       0.005
15/12/2017 00:00,       0.002
16/12/2017 00:00,       0.000
17/12/2017 00:00,       0.001
18/12/2017 00:00,      -0.001
19/12/2017 00:00,       0.006
20/12/2017 00:00,       0.021
21/12/2017 00:00,       0.048
22/12/2017 00:00,       0.070
23/12/2017 00:00,       0.082
24/12/2017 00:00,       0.077
25/12/2017 00:00,       0.054
26/12/2017 00:00,       0.042
27/12/2017 00:00,       0.034
28/12/2017 00:00,       0.034
29/12/2017 00:00,       0.029
30/12/2017 00:00,       0.024
31/12/2017 00:00,       0.023
01/01/2018 00:00,       0.029
02/01/2018 00:00,       0.031
03/01/2018 00:00,       0.030
04/01/2018 00:00,       0.028
05/01/2018 00:00,       0.024
06/01/2018 00:00,       0.012
07/01/2018 00:00,       0.010
08/01/2018 00:00,      -0.001
09/01/2018 00:00,      -0.016
10/01/2018 00:00,      -0.023
11/01/2018 00:00,      -0.029
12/01/2018 00:00,      -0.027
13/01/2018 00:00,      -0.024
14/01/2018 00:00,      -0.013
15/01/2018 00:00,      -0.016
16/01/2018 00:00,      -0.026
17/01/2018 00:00,      -0.032
18/01/2018 00:00,      -0.036
19/01/2018 00:00,      -0.037
20/01/2018 00:00,      -0.044
21/01/2018 00:00,      -0.050
22/01/2018 00:00,      -0.059
23/01/2018 00:00,      -0.071
24/01/2018 00:00,      -0.085
25/01/2018 00:00,      -0.092
26/01/2018 00:00,      -0.096
27/01/2018 00:00,      -0.096
28/01/2018 00:00,      -0.095
29/01/2018 00:00,      -0.095
30/01/2018 00:00,      -0.117
31/01/2018 00:00,      -0.139
01/02/2018 00:00,      -0.158
02/02/2018 00:00,      -0.168
03/02/2018 00:00,      -0.175
04/02/2018 00:00,      -0.178
05/02/2018 00:00,      -0.181
06/02/2018 00:00,      -0.185
07/02/2018 00:00,      -0.190
08/02/2018 00:00,      -0.199
09/02/2018 00:00,      -0.205
10/02/2018 00:00,      -0.209
11/02/2018 00:00,      -0.215
12/02/2018 00:00,      -0.216
13/02/2018 00:00,      -0.212
14/02/2018 00:00,      -0.209
15/02/2018 00:00,      -0.198
16/02/2018 00:00,      -0.180
17/02/2018 00:00,      -0.166
18/02/2018 00:00,      -0.157
19/02/2018 00:00,      -0.163
20/02/2018 00:00,      -0.162
21/02/2018 00:00,      -0.161
22/02/2018 00:00,      -0.159
23/02/2018 00:00,      -0.158
24/02/2018 00:00,      -0.158
25/02/2018 00:00,      -0.171
26/02/2018 00:00,      -0.175
27/02/2018 00:00,      -0.172
28/02/2018 00:00,      -0.173
01/03/2018 00:00,      -0.170
02/03/2018 00:00,      -0.163
03/03/2018 00:00,      -0.155
04/03/2018 00:00,      -0.152
05/03/2018 00:00,      -0.158
06/03/2018 00:00,      -0.174
07/03/2018 00:00,      -0.178
08/03/2018 00:00,      -0.183
09/03/2018 00:00,      -0.188
10/03/2018 00:00,      -0.192
11/03/2018 00:00,      -0.206
12/03/2018 00:00,      -0.216
13/03/2018 00:00,      -0.226
14/03/2018 00:00,      -0.229
15/03/2018 00:00,      -0.230
16/03/2018 00:00,      -0.229
17/03/2018 00:00,      -0.227
18/03/2018 00:00,      -0.222
19/03/2018 00:00,      -0.191
20/03/2018 00:00,      -0.162
21/03/2018 00:00,      -0.158
22/03/2018 00:00,      -0.146
23/03/2018 00:00,      -0.137
24/03/2018 00:00,      -0.124
25/03/2018 00:00,      -0.123
26/03/2018 00:00,      -0.093
27/03/2018 00:00,      -0.061
28/03/2018 00:00,      -0.022
29/03/2018 00:00,       0.003
30/03/2018 00:00,       0.029
31/03/2018 00:00,       0.048
01/04/2018 00:00,       0.062
02/04/2018 00:00,       0.072
03/04/2018 00:00,       0.080
04/04/2018 00:00,       0.080
05/04/2018 00:00,       0.073
06/04/2018 00:00,       0.068
07/04/2018 00:00,       0.064
08/04/2018 00:00,       0.062
09/04/2018 00:00,       0.060
10/04/2018 00:00,       0.065
11/04/2018 00:00,       0.067
12/04/2018 00:00,       0.074
13/04/2018 00:00,       0.088
14/04/2018 00:00,       0.141
15/04/2018 00:00,       0.279
16/04/2018 00:00,       0.394
17/04/2018 00:00,       0.424
18/04/2018 00:00,       0.399
19/04/2018 00:00,       0.382
20/04/2018 00:00,       0.360
21/04/2018 00:00,       0.347
22/04/2018 00:00,       0.326
23/04/2018 00:00,       0.305
24/04/2018 00:00,       0.300
25/04/2018 00:00,       0.299
26/04/2018 00:00,""
27/04/2018 00:00,       0.292
28/04/2018 00:00,       0.276
29/04/2018 00:00,       0.256
30/04/2018 00:00,       0.236
01/05/2018 00:00,       0.222
02/05/2018 00:00,       0.214
03/05/2018 00:00,       0.224
04/05/2018 00:00,       0.279
05/05/2018 00:00,       0.322
06/05/2018 00:00,       0.358
07/05/2018 00:00,       0.361
08/05/2018 00:00,       0.373
09/05/2018 00:00,       0.370
10/05/2018 00:00,       0.402
11/05/2018 00:00,       0.353
12/05/2018 00:00,       0.305
13/05/2018 00:00,       0.280
14/05/2018 00:00,       0.258
15/05/2018 00:00,       0.245
16/05/2018 00:00,       0.223
17/05/2018 00:00,       0.211
18/05/2018 00:00,       0.209
19/05/2018 00:00,       0.210
20/05/2018 00:00,       0.213
21/05/2018 00:00,       0.226
22/05/2018 00:00,       0.243
23/05/2018 00:00,       0.249
24/05/2018 00:00,       0.244
25/05/2018 00:00,       0.233
26/05/2018 00:00,       0.221
27/05/2018 00:00,       0.214
28/05/2018 00:00,       0.212
29/05/2018 00:00,       0.239
30/05/2018 00:00,       0.291
31/05/2018 00:00,       0.342
01/06/2018 00:00,       0.355
02/06/2018 00:00,       0.346
03/06/2018 00:00,       0.334
04/06/2018 00:00,       0.325
05/06/2018 00:00,       0.308
06/06/2018 00:00,       0.293
07/06/2018 00:00,       0.278
08/06/2018 00:00,       0.285
09/06/2018 00:00,       0.297
10/06/2018 00:00,       0.293
11/06/2018 00:00,       0.285
12/06/2018 00:00,       0.317
13/06/2018 00:00,       0.376
14/06/2018 00:00,       0.437
15/06/2018 00:00,       0.565
16/06/2018 00:00,       0.652
17/06/2018 00:00,       0.634
18/06/2018 00:00,       0.579
19/06/2018 00:00,""
20/06/2018 00:00,""
21/06/2018 00:00,""
22/06/2018 00:00,""
23/06/2018 00:00,""
24/06/2018 00:00,""
25/06/2018 00:00,""
26/06/2018 00:00,""
27/06/2018 00:00,""
28/06/2018 00:00,""
29/06/2018 00:00,""
30/06/2018 00:00,""
01/07/2018 00:00,""
02/07/2018 00:00,""
03/07/2018 00:00,""
04/07/2018 00:00,""
05/07/2018 00:00,""
06/07/2018 00:00,""
07/07/2018 00:00,""
08/07/2018 00:00,""
09/07/2018 00:00,""
10/07/2018 00:00,""
11/07/2018 00:00,""
12/07/2018 00:00,""
13/07/2018 00:00,""
14/07/2018 00:00,""
15/07/2018 00:00,""
16/07/2018 00:00,""
17/07/2018 00:00,""
18/07/2018 00:00,""
19/07/2018 00:00,""
20/07/2018 00:00,""
21/07/2018 00:00,""
22/07/2018 00:00,""
23/07/2018 00:00,""
24/07/2018 00:00,""
25/07/2018 00:00,""
26/07/2018 00:00,""
27/07/2018 00:00,""
28/07/2018 00:00,""
29/07/2018 00:00,""
30/07/2018 00:00,""
31/07/2018 00:00,""
01/08/2018 00:00,""
02/08/2018 00:00,""
03/08/2018 00:00,""
04/08/2018 00:00,""
05/08/2018 00:00,""
06/08/2018 00:00,""
07/08/2018 00:00,""
08/08/2018 00:00,""
09/08/2018 00:00,""
10/08/2018 00:00,""
11/08/2018 00:00,""
12/08/2018 00:00,""
13/08/2018 00:00,""
14/08/2018 00:00,""
15/08/2018 00:00,""
16/08/2018 00:00,""
17/08/2018 00:00,""
18/08/2018 00:00,""
19/08/2018 00:00,""
20/08/2018 00:00,""
21/08/2018 00:00,""
22/08/2018 00:00,""
23/08/2018 00:00,""
24/08/2018 00:00,""
25/08/2018 00:00,""
26/08/2018 00:00,""
27/08/2018 00:00,""
28/08/2018 00:00,""
29/08/2018 00:00,""
30/08/2018 00:00,""
31/08/2018 00:00,""
01/09/2018 00:00,""
02/09/2018 00:00,""
03/09/2018 00:00,""
04/09/2018 00:00,""
05/09/2018 00:00,""
06/09/2018 00:00,""
07/09/2018 00:00,""
08/09/2018 00:00,""
09/09/2018 00:00,""
10/09/2018 00:00,""
11/09/2018 00:00,""
12/09/2018 00:00,""
13/09/2018 00:00,""
14/09/2018 00:00,""
15/09/2018 00:00,""
16/09/2018 00:00,""
17/09/2018 00:00,""
18/09/2018 00:00,""
19/09/2018 00:00,""
20/09/2018 00:00,""
21/09/2018 00:00,""
22/09/2018 00:00,""
23/09/2018 00:00,""
24/09/2018 00:00,""
25/09/2018 00:00,""
26/09/2018 00:00,""
27/09/2018 00:00,""
28/09/2018 00:00,""
29/09/2018 00:00,""
30/09/2018 00:00,""
01/10/2018 00:00,""
02/10/2018 00:00,""
03/10/2018 00:00,""
04/10/2018 00:00,""
05/10/2018 00:00,""
06/10/2018 00:00,""
07/10/2018 00:00,""
08/10/2018 00:00,""
09/10/2018 00:00,""
10/10/2018 00:00,""
11/10/2018 00:00,""
12/10/2018 00:00,""
13/10/2018 00:00,""
14/10/2018 00:00,""
