"Time","A4261153"
"and","Wind Vel. (km/hr)"
"Date","Mean"
15/05/2008 00:00,""
16/05/2008 00:00,        29.0
17/05/2008 00:00,        96.1
18/05/2008 00:00,        22.7
19/05/2008 00:00,        17.9
20/05/2008 00:00,        15.3
21/05/2008 00:00,         9.7
22/05/2008 00:00,        10.8
23/05/2008 00:00,         9.2
24/05/2008 00:00,        19.0
25/05/2008 00:00,        17.2
26/05/2008 00:00,         7.7
27/05/2008 00:00,         6.0
28/05/2008 00:00,         7.8
29/05/2008 00:00,        21.3
30/05/2008 00:00,        16.6
31/05/2008 00:00,         6.1
01/06/2008 00:00,         6.7
02/06/2008 00:00,         9.3
03/06/2008 00:00,        12.0
04/06/2008 00:00,        12.9
05/06/2008 00:00,        16.2
06/06/2008 00:00,        17.7
07/06/2008 00:00,         9.0
08/06/2008 00:00,        12.6
09/06/2008 00:00,        17.0
10/06/2008 00:00,        27.8
11/06/2008 00:00,        21.0
12/06/2008 00:00,        32.7
13/06/2008 00:00,        27.3
14/06/2008 00:00,         6.6
15/06/2008 00:00,        12.3
16/06/2008 00:00,        20.6
17/06/2008 00:00,        27.1
18/06/2008 00:00,        14.0
19/06/2008 00:00,        17.4
20/06/2008 00:00,        12.9
21/06/2008 00:00,        20.0
22/06/2008 00:00,        15.1
23/06/2008 00:00,        17.9
24/06/2008 00:00,        18.8
25/06/2008 00:00,        28.0
26/06/2008 00:00,        24.9
27/06/2008 00:00,        12.0
28/06/2008 00:00,        25.5
29/06/2008 00:00,        29.0
30/06/2008 00:00,        36.4
01/07/2008 00:00,        32.9
02/07/2008 00:00,        23.4
03/07/2008 00:00,         7.6
04/07/2008 00:00,        16.6
05/07/2008 00:00,        28.1
06/07/2008 00:00,        26.9
07/07/2008 00:00,        29.2
08/07/2008 00:00,        21.5
09/07/2008 00:00,        22.5
10/07/2008 00:00,        43.2
11/07/2008 00:00,        12.8
12/07/2008 00:00,        33.0
13/07/2008 00:00,        31.2
14/07/2008 00:00,        38.8
15/07/2008 00:00,        32.6
16/07/2008 00:00,        19.7
17/07/2008 00:00,        26.9
18/07/2008 00:00,        18.8
19/07/2008 00:00,        28.1
20/07/2008 00:00,        18.1
21/07/2008 00:00,        27.5
22/07/2008 00:00,         7.5
23/07/2008 00:00,         9.4
24/07/2008 00:00,        15.9
25/07/2008 00:00,        15.5
26/07/2008 00:00,        14.8
27/07/2008 00:00,        14.2
28/07/2008 00:00,         8.1
29/07/2008 00:00,        27.2
30/07/2008 00:00,        20.7
31/07/2008 00:00,        36.8
01/08/2008 00:00,        35.1
02/08/2008 00:00,        18.7
03/08/2008 00:00,        22.8
04/08/2008 00:00,        14.0
05/08/2008 00:00,        12.3
06/08/2008 00:00,        30.9
07/08/2008 00:00,        30.0
08/08/2008 00:00,        19.6
09/08/2008 00:00,        30.4
10/08/2008 00:00,        43.0
11/08/2008 00:00,        21.9
12/08/2008 00:00,        22.6
13/08/2008 00:00,        10.5
14/08/2008 00:00,        22.9
15/08/2008 00:00,        28.9
16/08/2008 00:00,        26.3
17/08/2008 00:00,        20.7
18/08/2008 00:00,        15.2
19/08/2008 00:00,        25.0
20/08/2008 00:00,        18.9
21/08/2008 00:00,        27.4
22/08/2008 00:00,        17.0
23/08/2008 00:00,         9.8
24/08/2008 00:00,         9.1
25/08/2008 00:00,        16.9
26/08/2008 00:00,        17.7
27/08/2008 00:00,        12.9
28/08/2008 00:00,        11.0
29/08/2008 00:00,        17.2
30/08/2008 00:00,        31.4
31/08/2008 00:00,        34.9
01/09/2008 00:00,        21.5
02/09/2008 00:00,        16.4
03/09/2008 00:00,        15.7
04/09/2008 00:00,        15.6
05/09/2008 00:00,        12.0
06/09/2008 00:00,        12.1
07/09/2008 00:00,        17.6
08/09/2008 00:00,        12.8
09/09/2008 00:00,        13.1
10/09/2008 00:00,        31.8
11/09/2008 00:00,        25.1
12/09/2008 00:00,        25.6
13/09/2008 00:00,        38.5
14/09/2008 00:00,        38.6
15/09/2008 00:00,        53.6
16/09/2008 00:00,        21.1
17/09/2008 00:00,        21.5
18/09/2008 00:00,        26.5
19/09/2008 00:00,        24.3
20/09/2008 00:00,        29.7
21/09/2008 00:00,        21.5
22/09/2008 00:00,        45.3
23/09/2008 00:00,        24.1
24/09/2008 00:00,        11.2
25/09/2008 00:00,        24.6
26/09/2008 00:00,        18.7
27/09/2008 00:00,        21.0
28/09/2008 00:00,        30.1
29/09/2008 00:00,        21.7
30/09/2008 00:00,        17.5
01/10/2008 00:00,        35.2
02/10/2008 00:00,        14.7
03/10/2008 00:00,        17.7
04/10/2008 00:00,        15.5
05/10/2008 00:00,        17.8
06/10/2008 00:00,        45.2
07/10/2008 00:00,        23.9
08/10/2008 00:00,        18.9
09/10/2008 00:00,        11.5
10/10/2008 00:00,        14.0
11/10/2008 00:00,         8.8
12/10/2008 00:00,        28.4
13/10/2008 00:00,        29.6
14/10/2008 00:00,        22.9
15/10/2008 00:00,        16.8
16/10/2008 00:00,        12.7
17/10/2008 00:00,        12.9
18/10/2008 00:00,        19.4
19/10/2008 00:00,        31.8
20/10/2008 00:00,        22.8
21/10/2008 00:00,        24.0
22/10/2008 00:00,        16.0
23/10/2008 00:00,        13.1
24/10/2008 00:00,        18.4
25/10/2008 00:00,        17.9
26/10/2008 00:00,        31.8
27/10/2008 00:00,        26.4
28/10/2008 00:00,        20.5
29/10/2008 00:00,        20.0
30/10/2008 00:00,        29.9
31/10/2008 00:00,        35.5
01/11/2008 00:00,        18.8
02/11/2008 00:00,        31.8
03/11/2008 00:00,        30.7
04/11/2008 00:00,        16.9
05/11/2008 00:00,        22.9
06/11/2008 00:00,        15.9
07/11/2008 00:00,        47.3
08/11/2008 00:00,        35.0
09/11/2008 00:00,        18.4
10/11/2008 00:00,        14.7
11/11/2008 00:00,        14.3
12/11/2008 00:00,        19.2
13/11/2008 00:00,        28.8
14/11/2008 00:00,        29.2
15/11/2008 00:00,        27.7
16/11/2008 00:00,        23.1
17/11/2008 00:00,        19.4
18/11/2008 00:00,        20.9
19/11/2008 00:00,        22.2
20/11/2008 00:00,        28.7
21/11/2008 00:00,        34.9
22/11/2008 00:00,        44.6
23/11/2008 00:00,        22.2
24/11/2008 00:00,        16.8
25/11/2008 00:00,        22.8
26/11/2008 00:00,        19.4
27/11/2008 00:00,        25.1
28/11/2008 00:00,        24.6
29/11/2008 00:00,        31.1
30/11/2008 00:00,        28.1
01/12/2008 00:00,        28.2
02/12/2008 00:00,        24.7
03/12/2008 00:00,        21.0
04/12/2008 00:00,        22.7
05/12/2008 00:00,        29.3
06/12/2008 00:00,        25.9
07/12/2008 00:00,        23.1
08/12/2008 00:00,        14.4
09/12/2008 00:00,        24.8
10/12/2008 00:00,        25.4
11/12/2008 00:00,        17.9
12/12/2008 00:00,        30.7
13/12/2008 00:00,        38.4
14/12/2008 00:00,        31.4
15/12/2008 00:00,        17.7
16/12/2008 00:00,        19.0
17/12/2008 00:00,        17.5
18/12/2008 00:00,        33.0
19/12/2008 00:00,        24.5
20/12/2008 00:00,        16.9
21/12/2008 00:00,        25.0
22/12/2008 00:00,        35.1
23/12/2008 00:00,        25.2
24/12/2008 00:00,        19.9
25/12/2008 00:00,        13.4
26/12/2008 00:00,        16.3
27/12/2008 00:00,        21.1
28/12/2008 00:00,        31.0
29/12/2008 00:00,        29.1
30/12/2008 00:00,        37.1
31/12/2008 00:00,        27.6
01/01/2009 00:00,        35.7
02/01/2009 00:00,        22.5
03/01/2009 00:00,        14.5
04/01/2009 00:00,        17.2
05/01/2009 00:00,        18.6
06/01/2009 00:00,        20.0
07/01/2009 00:00,        30.8
08/01/2009 00:00,        30.9
09/01/2009 00:00,        22.2
10/01/2009 00:00,        24.4
11/01/2009 00:00,        25.1
12/01/2009 00:00,        15.7
13/01/2009 00:00,        23.6
14/01/2009 00:00,        34.3
15/01/2009 00:00,        32.0
16/01/2009 00:00,        31.9
17/01/2009 00:00,        18.6
18/01/2009 00:00,        12.9
19/01/2009 00:00,        14.9
20/01/2009 00:00,        22.3
21/01/2009 00:00,        15.1
22/01/2009 00:00,        34.4
23/01/2009 00:00,        24.7
24/01/2009 00:00,        26.7
25/01/2009 00:00,        19.6
26/01/2009 00:00,        17.5
27/01/2009 00:00,        12.6
28/01/2009 00:00,        22.2
29/01/2009 00:00,        21.7
30/01/2009 00:00,        17.7
31/01/2009 00:00,        25.3
01/02/2009 00:00,        20.6
02/02/2009 00:00,        26.8
03/02/2009 00:00,        23.8
04/02/2009 00:00,        21.9
05/02/2009 00:00,        25.4
06/02/2009 00:00,        14.8
07/02/2009 00:00,        29.3
08/02/2009 00:00,        30.8
09/02/2009 00:00,        29.5
10/02/2009 00:00,        28.1
11/02/2009 00:00,        31.2
12/02/2009 00:00,        30.8
13/02/2009 00:00,        24.1
14/02/2009 00:00,        20.3
15/02/2009 00:00,        22.4
16/02/2009 00:00,        19.0
17/02/2009 00:00,        10.8
18/02/2009 00:00,        13.3
19/02/2009 00:00,        21.9
20/02/2009 00:00,        29.0
21/02/2009 00:00,        28.4
22/02/2009 00:00,        12.7
23/02/2009 00:00,        24.4
24/02/2009 00:00,        23.7
25/02/2009 00:00,        14.2
26/02/2009 00:00,        16.2
27/02/2009 00:00,        31.7
28/02/2009 00:00,        25.0
01/03/2009 00:00,        18.7
02/03/2009 00:00,        20.0
03/03/2009 00:00,        42.5
04/03/2009 00:00,        46.0
05/03/2009 00:00,        30.0
06/03/2009 00:00,        13.7
07/03/2009 00:00,        16.7
08/03/2009 00:00,        23.5
09/03/2009 00:00,        18.9
10/03/2009 00:00,        16.7
11/03/2009 00:00,        13.9
12/03/2009 00:00,        16.0
13/03/2009 00:00,         9.8
14/03/2009 00:00,        39.1
15/03/2009 00:00,        33.9
16/03/2009 00:00,        29.6
17/03/2009 00:00,        14.9
18/03/2009 00:00,        15.7
19/03/2009 00:00,        18.6
20/03/2009 00:00,        11.6
21/03/2009 00:00,        25.4
22/03/2009 00:00,        29.0
23/03/2009 00:00,        14.3
24/03/2009 00:00,        12.5
25/03/2009 00:00,        13.2
26/03/2009 00:00,        23.8
27/03/2009 00:00,        13.3
28/03/2009 00:00,         9.9
29/03/2009 00:00,        12.9
30/03/2009 00:00,        18.1
31/03/2009 00:00,        10.6
01/04/2009 00:00,        18.9
02/04/2009 00:00,        23.4
03/04/2009 00:00,        33.4
04/04/2009 00:00,        19.9
05/04/2009 00:00,        28.2
06/04/2009 00:00,        18.3
07/04/2009 00:00,        22.5
08/04/2009 00:00,        16.8
09/04/2009 00:00,        11.7
10/04/2009 00:00,         9.2
11/04/2009 00:00,         9.7
12/04/2009 00:00,        10.3
13/04/2009 00:00,        13.3
14/04/2009 00:00,        15.7
15/04/2009 00:00,        31.0
16/04/2009 00:00,        20.9
17/04/2009 00:00,        12.3
18/04/2009 00:00,        16.0
19/04/2009 00:00,        16.8
20/04/2009 00:00,        12.2
21/04/2009 00:00,        14.5
22/04/2009 00:00,        21.1
23/04/2009 00:00,        31.3
24/04/2009 00:00,        25.6
25/04/2009 00:00,        46.6
26/04/2009 00:00,        39.8
27/04/2009 00:00,        21.1
28/04/2009 00:00,        10.9
29/04/2009 00:00,        12.7
30/04/2009 00:00,        14.5
01/05/2009 00:00,        13.0
02/05/2009 00:00,         8.9
03/05/2009 00:00,         8.9
04/05/2009 00:00,         8.0
05/05/2009 00:00,         7.3
06/05/2009 00:00,        11.8
07/05/2009 00:00,        11.9
08/05/2009 00:00,        16.8
09/05/2009 00:00,        18.0
10/05/2009 00:00,        15.4
11/05/2009 00:00,        11.0
12/05/2009 00:00,         9.5
13/05/2009 00:00,        19.1
14/05/2009 00:00,        21.5
15/05/2009 00:00,        28.7
16/05/2009 00:00,        25.6
17/05/2009 00:00,        12.6
18/05/2009 00:00,        11.7
19/05/2009 00:00,         8.7
20/05/2009 00:00,         9.0
21/05/2009 00:00,        10.1
22/05/2009 00:00,        25.5
23/05/2009 00:00,        33.6
24/05/2009 00:00,        21.0
25/05/2009 00:00,        11.7
26/05/2009 00:00,        11.9
27/05/2009 00:00,        10.8
28/05/2009 00:00,        10.3
29/05/2009 00:00,        12.6
30/05/2009 00:00,        12.8
31/05/2009 00:00,        10.4
01/06/2009 00:00,        12.3
02/06/2009 00:00,        15.6
03/06/2009 00:00,         6.1
04/06/2009 00:00,         9.8
05/06/2009 00:00,        16.1
06/06/2009 00:00,        15.4
07/06/2009 00:00,        19.6
08/06/2009 00:00,        29.4
09/06/2009 00:00,        38.2
10/06/2009 00:00,         9.9
11/06/2009 00:00,        22.0
12/06/2009 00:00,        32.2
13/06/2009 00:00,        29.6
14/06/2009 00:00,        23.2
15/06/2009 00:00,         7.7
16/06/2009 00:00,""
17/06/2009 00:00,""
18/06/2009 00:00,         9.4
19/06/2009 00:00,        26.3
20/06/2009 00:00,        28.9
21/06/2009 00:00,        13.9
22/06/2009 00:00,        21.8
23/06/2009 00:00,        23.4
24/06/2009 00:00,        14.0
25/06/2009 00:00,        11.7
26/06/2009 00:00,        16.0
27/06/2009 00:00,         7.9
28/06/2009 00:00,        24.2
29/06/2009 00:00,        28.1
30/06/2009 00:00,        35.8
01/07/2009 00:00,        36.8
02/07/2009 00:00,        34.5
03/07/2009 00:00,        32.6
04/07/2009 00:00,        21.7
05/07/2009 00:00,        12.1
06/07/2009 00:00,         6.2
07/07/2009 00:00,        14.3
08/07/2009 00:00,        21.5
09/07/2009 00:00,        24.3
10/07/2009 00:00,        35.6
11/07/2009 00:00,        32.1
12/07/2009 00:00,        29.3
13/07/2009 00:00,        26.2
14/07/2009 00:00,        17.0
15/07/2009 00:00,        14.6
16/07/2009 00:00,         9.8
17/07/2009 00:00,        20.5
18/07/2009 00:00,        26.8
19/07/2009 00:00,        24.6
20/07/2009 00:00,        29.2
21/07/2009 00:00,        23.6
22/07/2009 00:00,        31.0
23/07/2009 00:00,         8.9
24/07/2009 00:00,        22.9
25/07/2009 00:00,        22.5
26/07/2009 00:00,        21.3
27/07/2009 00:00,        22.8
28/07/2009 00:00,        19.0
29/07/2009 00:00,        14.8
30/07/2009 00:00,        21.6
31/07/2009 00:00,        21.5
01/08/2009 00:00,        22.1
02/08/2009 00:00,        27.4
03/08/2009 00:00,        19.6
04/08/2009 00:00,        16.1
05/08/2009 00:00,        14.5
06/08/2009 00:00,        30.0
07/08/2009 00:00,        27.1
08/08/2009 00:00,        16.5
09/08/2009 00:00,        12.6
10/08/2009 00:00,        19.4
11/08/2009 00:00,        14.6
12/08/2009 00:00,        13.7
13/08/2009 00:00,         9.8
14/08/2009 00:00,        20.5
15/08/2009 00:00,        26.7
16/08/2009 00:00,        47.4
17/08/2009 00:00,        21.0
18/08/2009 00:00,        16.7
19/08/2009 00:00,        23.2
20/08/2009 00:00,        14.1
21/08/2009 00:00,        34.5
22/08/2009 00:00,        24.0
23/08/2009 00:00,        31.1
24/08/2009 00:00,        45.4
25/08/2009 00:00,        41.7
26/08/2009 00:00,        29.1
27/08/2009 00:00,        22.4
28/08/2009 00:00,        16.4
29/08/2009 00:00,        31.8
30/08/2009 00:00,        30.3
31/08/2009 00:00,        22.5
01/09/2009 00:00,        11.3
02/09/2009 00:00,        32.3
03/09/2009 00:00,        25.8
04/09/2009 00:00,        26.7
05/09/2009 00:00,        18.0
06/09/2009 00:00,        29.3
07/09/2009 00:00,        26.4
08/09/2009 00:00,        20.3
09/09/2009 00:00,         9.8
10/09/2009 00:00,        13.8
11/09/2009 00:00,        31.8
12/09/2009 00:00,        27.2
13/09/2009 00:00,        31.2
14/09/2009 00:00,        12.9
15/09/2009 00:00,        14.2
16/09/2009 00:00,        25.5
17/09/2009 00:00,        28.1
18/09/2009 00:00,        19.3
19/09/2009 00:00,        19.6
20/09/2009 00:00,        15.6
21/09/2009 00:00,        33.9
22/09/2009 00:00,        21.6
23/09/2009 00:00,        36.8
24/09/2009 00:00,        29.2
25/09/2009 00:00,        38.6
26/09/2009 00:00,        50.7
27/09/2009 00:00,        35.2
28/09/2009 00:00,        11.1
29/09/2009 00:00,        23.7
30/09/2009 00:00,        23.0
01/10/2009 00:00,        22.1
02/10/2009 00:00,        24.8
03/10/2009 00:00,        16.9
04/10/2009 00:00,        11.5
05/10/2009 00:00,        22.1
06/10/2009 00:00,        20.9
07/10/2009 00:00,        23.5
08/10/2009 00:00,        19.4
09/10/2009 00:00,        17.0
10/10/2009 00:00,        16.6
11/10/2009 00:00,        27.6
12/10/2009 00:00,        40.9
13/10/2009 00:00,        45.9
14/10/2009 00:00,        35.2
15/10/2009 00:00,        37.1
16/10/2009 00:00,        31.9
17/10/2009 00:00,        19.2
18/10/2009 00:00,        12.8
19/10/2009 00:00,        15.0
20/10/2009 00:00,        24.9
21/10/2009 00:00,        22.1
22/10/2009 00:00,        17.2
23/10/2009 00:00,        15.5
24/10/2009 00:00,        21.5
25/10/2009 00:00,        34.0
26/10/2009 00:00,        30.1
27/10/2009 00:00,        18.3
28/10/2009 00:00,        16.1
29/10/2009 00:00,        16.0
30/10/2009 00:00,        21.4
31/10/2009 00:00,        18.5
01/11/2009 00:00,        14.7
02/11/2009 00:00,        30.2
03/11/2009 00:00,        40.3
04/11/2009 00:00,        23.5
05/11/2009 00:00,        19.2
06/11/2009 00:00,        15.8
07/11/2009 00:00,        12.2
08/11/2009 00:00,        17.6
09/11/2009 00:00,        20.3
10/11/2009 00:00,        13.9
11/11/2009 00:00,        12.5
12/11/2009 00:00,        17.0
13/11/2009 00:00,        11.3
14/11/2009 00:00,        17.0
15/11/2009 00:00,        17.0
16/11/2009 00:00,        29.4
17/11/2009 00:00,        16.6
18/11/2009 00:00,        17.7
19/11/2009 00:00,        18.4
20/11/2009 00:00,        22.6
21/11/2009 00:00,        15.3
22/11/2009 00:00,        39.5
23/11/2009 00:00,        23.0
24/11/2009 00:00,        19.6
25/11/2009 00:00,        21.2
26/11/2009 00:00,        16.4
27/11/2009 00:00,        29.5
28/11/2009 00:00,        49.0
29/11/2009 00:00,        36.9
30/11/2009 00:00,        31.7
01/12/2009 00:00,        17.3
02/12/2009 00:00,        17.9
03/12/2009 00:00,        33.9
04/12/2009 00:00,        19.1
05/12/2009 00:00,        23.6
06/12/2009 00:00,        14.1
07/12/2009 00:00,        15.3
08/12/2009 00:00,        28.6
09/12/2009 00:00,        20.1
10/12/2009 00:00,        34.4
11/12/2009 00:00,        27.8
12/12/2009 00:00,        24.5
13/12/2009 00:00,        20.9
14/12/2009 00:00,        15.8
15/12/2009 00:00,        15.4
16/12/2009 00:00,        30.4
17/12/2009 00:00,        37.4
18/12/2009 00:00,        29.4
19/12/2009 00:00,        24.5
20/12/2009 00:00,        15.0
21/12/2009 00:00,        18.3
22/12/2009 00:00,        13.8
23/12/2009 00:00,        23.1
24/12/2009 00:00,        35.3
25/12/2009 00:00,        27.1
26/12/2009 00:00,        21.6
27/12/2009 00:00,        18.0
28/12/2009 00:00,        21.5
29/12/2009 00:00,        19.7
30/12/2009 00:00,        13.1
31/12/2009 00:00,        32.3
01/01/2010 00:00,        27.8
02/01/2010 00:00,        35.6
03/01/2010 00:00,        19.6
04/01/2010 00:00,        16.0
05/01/2010 00:00,        23.0
06/01/2010 00:00,        20.7
07/01/2010 00:00,        13.5
08/01/2010 00:00,        16.7
09/01/2010 00:00,        14.4
10/01/2010 00:00,        11.3
11/01/2010 00:00,        20.5
12/01/2010 00:00,        28.7
13/01/2010 00:00,        22.4
14/01/2010 00:00,        19.6
15/01/2010 00:00,        13.7
16/01/2010 00:00,        31.2
17/01/2010 00:00,        39.8
18/01/2010 00:00,        27.3
19/01/2010 00:00,        11.9
20/01/2010 00:00,        17.5
21/01/2010 00:00,        13.5
22/01/2010 00:00,        30.2
23/01/2010 00:00,        27.0
24/01/2010 00:00,        19.4
25/01/2010 00:00,        16.2
26/01/2010 00:00,        27.6
27/01/2010 00:00,        22.6
28/01/2010 00:00,        25.2
29/01/2010 00:00,        26.1
30/01/2010 00:00,        13.6
31/01/2010 00:00,        31.4
01/02/2010 00:00,        28.4
02/02/2010 00:00,        14.7
03/02/2010 00:00,        15.6
04/02/2010 00:00,        28.0
05/02/2010 00:00,        35.1
06/02/2010 00:00,        18.2
07/02/2010 00:00,        13.6
08/02/2010 00:00,        14.6
09/02/2010 00:00,        14.9
10/02/2010 00:00,        21.3
11/02/2010 00:00,        24.2
12/02/2010 00:00,        17.1
13/02/2010 00:00,        21.2
14/02/2010 00:00,        31.2
15/02/2010 00:00,        30.5
16/02/2010 00:00,        14.6
17/02/2010 00:00,        27.3
18/02/2010 00:00,        20.3
19/02/2010 00:00,        11.5
20/02/2010 00:00,        25.1
21/02/2010 00:00,        19.1
22/02/2010 00:00,        29.7
23/02/2010 00:00,        20.9
24/02/2010 00:00,        19.7
25/02/2010 00:00,        16.2
26/02/2010 00:00,        15.9
27/02/2010 00:00,        34.9
28/02/2010 00:00,        40.1
01/03/2010 00:00,        34.2
02/03/2010 00:00,        48.0
03/03/2010 00:00,        14.4
04/03/2010 00:00,        12.7
05/03/2010 00:00,        17.5
06/03/2010 00:00,        18.2
07/03/2010 00:00,        23.0
08/03/2010 00:00,        43.7
09/03/2010 00:00,        29.6
10/03/2010 00:00,        38.4
11/03/2010 00:00,        23.0
12/03/2010 00:00,        17.6
13/03/2010 00:00,        18.2
14/03/2010 00:00,        15.8
15/03/2010 00:00,        15.2
16/03/2010 00:00,         9.3
17/03/2010 00:00,        11.4
18/03/2010 00:00,        16.1
19/03/2010 00:00,        17.5
20/03/2010 00:00,        12.1
21/03/2010 00:00,        17.7
22/03/2010 00:00,        16.3
23/03/2010 00:00,        14.4
24/03/2010 00:00,        11.2
25/03/2010 00:00,         9.2
26/03/2010 00:00,        16.0
27/03/2010 00:00,        17.3
28/03/2010 00:00,        17.8
29/03/2010 00:00,        22.6
30/03/2010 00:00,        16.6
31/03/2010 00:00,        10.9
01/04/2010 00:00,        14.7
02/04/2010 00:00,        18.5
03/04/2010 00:00,        17.9
04/04/2010 00:00,        10.2
05/04/2010 00:00,        18.7
06/04/2010 00:00,        38.9
07/04/2010 00:00,        18.2
08/04/2010 00:00,        16.0
09/04/2010 00:00,        20.2
10/04/2010 00:00,        21.1
11/04/2010 00:00,        29.6
12/04/2010 00:00,        12.3
13/04/2010 00:00,        12.3
14/04/2010 00:00,        10.2
15/04/2010 00:00,        10.7
16/04/2010 00:00,        13.4
17/04/2010 00:00,        14.6
18/04/2010 00:00,        34.9
19/04/2010 00:00,        12.3
20/04/2010 00:00,        14.7
21/04/2010 00:00,         8.8
22/04/2010 00:00,        14.0
23/04/2010 00:00,        16.9
24/04/2010 00:00,        27.0
25/04/2010 00:00,        17.7
26/04/2010 00:00,        17.9
27/04/2010 00:00,        18.8
28/04/2010 00:00,        24.9
29/04/2010 00:00,        19.2
30/04/2010 00:00,        10.1
01/05/2010 00:00,        19.8
02/05/2010 00:00,        16.3
03/05/2010 00:00,        20.2
04/05/2010 00:00,        30.5
05/05/2010 00:00,        24.3
06/05/2010 00:00,        16.2
07/05/2010 00:00,        17.0
08/05/2010 00:00,         9.4
09/05/2010 00:00,        10.9
10/05/2010 00:00,        29.9
11/05/2010 00:00,        30.5
12/05/2010 00:00,         9.0
13/05/2010 00:00,         9.4
14/05/2010 00:00,        10.0
15/05/2010 00:00,        11.8
16/05/2010 00:00,        13.0
17/05/2010 00:00,        11.1
18/05/2010 00:00,         6.2
19/05/2010 00:00,         8.5
20/05/2010 00:00,         7.4
21/05/2010 00:00,         8.8
22/05/2010 00:00,        12.9
23/05/2010 00:00,        29.5
24/05/2010 00:00,        25.8
25/05/2010 00:00,        16.2
26/05/2010 00:00,        13.5
27/05/2010 00:00,        15.0
28/05/2010 00:00,        18.8
29/05/2010 00:00,        32.5
30/05/2010 00:00,        35.9
31/05/2010 00:00,        16.7
01/06/2010 00:00,         9.1
02/06/2010 00:00,         7.8
03/06/2010 00:00,         7.8
04/06/2010 00:00,         7.7
05/06/2010 00:00,        18.8
06/06/2010 00:00,        11.0
07/06/2010 00:00,         7.8
08/06/2010 00:00,        22.1
09/06/2010 00:00,        35.2
10/06/2010 00:00,        17.1
11/06/2010 00:00,        19.7
12/06/2010 00:00,         7.4
13/06/2010 00:00,         5.6
14/06/2010 00:00,         8.5
15/06/2010 00:00,        10.9
16/06/2010 00:00,        27.9
17/06/2010 00:00,        34.4
18/06/2010 00:00,        22.0
19/06/2010 00:00,        17.2
20/06/2010 00:00,         9.7
21/06/2010 00:00,         6.9
22/06/2010 00:00,        15.0
23/06/2010 00:00,        16.0
24/06/2010 00:00,        22.0
25/06/2010 00:00,        20.9
26/06/2010 00:00,         9.8
27/06/2010 00:00,        14.5
28/06/2010 00:00,        29.7
29/06/2010 00:00,        21.7
30/06/2010 00:00,        10.2
01/07/2010 00:00,         7.8
02/07/2010 00:00,        10.3
03/07/2010 00:00,         7.6
04/07/2010 00:00,        13.0
05/07/2010 00:00,         9.4
06/07/2010 00:00,        14.4
07/07/2010 00:00,         7.9
08/07/2010 00:00,         9.2
09/07/2010 00:00,       128.5
10/07/2010 00:00,        38.4
11/07/2010 00:00,        19.2
12/07/2010 00:00,        26.3
13/07/2010 00:00,        33.0
14/07/2010 00:00,        35.1
15/07/2010 00:00,        10.8
16/07/2010 00:00,        10.0
17/07/2010 00:00,        22.3
18/07/2010 00:00,        15.0
19/07/2010 00:00,        12.5
20/07/2010 00:00,        16.8
21/07/2010 00:00,         9.7
22/07/2010 00:00,         7.5
23/07/2010 00:00,         8.3
24/07/2010 00:00,         7.7
25/07/2010 00:00,         6.6
26/07/2010 00:00,         9.2
27/07/2010 00:00,        17.9
28/07/2010 00:00,        13.3
29/07/2010 00:00,        18.8
30/07/2010 00:00,        27.0
31/07/2010 00:00,        32.9
01/08/2010 00:00,        45.4
02/08/2010 00:00,        26.0
03/08/2010 00:00,        12.5
04/08/2010 00:00,        29.9
05/08/2010 00:00,        14.7
06/08/2010 00:00,        10.5
07/08/2010 00:00,        26.2
08/08/2010 00:00,        22.4
09/08/2010 00:00,        14.3
10/08/2010 00:00,        32.8
11/08/2010 00:00,        47.6
12/08/2010 00:00,        27.6
13/08/2010 00:00,        21.1
14/08/2010 00:00,        35.7
15/08/2010 00:00,        37.4
16/08/2010 00:00,        22.7
17/08/2010 00:00,        25.3
18/08/2010 00:00,        35.2
19/08/2010 00:00,        38.8
20/08/2010 00:00,        27.5
21/08/2010 00:00,        29.9
22/08/2010 00:00,        25.1
23/08/2010 00:00,        27.0
24/08/2010 00:00,        33.8
25/08/2010 00:00,        38.0
26/08/2010 00:00,        40.1
27/08/2010 00:00,        20.6
28/08/2010 00:00,         9.9
29/08/2010 00:00,        17.9
30/08/2010 00:00,        18.0
31/08/2010 00:00,        22.3
01/09/2010 00:00,         9.4
02/09/2010 00:00,        17.5
03/09/2010 00:00,        31.9
04/09/2010 00:00,        36.8
05/09/2010 00:00,        24.1
06/09/2010 00:00,        13.7
07/09/2010 00:00,        16.5
08/09/2010 00:00,        30.4
09/09/2010 00:00,        23.9
10/09/2010 00:00,        29.0
11/09/2010 00:00,        15.5
12/09/2010 00:00,        19.0
13/09/2010 00:00,        16.4
14/09/2010 00:00,        26.1
15/09/2010 00:00,        30.5
16/09/2010 00:00,        28.7
17/09/2010 00:00,        19.7
18/09/2010 00:00,        23.7
19/09/2010 00:00,        23.3
20/09/2010 00:00,        21.3
21/09/2010 00:00,        18.9
22/09/2010 00:00,        15.5
23/09/2010 00:00,        13.5
24/09/2010 00:00,        12.6
25/09/2010 00:00,        20.6
26/09/2010 00:00,        14.0
27/09/2010 00:00,        31.7
28/09/2010 00:00,        30.3
29/09/2010 00:00,        18.2
30/09/2010 00:00,        15.6
01/10/2010 00:00,        13.6
02/10/2010 00:00,        19.3
03/10/2010 00:00,        31.3
04/10/2010 00:00,        21.3
05/10/2010 00:00,        14.9
06/10/2010 00:00,        27.0
07/10/2010 00:00,        28.0
08/10/2010 00:00,        20.7
09/10/2010 00:00,        15.6
10/10/2010 00:00,        16.1
11/10/2010 00:00,        30.0
12/10/2010 00:00,        21.8
13/10/2010 00:00,        17.6
14/10/2010 00:00,        16.2
15/10/2010 00:00,        48.7
16/10/2010 00:00,        35.7
17/10/2010 00:00,        22.9
18/10/2010 00:00,        20.9
19/10/2010 00:00,        12.0
20/10/2010 00:00,        11.8
21/10/2010 00:00,        15.6
22/10/2010 00:00,        24.5
23/10/2010 00:00,        26.7
24/10/2010 00:00,        15.6
25/10/2010 00:00,        12.0
26/10/2010 00:00,        21.3
27/10/2010 00:00,        15.8
28/10/2010 00:00,        27.0
29/10/2010 00:00,        28.4
30/10/2010 00:00,        42.9
31/10/2010 00:00,        29.9
01/11/2010 00:00,        14.3
02/11/2010 00:00,        22.9
03/11/2010 00:00,        22.7
04/11/2010 00:00,        24.4
05/11/2010 00:00,        15.3
06/11/2010 00:00,        18.6
07/11/2010 00:00,        20.5
08/11/2010 00:00,        19.8
09/11/2010 00:00,        11.7
10/11/2010 00:00,        24.8
11/11/2010 00:00,        10.0
12/11/2010 00:00,        28.7
13/11/2010 00:00,        19.4
14/11/2010 00:00,        20.4
15/11/2010 00:00,        16.7
16/11/2010 00:00,        21.1
17/11/2010 00:00,        17.5
18/11/2010 00:00,        29.2
19/11/2010 00:00,        23.4
20/11/2010 00:00,        16.7
21/11/2010 00:00,        15.8
22/11/2010 00:00,        15.5
23/11/2010 00:00,        29.5
24/11/2010 00:00,        23.6
25/11/2010 00:00,        18.7
26/11/2010 00:00,        19.5
27/11/2010 00:00,        33.8
28/11/2010 00:00,        40.6
29/11/2010 00:00,        35.8
30/11/2010 00:00,        26.3
01/12/2010 00:00,        22.8
02/12/2010 00:00,        13.8
03/12/2010 00:00,        11.2
04/12/2010 00:00,        18.5
05/12/2010 00:00,        23.7
06/12/2010 00:00,        14.8
07/12/2010 00:00,        48.4
08/12/2010 00:00,        31.9
09/12/2010 00:00,        26.7
10/12/2010 00:00,        35.6
11/12/2010 00:00,        36.3
12/12/2010 00:00,        28.3
13/12/2010 00:00,        14.7
14/12/2010 00:00,        21.7
15/12/2010 00:00,        36.1
16/12/2010 00:00,        21.6
17/12/2010 00:00,        29.5
18/12/2010 00:00,        29.7
19/12/2010 00:00,        48.6
20/12/2010 00:00,        34.3
21/12/2010 00:00,        24.5
22/12/2010 00:00,        20.6
23/12/2010 00:00,        24.5
24/12/2010 00:00,        13.2
25/12/2010 00:00,        17.3
26/12/2010 00:00,        32.6
27/12/2010 00:00,        32.1
28/12/2010 00:00,        13.6
29/12/2010 00:00,        18.8
30/12/2010 00:00,        14.1
31/12/2010 00:00,        28.3
01/01/2011 00:00,        25.1
02/01/2011 00:00,        27.2
03/01/2011 00:00,        27.6
04/01/2011 00:00,        19.2
05/01/2011 00:00,        23.9
06/01/2011 00:00,        16.1
07/01/2011 00:00,        16.7
08/01/2011 00:00,        29.3
09/01/2011 00:00,        29.2
10/01/2011 00:00,        23.9
11/01/2011 00:00,        25.7
12/01/2011 00:00,        20.9
13/01/2011 00:00,        21.9
14/01/2011 00:00,        15.9
15/01/2011 00:00,        14.5
16/01/2011 00:00,        25.3
17/01/2011 00:00,        29.3
18/01/2011 00:00,        20.7
19/01/2011 00:00,        18.6
20/01/2011 00:00,        14.0
21/01/2011 00:00,        35.7
22/01/2011 00:00,        26.5
23/01/2011 00:00,        16.9
24/01/2011 00:00,        24.4
25/01/2011 00:00,        19.4
26/01/2011 00:00,        21.5
27/01/2011 00:00,        20.7
28/01/2011 00:00,        17.0
29/01/2011 00:00,        12.6
30/01/2011 00:00,        16.9
31/01/2011 00:00,        16.0
01/02/2011 00:00,        29.3
02/02/2011 00:00,        18.7
03/02/2011 00:00,        18.5
04/02/2011 00:00,        16.4
05/02/2011 00:00,        26.5
06/02/2011 00:00,        30.6
07/02/2011 00:00,        25.2
08/02/2011 00:00,        22.0
09/02/2011 00:00,        15.2
10/02/2011 00:00,        14.3
11/02/2011 00:00,        24.9
12/02/2011 00:00,        26.6
13/02/2011 00:00,        24.8
14/02/2011 00:00,        19.0
15/02/2011 00:00,        18.0
16/02/2011 00:00,        16.0
17/02/2011 00:00,        21.5
18/02/2011 00:00,        22.1
19/02/2011 00:00,        24.5
20/02/2011 00:00,        29.8
21/02/2011 00:00,        28.9
22/02/2011 00:00,        25.3
23/02/2011 00:00,        16.6
24/02/2011 00:00,        13.8
25/02/2011 00:00,         9.3
26/02/2011 00:00,        11.9
27/02/2011 00:00,        26.7
28/02/2011 00:00,        27.6
01/03/2011 00:00,        34.9
02/03/2011 00:00,        18.7
03/03/2011 00:00,        28.4
04/03/2011 00:00,        21.6
05/03/2011 00:00,        18.9
06/03/2011 00:00,        14.2
07/03/2011 00:00,        28.9
08/03/2011 00:00,        22.6
09/03/2011 00:00,        31.5
10/03/2011 00:00,        30.3
11/03/2011 00:00,        15.3
12/03/2011 00:00,         7.5
13/03/2011 00:00,        26.9
14/03/2011 00:00,        20.9
15/03/2011 00:00,        19.5
16/03/2011 00:00,        27.1
17/03/2011 00:00,        21.6
18/03/2011 00:00,        18.1
19/03/2011 00:00,        17.3
20/03/2011 00:00,        12.6
21/03/2011 00:00,        32.2
22/03/2011 00:00,        32.0
23/03/2011 00:00,        43.7
24/03/2011 00:00,        39.1
25/03/2011 00:00,        29.7
26/03/2011 00:00,        26.3
27/03/2011 00:00,        18.8
28/03/2011 00:00,        12.2
29/03/2011 00:00,        12.1
30/03/2011 00:00,        21.9
31/03/2011 00:00,        18.0
01/04/2011 00:00,        18.6
02/04/2011 00:00,        19.3
03/04/2011 00:00,        18.0
04/04/2011 00:00,        22.1
05/04/2011 00:00,        14.4
06/04/2011 00:00,         8.4
07/04/2011 00:00,        17.0
08/04/2011 00:00,        30.6
09/04/2011 00:00,        28.7
10/04/2011 00:00,        37.8
11/04/2011 00:00,        29.4
12/04/2011 00:00,        10.9
13/04/2011 00:00,        11.6
14/04/2011 00:00,        14.6
15/04/2011 00:00,        16.3
16/04/2011 00:00,        20.4
17/04/2011 00:00,        12.3
18/04/2011 00:00,        14.4
19/04/2011 00:00,         8.2
20/04/2011 00:00,        16.0
21/04/2011 00:00,        22.2
22/04/2011 00:00,        21.7
23/04/2011 00:00,        12.6
24/04/2011 00:00,        11.0
25/04/2011 00:00,        14.5
26/04/2011 00:00,        12.5
27/04/2011 00:00,        18.5
28/04/2011 00:00,        25.2
29/04/2011 00:00,        20.4
30/04/2011 00:00,         8.6
01/05/2011 00:00,        11.6
02/05/2011 00:00,        14.7
03/05/2011 00:00,        13.1
04/05/2011 00:00,        15.2
05/05/2011 00:00,        13.1
06/05/2011 00:00,        11.2
07/05/2011 00:00,        12.0
08/05/2011 00:00,        15.1
09/05/2011 00:00,        17.9
10/05/2011 00:00,        20.4
11/05/2011 00:00,        35.7
12/05/2011 00:00,        28.2
13/05/2011 00:00,        25.7
14/05/2011 00:00,        20.0
15/05/2011 00:00,         7.1
16/05/2011 00:00,        11.8
17/05/2011 00:00,        20.8
18/05/2011 00:00,        24.0
19/05/2011 00:00,        24.4
20/05/2011 00:00,        21.3
21/05/2011 00:00,        26.7
22/05/2011 00:00,        32.0
23/05/2011 00:00,        31.9
24/05/2011 00:00,        28.4
25/05/2011 00:00,        14.2
26/05/2011 00:00,        14.1
27/05/2011 00:00,        10.0
28/05/2011 00:00,         6.3
29/05/2011 00:00,         9.7
30/05/2011 00:00,        11.2
31/05/2011 00:00,        13.3
01/06/2011 00:00,        16.1
02/06/2011 00:00,        18.7
03/06/2011 00:00,        13.0
04/06/2011 00:00,        14.1
05/06/2011 00:00,        26.8
06/06/2011 00:00,        14.2
07/06/2011 00:00,        26.9
08/06/2011 00:00,        16.4
09/06/2011 00:00,        17.5
10/06/2011 00:00,        14.9
11/06/2011 00:00,        15.9
12/06/2011 00:00,        20.7
13/06/2011 00:00,        15.4
14/06/2011 00:00,        10.8
15/06/2011 00:00,         9.0
16/06/2011 00:00,        23.7
17/06/2011 00:00,        26.4
18/06/2011 00:00,        16.2
19/06/2011 00:00,        24.0
20/06/2011 00:00,        37.2
21/06/2011 00:00,        37.7
22/06/2011 00:00,        26.3
23/06/2011 00:00,        16.4
24/06/2011 00:00,        12.3
25/06/2011 00:00,        24.2
26/06/2011 00:00,        15.6
27/06/2011 00:00,         7.2
28/06/2011 00:00,        13.4
29/06/2011 00:00,        13.8
30/06/2011 00:00,        26.8
01/07/2011 00:00,        32.1
02/07/2011 00:00,        23.8
03/07/2011 00:00,        25.3
04/07/2011 00:00,        38.2
05/07/2011 00:00,        34.9
06/07/2011 00:00,        30.8
07/07/2011 00:00,        14.7
08/07/2011 00:00,        20.6
09/07/2011 00:00,        19.9
10/07/2011 00:00,        31.6
11/07/2011 00:00,        13.9
12/07/2011 00:00,        18.4
13/07/2011 00:00,        15.8
14/07/2011 00:00,         9.5
15/07/2011 00:00,        15.1
16/07/2011 00:00,        15.1
17/07/2011 00:00,        23.6
18/07/2011 00:00,        21.1
19/07/2011 00:00,        11.9
20/07/2011 00:00,        11.1
21/07/2011 00:00,        10.6
22/07/2011 00:00,         8.7
23/07/2011 00:00,        16.9
24/07/2011 00:00,        24.4
25/07/2011 00:00,        15.9
26/07/2011 00:00,         8.1
27/07/2011 00:00,        22.2
28/07/2011 00:00,        25.1
29/07/2011 00:00,        38.3
30/07/2011 00:00,        17.8
31/07/2011 00:00,        19.8
01/08/2011 00:00,        19.2
02/08/2011 00:00,        20.7
03/08/2011 00:00,        20.4
04/08/2011 00:00,        44.1
05/08/2011 00:00,        36.3
06/08/2011 00:00,        16.2
07/08/2011 00:00,        12.8
08/08/2011 00:00,        27.2
09/08/2011 00:00,        13.1
10/08/2011 00:00,        23.7
11/08/2011 00:00,        19.7
12/08/2011 00:00,         9.8
13/08/2011 00:00,        10.6
14/08/2011 00:00,        18.0
15/08/2011 00:00,        20.1
16/08/2011 00:00,        28.8
17/08/2011 00:00,        39.1
18/08/2011 00:00,        38.0
19/08/2011 00:00,        17.9
20/08/2011 00:00,         6.1
21/08/2011 00:00,        13.5
22/08/2011 00:00,        21.8
23/08/2011 00:00,        19.4
24/08/2011 00:00,        23.2
25/08/2011 00:00,        23.0
26/08/2011 00:00,        10.7
27/08/2011 00:00,        12.6
28/08/2011 00:00,        37.3
29/08/2011 00:00,        20.8
30/08/2011 00:00,         9.5
31/08/2011 00:00,        12.7
01/09/2011 00:00,        12.7
02/09/2011 00:00,        27.5
03/09/2011 00:00,        30.7
04/09/2011 00:00,        17.5
05/09/2011 00:00,        18.8
06/09/2011 00:00,        34.6
07/09/2011 00:00,        17.3
08/09/2011 00:00,        17.6
09/09/2011 00:00,        40.2
10/09/2011 00:00,        26.8
11/09/2011 00:00,        26.5
12/09/2011 00:00,        17.1
13/09/2011 00:00,        22.6
14/09/2011 00:00,        17.6
15/09/2011 00:00,        14.7
16/09/2011 00:00,        15.3
17/09/2011 00:00,        27.5
18/09/2011 00:00,        16.8
19/09/2011 00:00,        41.3
20/09/2011 00:00,        30.8
21/09/2011 00:00,        16.8
22/09/2011 00:00,        35.2
23/09/2011 00:00,        25.8
24/09/2011 00:00,        19.7
25/09/2011 00:00,        15.4
26/09/2011 00:00,        15.9
27/09/2011 00:00,        26.6
28/09/2011 00:00,        39.4
29/09/2011 00:00,        42.1
30/09/2011 00:00,        34.5
01/10/2011 00:00,        36.3
02/10/2011 00:00,        17.7
03/10/2011 00:00,        15.5
04/10/2011 00:00,        17.3
05/10/2011 00:00,        16.9
06/10/2011 00:00,        11.6
07/10/2011 00:00,        17.8
08/10/2011 00:00,        17.9
09/10/2011 00:00,        48.1
10/10/2011 00:00,        29.9
11/10/2011 00:00,        24.2
12/10/2011 00:00,       251.9
13/10/2011 00:00,       333.9
14/10/2011 00:00,       291.3
15/10/2011 00:00,        37.5
16/10/2011 00:00,        27.9
17/10/2011 00:00,       143.2
18/10/2011 00:00,       203.0
19/10/2011 00:00,        60.1
20/10/2011 00:00,        29.7
21/10/2011 00:00,        16.7
22/10/2011 00:00,        14.4
23/10/2011 00:00,        49.8
24/10/2011 00:00,        30.2
25/10/2011 00:00,       116.5
26/10/2011 00:00,        53.7
27/10/2011 00:00,       230.5
28/10/2011 00:00,        66.8
29/10/2011 00:00,        51.4
30/10/2011 00:00,        45.2
31/10/2011 00:00,        94.7
01/11/2011 00:00,       319.2
02/11/2011 00:00,        54.9
03/11/2011 00:00,        86.0
04/11/2011 00:00,        71.7
05/11/2011 00:00,       210.4
06/11/2011 00:00,       210.8
07/11/2011 00:00,       149.9
08/11/2011 00:00,       255.0
09/11/2011 00:00,       260.3
10/11/2011 00:00,        27.2
11/11/2011 00:00,       324.6
12/11/2011 00:00,       504.1
13/11/2011 00:00,       673.3
14/11/2011 00:00,       240.4
15/11/2011 00:00,        37.2
16/11/2011 00:00,       253.7
17/11/2011 00:00,       571.2
18/11/2011 00:00,       127.9
19/11/2011 00:00,        27.0
20/11/2011 00:00,        32.5
21/11/2011 00:00,        19.5
22/11/2011 00:00,        45.3
23/11/2011 00:00,        34.4
24/11/2011 00:00,        25.7
25/11/2011 00:00,       101.3
26/11/2011 00:00,        29.8
27/11/2011 00:00,        13.6
28/11/2011 00:00,        23.2
29/11/2011 00:00,        30.6
30/11/2011 00:00,        40.3
01/12/2011 00:00,        23.6
02/12/2011 00:00,        25.8
03/12/2011 00:00,        29.6
04/12/2011 00:00,        28.7
05/12/2011 00:00,        24.6
06/12/2011 00:00,        18.6
07/12/2011 00:00,        16.1
08/12/2011 00:00,        11.6
09/12/2011 00:00,        18.8
10/12/2011 00:00,        27.5
11/12/2011 00:00,        29.0
12/12/2011 00:00,        24.7
13/12/2011 00:00,        26.1
14/12/2011 00:00,        23.2
15/12/2011 00:00,        21.6
16/12/2011 00:00,        18.5
17/12/2011 00:00,        28.6
18/12/2011 00:00,        30.7
19/12/2011 00:00,        26.3
20/12/2011 00:00,        16.3
21/12/2011 00:00,        22.6
22/12/2011 00:00,        15.4
23/12/2011 00:00,        19.7
24/12/2011 00:00,        12.2
25/12/2011 00:00,        32.4
26/12/2011 00:00,        34.9
27/12/2011 00:00,        26.3
28/12/2011 00:00,        26.9
29/12/2011 00:00,        23.3
30/12/2011 00:00,        52.2
31/12/2011 00:00,        13.1
01/01/2012 00:00,        12.1
02/01/2012 00:00,        28.5
03/01/2012 00:00,        23.2
04/01/2012 00:00,        38.2
05/01/2012 00:00,        27.7
06/01/2012 00:00,        17.5
07/01/2012 00:00,        24.5
08/01/2012 00:00,        32.9
09/01/2012 00:00,        34.0
10/01/2012 00:00,        35.8
11/01/2012 00:00,        38.5
12/01/2012 00:00,        22.8
13/01/2012 00:00,        25.6
14/01/2012 00:00,        29.3
15/01/2012 00:00,        19.6
16/01/2012 00:00,        13.2
17/01/2012 00:00,        26.7
18/01/2012 00:00,        33.6
19/01/2012 00:00,        27.8
20/01/2012 00:00,        27.0
21/01/2012 00:00,        23.1
22/01/2012 00:00,        12.8
23/01/2012 00:00,        17.3
24/01/2012 00:00,        20.2
25/01/2012 00:00,        32.6
26/01/2012 00:00,        33.2
27/01/2012 00:00,        21.2
28/01/2012 00:00,        14.1
29/01/2012 00:00,        23.1
30/01/2012 00:00,        43.2
31/01/2012 00:00,        34.4
01/02/2012 00:00,        30.4
02/02/2012 00:00,        27.1
03/02/2012 00:00,        21.9
04/02/2012 00:00,        12.8
05/02/2012 00:00,        40.2
06/02/2012 00:00,        28.4
07/02/2012 00:00,        24.8
08/02/2012 00:00,        19.7
09/02/2012 00:00,        20.6
10/02/2012 00:00,        31.4
11/02/2012 00:00,        34.4
12/02/2012 00:00,        22.6
13/02/2012 00:00,        16.9
14/02/2012 00:00,        14.0
15/02/2012 00:00,        25.2
16/02/2012 00:00,        25.1
17/02/2012 00:00,        24.9
18/02/2012 00:00,        15.9
19/02/2012 00:00,        22.3
20/02/2012 00:00,        33.7
21/02/2012 00:00,        29.5
22/02/2012 00:00,        21.7
23/02/2012 00:00,        15.6
24/02/2012 00:00,        13.1
25/02/2012 00:00,        21.8
26/02/2012 00:00,        20.4
27/02/2012 00:00,        26.9
28/02/2012 00:00,        30.1
29/02/2012 00:00,        21.6
01/03/2012 00:00,        33.1
02/03/2012 00:00,        24.8
03/03/2012 00:00,        14.6
04/03/2012 00:00,        29.7
05/03/2012 00:00,        20.3
06/03/2012 00:00,        28.0
07/03/2012 00:00,        20.6
08/03/2012 00:00,        17.7
09/03/2012 00:00,        18.1
10/03/2012 00:00,        17.5
11/03/2012 00:00,        19.6
12/03/2012 00:00,        11.4
13/03/2012 00:00,        11.4
14/03/2012 00:00,        29.0
15/03/2012 00:00,        24.6
16/03/2012 00:00,        26.6
17/03/2012 00:00,        17.2
18/03/2012 00:00,        18.4
19/03/2012 00:00,        26.3
20/03/2012 00:00,        32.8
21/03/2012 00:00,        32.8
22/03/2012 00:00,        23.1
23/03/2012 00:00,        40.5
24/03/2012 00:00,        20.7
25/03/2012 00:00,        12.3
26/03/2012 00:00,        12.8
27/03/2012 00:00,        10.7
28/03/2012 00:00,         9.4
29/03/2012 00:00,        13.7
30/03/2012 00:00,        14.2
31/03/2012 00:00,        23.8
01/04/2012 00:00,        11.7
02/04/2012 00:00,        24.3
03/04/2012 00:00,        14.7
04/04/2012 00:00,         9.7
05/04/2012 00:00,         9.4
06/04/2012 00:00,        39.9
07/04/2012 00:00,        19.7
08/04/2012 00:00,        21.3
09/04/2012 00:00,        32.9
10/04/2012 00:00,        20.6
11/04/2012 00:00,        14.0
12/04/2012 00:00,        12.8
13/04/2012 00:00,        13.9
14/04/2012 00:00,        13.8
15/04/2012 00:00,        13.4
16/04/2012 00:00,        12.4
17/04/2012 00:00,        11.8
18/04/2012 00:00,        13.2
19/04/2012 00:00,        15.4
20/04/2012 00:00,         9.5
21/04/2012 00:00,        23.7
22/04/2012 00:00,        26.7
23/04/2012 00:00,        28.8
24/04/2012 00:00,        34.3
25/04/2012 00:00,        16.9
26/04/2012 00:00,         8.9
27/04/2012 00:00,         6.5
28/04/2012 00:00,        12.0
29/04/2012 00:00,        13.6
30/04/2012 00:00,        22.8
01/05/2012 00:00,        26.0
02/05/2012 00:00,        24.8
03/05/2012 00:00,        14.2
04/05/2012 00:00,        10.2
05/05/2012 00:00,         9.6
06/05/2012 00:00,        17.2
07/05/2012 00:00,        21.9
08/05/2012 00:00,        18.7
09/05/2012 00:00,        19.1
10/05/2012 00:00,        15.0
11/05/2012 00:00,        22.8
12/05/2012 00:00,        17.6
13/05/2012 00:00,        25.8
14/05/2012 00:00,        12.7
15/05/2012 00:00,        12.1
16/05/2012 00:00,        11.0
17/05/2012 00:00,        18.4
18/05/2012 00:00,        13.3
19/05/2012 00:00,        14.3
20/05/2012 00:00,        12.1
21/05/2012 00:00,        17.3
22/05/2012 00:00,        23.3
23/05/2012 00:00,        32.5
24/05/2012 00:00,        30.8
25/05/2012 00:00,        24.0
26/05/2012 00:00,        15.2
27/05/2012 00:00,        13.9
28/05/2012 00:00,        10.1
29/05/2012 00:00,        11.9
30/05/2012 00:00,        10.1
31/05/2012 00:00,        10.4
01/06/2012 00:00,         7.3
02/06/2012 00:00,        15.9
03/06/2012 00:00,        19.8
04/06/2012 00:00,        25.0
05/06/2012 00:00,        34.3
06/06/2012 00:00,        18.8
07/06/2012 00:00,        11.2
08/06/2012 00:00,        10.2
09/06/2012 00:00,         9.9
10/06/2012 00:00,         8.7
11/06/2012 00:00,        13.4
12/06/2012 00:00,        28.3
13/06/2012 00:00,        29.1
14/06/2012 00:00,        27.2
15/06/2012 00:00,        20.5
16/06/2012 00:00,        20.1
17/06/2012 00:00,        17.4
18/06/2012 00:00,        17.0
19/06/2012 00:00,        15.2
20/06/2012 00:00,        27.9
21/06/2012 00:00,        18.2
22/06/2012 00:00,        24.5
23/06/2012 00:00,        22.7
24/06/2012 00:00,        17.7
25/06/2012 00:00,        13.0
26/06/2012 00:00,         8.5
27/06/2012 00:00,        15.1
28/06/2012 00:00,        28.6
29/06/2012 00:00,        27.5
30/06/2012 00:00,        24.3
01/07/2012 00:00,        25.1
02/07/2012 00:00,        11.7
03/07/2012 00:00,        11.0
04/07/2012 00:00,         8.6
05/07/2012 00:00,         9.0
06/07/2012 00:00,         9.7
07/07/2012 00:00,        17.6
08/07/2012 00:00,        22.6
09/07/2012 00:00,        12.7
10/07/2012 00:00,        10.3
11/07/2012 00:00,        19.7
12/07/2012 00:00,        19.0
13/07/2012 00:00,        19.1
14/07/2012 00:00,        24.2
15/07/2012 00:00,        25.0
16/07/2012 00:00,        19.2
17/07/2012 00:00,        23.4
18/07/2012 00:00,        22.0
19/07/2012 00:00,        22.1
20/07/2012 00:00,        12.6
21/07/2012 00:00,         8.3
22/07/2012 00:00,         7.8
23/07/2012 00:00,        11.7
24/07/2012 00:00,        23.6
25/07/2012 00:00,        34.6
26/07/2012 00:00,        35.0
27/07/2012 00:00,        26.8
28/07/2012 00:00,        18.7
29/07/2012 00:00,        13.3
30/07/2012 00:00,         9.4
31/07/2012 00:00,         8.5
01/08/2012 00:00,        12.5
02/08/2012 00:00,        21.7
03/08/2012 00:00,        19.5
04/08/2012 00:00,        17.1
05/08/2012 00:00,        32.5
06/08/2012 00:00,        17.8
07/08/2012 00:00,        28.0
08/08/2012 00:00,        23.9
09/08/2012 00:00,        29.8
10/08/2012 00:00,        19.9
11/08/2012 00:00,        16.8
12/08/2012 00:00,         9.3
13/08/2012 00:00,        24.0
14/08/2012 00:00,        17.6
15/08/2012 00:00,        20.6
16/08/2012 00:00,        31.7
17/08/2012 00:00,""
18/08/2012 00:00,""
19/08/2012 00:00,""
20/08/2012 00:00,""
21/08/2012 00:00,""
22/08/2012 00:00,""
23/08/2012 00:00,""
24/08/2012 00:00,""
25/08/2012 00:00,""
26/08/2012 00:00,""
27/08/2012 00:00,""
28/08/2012 00:00,""
29/08/2012 00:00,""
30/08/2012 00:00,""
31/08/2012 00:00,""
01/09/2012 00:00,""
02/09/2012 00:00,""
03/09/2012 00:00,""
04/09/2012 00:00,""
05/09/2012 00:00,""
06/09/2012 00:00,""
07/09/2012 00:00,""
08/09/2012 00:00,""
09/09/2012 00:00,""
10/09/2012 00:00,""
11/09/2012 00:00,""
12/09/2012 00:00,""
13/09/2012 00:00,""
14/09/2012 00:00,""
15/09/2012 00:00,""
16/09/2012 00:00,""
17/09/2012 00:00,""
18/09/2012 00:00,""
19/09/2012 00:00,""
20/09/2012 00:00,""
21/09/2012 00:00,""
22/09/2012 00:00,""
23/09/2012 00:00,""
24/09/2012 00:00,""
25/09/2012 00:00,""
26/09/2012 00:00,""
27/09/2012 00:00,""
28/09/2012 00:00,""
29/09/2012 00:00,""
30/09/2012 00:00,""
01/10/2012 00:00,""
02/10/2012 00:00,""
03/10/2012 00:00,""
04/10/2012 00:00,""
05/10/2012 00:00,""
06/10/2012 00:00,""
07/10/2012 00:00,""
08/10/2012 00:00,""
09/10/2012 00:00,""
10/10/2012 00:00,""
11/10/2012 00:00,""
12/10/2012 00:00,""
13/10/2012 00:00,""
14/10/2012 00:00,""
15/10/2012 00:00,""
16/10/2012 00:00,""
17/10/2012 00:00,""
18/10/2012 00:00,""
19/10/2012 00:00,""
20/10/2012 00:00,""
21/10/2012 00:00,""
22/10/2012 00:00,""
23/10/2012 00:00,""
24/10/2012 00:00,""
25/10/2012 00:00,""
26/10/2012 00:00,""
27/10/2012 00:00,""
28/10/2012 00:00,""
29/10/2012 00:00,""
30/10/2012 00:00,""
31/10/2012 00:00,""
01/11/2012 00:00,""
02/11/2012 00:00,""
03/11/2012 00:00,""
04/11/2012 00:00,""
05/11/2012 00:00,""
06/11/2012 00:00,""
07/11/2012 00:00,""
08/11/2012 00:00,""
09/11/2012 00:00,""
10/11/2012 00:00,""
11/11/2012 00:00,""
12/11/2012 00:00,""
13/11/2012 00:00,""
14/11/2012 00:00,""
15/11/2012 00:00,""
16/11/2012 00:00,""
17/11/2012 00:00,""
18/11/2012 00:00,""
19/11/2012 00:00,""
20/11/2012 00:00,""
21/11/2012 00:00,""
22/11/2012 00:00,""
23/11/2012 00:00,""
24/11/2012 00:00,""
25/11/2012 00:00,""
26/11/2012 00:00,""
27/11/2012 00:00,""
28/11/2012 00:00,""
29/11/2012 00:00,""
30/11/2012 00:00,""
01/12/2012 00:00,""
02/12/2012 00:00,""
03/12/2012 00:00,""
04/12/2012 00:00,""
05/12/2012 00:00,""
06/12/2012 00:00,""
07/12/2012 00:00,""
08/12/2012 00:00,""
09/12/2012 00:00,""
10/12/2012 00:00,""
11/12/2012 00:00,""
12/12/2012 00:00,""
13/12/2012 00:00,""
14/12/2012 00:00,""
15/12/2012 00:00,""
16/12/2012 00:00,""
17/12/2012 00:00,""
18/12/2012 00:00,""
19/12/2012 00:00,""
20/12/2012 00:00,""
21/12/2012 00:00,""
22/12/2012 00:00,""
23/12/2012 00:00,""
24/12/2012 00:00,""
25/12/2012 00:00,""
26/12/2012 00:00,""
27/12/2012 00:00,""
28/12/2012 00:00,""
29/12/2012 00:00,""
30/12/2012 00:00,""
31/12/2012 00:00,""
01/01/2013 00:00,""
02/01/2013 00:00,""
03/01/2013 00:00,""
04/01/2013 00:00,""
05/01/2013 00:00,""
06/01/2013 00:00,""
07/01/2013 00:00,""
08/01/2013 00:00,""
09/01/2013 00:00,""
10/01/2013 00:00,""
11/01/2013 00:00,""
12/01/2013 00:00,""
13/01/2013 00:00,""
14/01/2013 00:00,""
15/01/2013 00:00,""
16/01/2013 00:00,""
17/01/2013 00:00,""
18/01/2013 00:00,""
19/01/2013 00:00,""
20/01/2013 00:00,""
21/01/2013 00:00,""
22/01/2013 00:00,""
23/01/2013 00:00,""
24/01/2013 00:00,""
25/01/2013 00:00,""
26/01/2013 00:00,""
27/01/2013 00:00,""
28/01/2013 00:00,""
29/01/2013 00:00,""
30/01/2013 00:00,""
31/01/2013 00:00,""
01/02/2013 00:00,""
02/02/2013 00:00,""
03/02/2013 00:00,""
04/02/2013 00:00,""
05/02/2013 00:00,""
06/02/2013 00:00,""
07/02/2013 00:00,""
08/02/2013 00:00,""
09/02/2013 00:00,""
10/02/2013 00:00,""
11/02/2013 00:00,""
12/02/2013 00:00,""
13/02/2013 00:00,""
14/02/2013 00:00,""
15/02/2013 00:00,""
16/02/2013 00:00,""
17/02/2013 00:00,""
18/02/2013 00:00,""
19/02/2013 00:00,""
20/02/2013 00:00,""
21/02/2013 00:00,""
22/02/2013 00:00,""
23/02/2013 00:00,""
24/02/2013 00:00,""
25/02/2013 00:00,""
26/02/2013 00:00,""
27/02/2013 00:00,""
28/02/2013 00:00,""
01/03/2013 00:00,""
02/03/2013 00:00,""
03/03/2013 00:00,""
04/03/2013 00:00,""
05/03/2013 00:00,""
06/03/2013 00:00,""
07/03/2013 00:00,""
08/03/2013 00:00,""
09/03/2013 00:00,""
10/03/2013 00:00,""
11/03/2013 00:00,""
12/03/2013 00:00,""
13/03/2013 00:00,""
14/03/2013 00:00,""
15/03/2013 00:00,""
16/03/2013 00:00,""
17/03/2013 00:00,""
18/03/2013 00:00,""
19/03/2013 00:00,""
20/03/2013 00:00,""
21/03/2013 00:00,""
22/03/2013 00:00,""
23/03/2013 00:00,""
24/03/2013 00:00,""
25/03/2013 00:00,""
26/03/2013 00:00,""
27/03/2013 00:00,""
28/03/2013 00:00,""
29/03/2013 00:00,""
30/03/2013 00:00,""
31/03/2013 00:00,""
01/04/2013 00:00,""
02/04/2013 00:00,""
03/04/2013 00:00,""
04/04/2013 00:00,""
05/04/2013 00:00,""
06/04/2013 00:00,""
07/04/2013 00:00,""
08/04/2013 00:00,""
09/04/2013 00:00,""
10/04/2013 00:00,""
11/04/2013 00:00,""
12/04/2013 00:00,""
13/04/2013 00:00,""
14/04/2013 00:00,""
15/04/2013 00:00,""
16/04/2013 00:00,""
17/04/2013 00:00,""
18/04/2013 00:00,""
19/04/2013 00:00,""
20/04/2013 00:00,""
21/04/2013 00:00,""
22/04/2013 00:00,""
23/04/2013 00:00,""
24/04/2013 00:00,""
25/04/2013 00:00,""
26/04/2013 00:00,""
27/04/2013 00:00,""
28/04/2013 00:00,""
29/04/2013 00:00,""
30/04/2013 00:00,""
01/05/2013 00:00,""
02/05/2013 00:00,""
03/05/2013 00:00,""
04/05/2013 00:00,""
05/05/2013 00:00,""
06/05/2013 00:00,""
07/05/2013 00:00,""
08/05/2013 00:00,""
09/05/2013 00:00,""
10/05/2013 00:00,""
11/05/2013 00:00,""
12/05/2013 00:00,""
13/05/2013 00:00,""
14/05/2013 00:00,""
15/05/2013 00:00,""
16/05/2013 00:00,""
17/05/2013 00:00,""
18/05/2013 00:00,""
19/05/2013 00:00,""
20/05/2013 00:00,""
21/05/2013 00:00,""
22/05/2013 00:00,""
23/05/2013 00:00,""
24/05/2013 00:00,""
25/05/2013 00:00,""
26/05/2013 00:00,""
27/05/2013 00:00,""
28/05/2013 00:00,""
29/05/2013 00:00,""
30/05/2013 00:00,""
31/05/2013 00:00,""
01/06/2013 00:00,""
02/06/2013 00:00,""
03/06/2013 00:00,""
04/06/2013 00:00,""
05/06/2013 00:00,""
06/06/2013 00:00,""
07/06/2013 00:00,""
08/06/2013 00:00,""
09/06/2013 00:00,""
10/06/2013 00:00,""
11/06/2013 00:00,""
12/06/2013 00:00,""
13/06/2013 00:00,""
14/06/2013 00:00,""
15/06/2013 00:00,""
16/06/2013 00:00,""
17/06/2013 00:00,""
18/06/2013 00:00,""
19/06/2013 00:00,""
20/06/2013 00:00,""
21/06/2013 00:00,""
22/06/2013 00:00,""
23/06/2013 00:00,""
24/06/2013 00:00,""
25/06/2013 00:00,""
26/06/2013 00:00,""
27/06/2013 00:00,""
28/06/2013 00:00,""
29/06/2013 00:00,""
30/06/2013 00:00,""
01/07/2013 00:00,""
02/07/2013 00:00,""
03/07/2013 00:00,""
04/07/2013 00:00,""
05/07/2013 00:00,""
06/07/2013 00:00,""
07/07/2013 00:00,""
08/07/2013 00:00,""
09/07/2013 00:00,""
10/07/2013 00:00,""
11/07/2013 00:00,""
12/07/2013 00:00,""
13/07/2013 00:00,""
14/07/2013 00:00,""
15/07/2013 00:00,""
16/07/2013 00:00,""
17/07/2013 00:00,""
18/07/2013 00:00,""
19/07/2013 00:00,""
20/07/2013 00:00,""
21/07/2013 00:00,""
22/07/2013 00:00,""
23/07/2013 00:00,""
24/07/2013 00:00,""
25/07/2013 00:00,""
26/07/2013 00:00,""
27/07/2013 00:00,""
28/07/2013 00:00,""
29/07/2013 00:00,""
30/07/2013 00:00,""
31/07/2013 00:00,""
01/08/2013 00:00,""
02/08/2013 00:00,""
03/08/2013 00:00,""
04/08/2013 00:00,""
05/08/2013 00:00,""
06/08/2013 00:00,""
07/08/2013 00:00,""
08/08/2013 00:00,""
09/08/2013 00:00,""
10/08/2013 00:00,""
11/08/2013 00:00,""
12/08/2013 00:00,""
13/08/2013 00:00,""
14/08/2013 00:00,""
15/08/2013 00:00,""
16/08/2013 00:00,""
17/08/2013 00:00,""
18/08/2013 00:00,""
19/08/2013 00:00,""
20/08/2013 00:00,""
21/08/2013 00:00,""
22/08/2013 00:00,""
23/08/2013 00:00,""
24/08/2013 00:00,""
25/08/2013 00:00,""
26/08/2013 00:00,""
27/08/2013 00:00,""
28/08/2013 00:00,""
29/08/2013 00:00,""
30/08/2013 00:00,""
31/08/2013 00:00,""
01/09/2013 00:00,""
02/09/2013 00:00,""
03/09/2013 00:00,""
04/09/2013 00:00,""
05/09/2013 00:00,""
06/09/2013 00:00,""
07/09/2013 00:00,""
08/09/2013 00:00,""
09/09/2013 00:00,""
10/09/2013 00:00,""
11/09/2013 00:00,""
12/09/2013 00:00,""
13/09/2013 00:00,""
14/09/2013 00:00,""
15/09/2013 00:00,""
16/09/2013 00:00,""
17/09/2013 00:00,""
18/09/2013 00:00,""
19/09/2013 00:00,""
20/09/2013 00:00,""
21/09/2013 00:00,""
22/09/2013 00:00,""
23/09/2013 00:00,""
24/09/2013 00:00,""
25/09/2013 00:00,""
26/09/2013 00:00,""
27/09/2013 00:00,""
28/09/2013 00:00,""
29/09/2013 00:00,""
30/09/2013 00:00,""
01/10/2013 00:00,""
02/10/2013 00:00,""
03/10/2013 00:00,""
04/10/2013 00:00,""
05/10/2013 00:00,""
06/10/2013 00:00,""
07/10/2013 00:00,""
08/10/2013 00:00,""
09/10/2013 00:00,""
10/10/2013 00:00,""
11/10/2013 00:00,""
12/10/2013 00:00,""
13/10/2013 00:00,""
14/10/2013 00:00,""
15/10/2013 00:00,""
16/10/2013 00:00,""
17/10/2013 00:00,""
18/10/2013 00:00,""
19/10/2013 00:00,""
20/10/2013 00:00,""
21/10/2013 00:00,""
22/10/2013 00:00,""
23/10/2013 00:00,""
24/10/2013 00:00,""
25/10/2013 00:00,""
26/10/2013 00:00,""
27/10/2013 00:00,""
28/10/2013 00:00,""
29/10/2013 00:00,""
30/10/2013 00:00,""
31/10/2013 00:00,""
01/11/2013 00:00,""
02/11/2013 00:00,""
03/11/2013 00:00,""
04/11/2013 00:00,""
05/11/2013 00:00,""
06/11/2013 00:00,""
07/11/2013 00:00,""
08/11/2013 00:00,""
09/11/2013 00:00,""
10/11/2013 00:00,""
11/11/2013 00:00,""
12/11/2013 00:00,""
13/11/2013 00:00,""
14/11/2013 00:00,""
15/11/2013 00:00,""
16/11/2013 00:00,""
17/11/2013 00:00,""
18/11/2013 00:00,""
19/11/2013 00:00,""
20/11/2013 00:00,""
21/11/2013 00:00,""
22/11/2013 00:00,""
23/11/2013 00:00,""
24/11/2013 00:00,""
25/11/2013 00:00,""
26/11/2013 00:00,""
27/11/2013 00:00,""
28/11/2013 00:00,""
29/11/2013 00:00,""
30/11/2013 00:00,""
01/12/2013 00:00,""
02/12/2013 00:00,""
03/12/2013 00:00,""
04/12/2013 00:00,""
05/12/2013 00:00,""
06/12/2013 00:00,""
07/12/2013 00:00,""
08/12/2013 00:00,""
09/12/2013 00:00,""
10/12/2013 00:00,""
11/12/2013 00:00,""
12/12/2013 00:00,""
13/12/2013 00:00,        24.3
14/12/2013 00:00,        22.4
15/12/2013 00:00,        20.8
16/12/2013 00:00,        21.5
17/12/2013 00:00,        16.9
18/12/2013 00:00,         9.7
19/12/2013 00:00,        12.2
20/12/2013 00:00,        28.5
21/12/2013 00:00,        16.8
22/12/2013 00:00,        27.2
23/12/2013 00:00,        27.1
24/12/2013 00:00,        13.6
25/12/2013 00:00,        14.1
26/12/2013 00:00,        32.4
27/12/2013 00:00,        17.5
28/12/2013 00:00,        37.9
29/12/2013 00:00,        23.9
30/12/2013 00:00,        19.1
31/12/2013 00:00,        13.3
01/01/2014 00:00,        23.6
02/01/2014 00:00,        13.8
03/01/2014 00:00,        35.1
04/01/2014 00:00,        30.0
05/01/2014 00:00,        37.8
06/01/2014 00:00,        34.2
07/01/2014 00:00,        28.1
08/01/2014 00:00,        22.6
09/01/2014 00:00,        18.6
10/01/2014 00:00,        21.1
11/01/2014 00:00,        30.8
12/01/2014 00:00,        23.0
13/01/2014 00:00,        11.5
14/01/2014 00:00,        17.0
15/01/2014 00:00,        14.4
16/01/2014 00:00,        21.1
17/01/2014 00:00,        28.3
18/01/2014 00:00,        34.0
19/01/2014 00:00,        32.2
20/01/2014 00:00,        32.3
21/01/2014 00:00,        31.6
22/01/2014 00:00,        23.0
23/01/2014 00:00,        15.0
24/01/2014 00:00,        30.6
25/01/2014 00:00,        26.5
26/01/2014 00:00,        14.9
27/01/2014 00:00,        13.4
28/01/2014 00:00,        28.9
29/01/2014 00:00,        31.1
30/01/2014 00:00,        19.5
31/01/2014 00:00,        21.7
01/02/2014 00:00,        13.3
02/02/2014 00:00,        13.2
03/02/2014 00:00,        43.5
04/02/2014 00:00,        30.8
05/02/2014 00:00,        16.5
06/02/2014 00:00,        22.5
07/02/2014 00:00,        17.8
08/02/2014 00:00,        17.5
09/02/2014 00:00,        31.5
10/02/2014 00:00,        18.0
11/02/2014 00:00,        13.3
12/02/2014 00:00,        21.3
13/02/2014 00:00,        18.5
14/02/2014 00:00,        15.9
15/02/2014 00:00,        28.4
16/02/2014 00:00,        29.8
17/02/2014 00:00,        13.3
18/02/2014 00:00,        15.1
19/02/2014 00:00,        38.6
20/02/2014 00:00,        28.7
21/02/2014 00:00,        27.3
22/02/2014 00:00,        27.3
23/02/2014 00:00,        20.8
24/02/2014 00:00,        19.0
25/02/2014 00:00,        23.8
26/02/2014 00:00,        26.2
27/02/2014 00:00,        25.7
28/02/2014 00:00,        28.3
01/03/2014 00:00,        28.1
02/03/2014 00:00,        21.2
03/03/2014 00:00,        13.5
04/03/2014 00:00,        12.8
05/03/2014 00:00,        32.4
06/03/2014 00:00,        27.9
07/03/2014 00:00,        26.4
08/03/2014 00:00,        12.6
09/03/2014 00:00,        14.8
10/03/2014 00:00,         9.3
11/03/2014 00:00,        22.6
12/03/2014 00:00,        21.8
13/03/2014 00:00,        13.8
14/03/2014 00:00,        10.1
15/03/2014 00:00,        30.7
16/03/2014 00:00,        31.8
17/03/2014 00:00,        18.2
18/03/2014 00:00,        14.2
19/03/2014 00:00,        14.7
20/03/2014 00:00,        13.1
21/03/2014 00:00,        34.2
22/03/2014 00:00,        20.5
23/03/2014 00:00,        18.2
24/03/2014 00:00,        23.1
25/03/2014 00:00,        21.6
26/03/2014 00:00,        18.1
27/03/2014 00:00,        12.3
28/03/2014 00:00,        15.5
29/03/2014 00:00,        13.8
30/03/2014 00:00,        10.3
31/03/2014 00:00,        19.9
01/04/2014 00:00,        25.3
02/04/2014 00:00,        26.5
03/04/2014 00:00,        27.1
04/04/2014 00:00,        24.8
05/04/2014 00:00,        18.5
06/04/2014 00:00,        11.4
07/04/2014 00:00,        16.5
08/04/2014 00:00,        12.5
09/04/2014 00:00,         7.8
10/04/2014 00:00,        25.3
11/04/2014 00:00,        33.4
12/04/2014 00:00,        19.9
13/04/2014 00:00,        21.7
14/04/2014 00:00,        24.7
15/04/2014 00:00,        15.0
16/04/2014 00:00,         9.1
17/04/2014 00:00,        10.5
18/04/2014 00:00,        23.7
19/04/2014 00:00,        10.5
20/04/2014 00:00,        11.3
21/04/2014 00:00,        25.1
22/04/2014 00:00,        19.3
23/04/2014 00:00,        10.5
24/04/2014 00:00,        21.6
25/04/2014 00:00,        21.1
26/04/2014 00:00,        18.9
27/04/2014 00:00,        17.7
28/04/2014 00:00,        33.2
29/04/2014 00:00,        26.1
30/04/2014 00:00,        14.5
01/05/2014 00:00,        15.8
02/05/2014 00:00,        32.5
03/05/2014 00:00,        34.5
04/05/2014 00:00,        10.5
05/05/2014 00:00,        13.1
06/05/2014 00:00,        13.6
07/05/2014 00:00,        12.4
08/05/2014 00:00,        19.6
09/05/2014 00:00,        25.8
10/05/2014 00:00,        11.5
11/05/2014 00:00,         9.7
12/05/2014 00:00,        13.0
13/05/2014 00:00,        19.2
14/05/2014 00:00,        21.8
15/05/2014 00:00,        18.1
16/05/2014 00:00,        21.9
17/05/2014 00:00,        18.0
18/05/2014 00:00,        10.7
19/05/2014 00:00,         9.5
20/05/2014 00:00,         8.9
21/05/2014 00:00,        12.7
22/05/2014 00:00,        14.5
23/05/2014 00:00,         9.1
24/05/2014 00:00,        14.7
25/05/2014 00:00,        14.5
26/05/2014 00:00,        12.9
27/05/2014 00:00,        26.4
28/05/2014 00:00,        16.4
29/05/2014 00:00,        17.2
30/05/2014 00:00,        19.8
31/05/2014 00:00,        17.9
01/06/2014 00:00,        13.9
02/06/2014 00:00,         7.8
03/06/2014 00:00,        10.1
04/06/2014 00:00,        11.7
05/06/2014 00:00,         7.4
06/06/2014 00:00,         7.6
07/06/2014 00:00,         9.4
08/06/2014 00:00,        10.3
09/06/2014 00:00,        12.7
10/06/2014 00:00,        16.7
11/06/2014 00:00,        21.7
12/06/2014 00:00,        19.4
13/06/2014 00:00,        16.1
14/06/2014 00:00,        19.3
15/06/2014 00:00,        11.5
16/06/2014 00:00,        18.1
17/06/2014 00:00,         5.6
18/06/2014 00:00,        17.4
19/06/2014 00:00,        23.2
20/06/2014 00:00,        22.0
21/06/2014 00:00,        15.8
22/06/2014 00:00,        29.6
23/06/2014 00:00,        42.3
24/06/2014 00:00,        38.7
25/06/2014 00:00,        26.6
26/06/2014 00:00,        21.4
27/06/2014 00:00,        34.8
28/06/2014 00:00,        42.3
29/06/2014 00:00,        29.4
30/06/2014 00:00,        18.8
01/07/2014 00:00,         8.8
02/07/2014 00:00,        12.9
03/07/2014 00:00,        26.8
04/07/2014 00:00,        28.4
05/07/2014 00:00,        25.7
06/07/2014 00:00,        13.2
07/07/2014 00:00,        25.4
08/07/2014 00:00,        30.3
09/07/2014 00:00,        25.5
10/07/2014 00:00,        25.0
11/07/2014 00:00,        22.8
12/07/2014 00:00,        13.8
13/07/2014 00:00,        11.2
14/07/2014 00:00,        17.1
15/07/2014 00:00,        25.2
16/07/2014 00:00,        26.5
17/07/2014 00:00,        33.4
18/07/2014 00:00,        13.9
19/07/2014 00:00,         6.4
20/07/2014 00:00,        13.5
21/07/2014 00:00,        17.5
22/07/2014 00:00,        14.5
23/07/2014 00:00,        24.1
24/07/2014 00:00,        26.2
25/07/2014 00:00,        14.2
26/07/2014 00:00,        11.6
27/07/2014 00:00,        28.9
28/07/2014 00:00,        19.2
29/07/2014 00:00,        31.1
30/07/2014 00:00,        26.8
31/07/2014 00:00,        39.7
01/08/2014 00:00,        39.2
02/08/2014 00:00,         8.1
03/08/2014 00:00,        13.9
04/08/2014 00:00,        10.8
05/08/2014 00:00,        11.1
06/08/2014 00:00,        13.2
07/08/2014 00:00,        10.7
08/08/2014 00:00,         9.0
09/08/2014 00:00,        17.2
10/08/2014 00:00,        20.8
11/08/2014 00:00,         8.7
12/08/2014 00:00,        18.7
13/08/2014 00:00,        17.5
14/08/2014 00:00,        15.2
15/08/2014 00:00,        15.1
16/08/2014 00:00,        19.7
17/08/2014 00:00,        20.1
18/08/2014 00:00,        13.8
19/08/2014 00:00,        15.5
20/08/2014 00:00,        11.3
21/08/2014 00:00,        10.5
22/08/2014 00:00,        23.5
23/08/2014 00:00,        26.2
24/08/2014 00:00,        17.2
25/08/2014 00:00,        11.9
26/08/2014 00:00,         8.7
27/08/2014 00:00,         7.1
28/08/2014 00:00,         7.2
29/08/2014 00:00,         8.1
30/08/2014 00:00,        14.7
31/08/2014 00:00,        23.7
01/09/2014 00:00,        27.6
02/09/2014 00:00,        24.1
03/09/2014 00:00,        13.3
04/09/2014 00:00,        12.7
05/09/2014 00:00,        13.3
06/09/2014 00:00,        15.2
07/09/2014 00:00,        29.1
08/09/2014 00:00,        39.6
09/09/2014 00:00,        25.9
10/09/2014 00:00,        29.1
11/09/2014 00:00,        23.2
12/09/2014 00:00,        12.0
13/09/2014 00:00,        13.8
14/09/2014 00:00,        12.7
15/09/2014 00:00,        27.3
16/09/2014 00:00,        26.6
17/09/2014 00:00,        28.1
18/09/2014 00:00,        13.7
19/09/2014 00:00,        13.7
20/09/2014 00:00,        16.8
21/09/2014 00:00,        14.1
22/09/2014 00:00,        16.9
23/09/2014 00:00,        23.1
24/09/2014 00:00,        18.8
25/09/2014 00:00,        23.1
26/09/2014 00:00,        15.1
27/09/2014 00:00,        23.8
28/09/2014 00:00,        39.3
29/09/2014 00:00,        21.5
30/09/2014 00:00,        37.7
01/10/2014 00:00,        23.8
02/10/2014 00:00,        14.9
03/10/2014 00:00,        11.6
04/10/2014 00:00,        20.1
05/10/2014 00:00,        14.3
06/10/2014 00:00,        38.0
07/10/2014 00:00,        29.3
08/10/2014 00:00,        14.6
09/10/2014 00:00,        12.7
10/10/2014 00:00,        26.7
11/10/2014 00:00,        20.5
12/10/2014 00:00,        24.7
13/10/2014 00:00,        40.3
14/10/2014 00:00,        22.1
15/10/2014 00:00,        14.2
16/10/2014 00:00,        22.3
17/10/2014 00:00,        14.4
18/10/2014 00:00,        15.4
19/10/2014 00:00,        20.0
20/10/2014 00:00,        15.0
21/10/2014 00:00,        20.3
22/10/2014 00:00,        27.8
23/10/2014 00:00,        20.3
24/10/2014 00:00,        14.1
25/10/2014 00:00,        19.1
26/10/2014 00:00,        20.5
27/10/2014 00:00,        40.9
28/10/2014 00:00,        31.8
29/10/2014 00:00,        17.5
30/10/2014 00:00,        11.6
31/10/2014 00:00,        29.2
01/11/2014 00:00,        44.2
02/11/2014 00:00,        19.9
03/11/2014 00:00,        16.9
04/11/2014 00:00,        31.9
05/11/2014 00:00,        21.8
06/11/2014 00:00,        13.7
07/11/2014 00:00,        23.1
08/11/2014 00:00,        24.9
09/11/2014 00:00,        22.8
10/11/2014 00:00,        21.8
11/11/2014 00:00,        16.4
12/11/2014 00:00,        12.3
13/11/2014 00:00,        16.7
14/11/2014 00:00,        29.7
15/11/2014 00:00,        24.7
16/11/2014 00:00,        32.3
17/11/2014 00:00,        23.8
18/11/2014 00:00,        12.0
19/11/2014 00:00,        12.5
20/11/2014 00:00,        28.4
21/11/2014 00:00,        16.2
22/11/2014 00:00,        28.9
23/11/2014 00:00,        12.5
24/11/2014 00:00,        34.6
25/11/2014 00:00,        24.7
26/11/2014 00:00,        18.6
27/11/2014 00:00,        22.7
28/11/2014 00:00,        18.1
29/11/2014 00:00,        12.3
30/11/2014 00:00,        26.8
01/12/2014 00:00,        22.9
02/12/2014 00:00,        14.7
03/12/2014 00:00,        22.4
04/12/2014 00:00,        30.0
05/12/2014 00:00,        26.5
06/12/2014 00:00,        34.6
07/12/2014 00:00,        22.1
08/12/2014 00:00,        23.6
09/12/2014 00:00,        22.2
10/12/2014 00:00,        25.2
11/12/2014 00:00,        37.7
12/12/2014 00:00,        21.9
13/12/2014 00:00,        18.2
14/12/2014 00:00,        23.4
15/12/2014 00:00,        23.5
16/12/2014 00:00,        32.5
17/12/2014 00:00,        14.4
18/12/2014 00:00,        30.5
19/12/2014 00:00,        20.6
20/12/2014 00:00,        16.4
21/12/2014 00:00,        19.1
22/12/2014 00:00,        13.8
23/12/2014 00:00,        29.1
24/12/2014 00:00,        21.1
25/12/2014 00:00,        30.6
26/12/2014 00:00,        27.6
27/12/2014 00:00,        20.2
28/12/2014 00:00,        16.8
29/12/2014 00:00,        38.0
30/12/2014 00:00,        31.0
31/12/2014 00:00,        13.9
01/01/2015 00:00,        13.8
02/01/2015 00:00,        22.2
03/01/2015 00:00,        21.5
04/01/2015 00:00,        32.5
05/01/2015 00:00,        24.7
06/01/2015 00:00,        18.3
07/01/2015 00:00,        17.9
08/01/2015 00:00,        23.7
09/01/2015 00:00,        22.9
10/01/2015 00:00,        23.8
11/01/2015 00:00,        22.9
12/01/2015 00:00,        16.6
13/01/2015 00:00,        39.2
14/01/2015 00:00,        36.9
15/01/2015 00:00,        23.7
16/01/2015 00:00,        23.4
17/01/2015 00:00,        30.6
18/01/2015 00:00,        23.8
19/01/2015 00:00,        16.3
20/01/2015 00:00,        32.9
21/01/2015 00:00,        29.7
22/01/2015 00:00,        18.2
23/01/2015 00:00,        23.3
24/01/2015 00:00,        25.8
25/01/2015 00:00,        34.3
26/01/2015 00:00,        21.4
27/01/2015 00:00,        32.1
28/01/2015 00:00,        32.8
29/01/2015 00:00,        29.1
30/01/2015 00:00,        26.2
31/01/2015 00:00,        32.0
01/02/2015 00:00,        34.2
02/02/2015 00:00,        34.8
03/02/2015 00:00,        28.9
04/02/2015 00:00,        29.5
05/02/2015 00:00,        19.3
06/02/2015 00:00,        13.6
07/02/2015 00:00,        19.7
08/02/2015 00:00,        33.9
09/02/2015 00:00,        22.3
10/02/2015 00:00,        16.0
11/02/2015 00:00,        21.1
12/02/2015 00:00,        20.2
13/02/2015 00:00,        14.9
14/02/2015 00:00,        15.8
15/02/2015 00:00,        31.1
16/02/2015 00:00,        28.2
17/02/2015 00:00,        24.6
18/02/2015 00:00,        23.3
19/02/2015 00:00,        14.2
20/02/2015 00:00,        14.3
21/02/2015 00:00,        14.0
22/02/2015 00:00,        14.1
23/02/2015 00:00,        41.6
24/02/2015 00:00,        33.4
25/02/2015 00:00,        18.2
26/02/2015 00:00,        13.7
27/02/2015 00:00,        13.0
28/02/2015 00:00,        29.3
01/03/2015 00:00,        32.5
02/03/2015 00:00,        14.8
03/03/2015 00:00,        24.7
04/03/2015 00:00,        27.7
05/03/2015 00:00,        33.6
06/03/2015 00:00,        30.1
07/03/2015 00:00,        20.4
08/03/2015 00:00,        17.9
09/03/2015 00:00,        19.7
10/03/2015 00:00,        15.7
11/03/2015 00:00,        15.2
12/03/2015 00:00,        22.5
13/03/2015 00:00,        16.9
14/03/2015 00:00,        17.0
15/03/2015 00:00,        24.2
16/03/2015 00:00,        21.5
17/03/2015 00:00,        28.4
18/03/2015 00:00,        15.3
19/03/2015 00:00,        31.0
20/03/2015 00:00,        25.8
21/03/2015 00:00,        17.8
22/03/2015 00:00,        14.0
23/03/2015 00:00,        35.6
24/03/2015 00:00,        19.2
25/03/2015 00:00,        28.2
26/03/2015 00:00,        36.6
27/03/2015 00:00,        19.2
28/03/2015 00:00,        12.1
29/03/2015 00:00,         9.4
30/03/2015 00:00,        11.3
31/03/2015 00:00,        10.5
01/04/2015 00:00,        28.2
02/04/2015 00:00,        26.4
03/04/2015 00:00,        18.6
04/04/2015 00:00,        14.0
05/04/2015 00:00,        14.6
06/04/2015 00:00,        38.0
07/04/2015 00:00,        36.2
08/04/2015 00:00,        19.7
09/04/2015 00:00,        17.6
10/04/2015 00:00,        13.0
11/04/2015 00:00,         9.7
12/04/2015 00:00,        10.4
13/04/2015 00:00,        13.9
14/04/2015 00:00,        19.4
15/04/2015 00:00,        18.2
16/04/2015 00:00,        11.0
17/04/2015 00:00,        11.2
18/04/2015 00:00,        31.2
19/04/2015 00:00,""
20/04/2015 00:00,""
21/04/2015 00:00,""
22/04/2015 00:00,""
23/04/2015 00:00,""
24/04/2015 00:00,""
25/04/2015 00:00,""
26/04/2015 00:00,""
27/04/2015 00:00,""
28/04/2015 00:00,""
29/04/2015 00:00,""
30/04/2015 00:00,""
01/05/2015 00:00,""
02/05/2015 00:00,""
03/05/2015 00:00,""
04/05/2015 00:00,""
05/05/2015 00:00,""
06/05/2015 00:00,""
07/05/2015 00:00,""
08/05/2015 00:00,""
09/05/2015 00:00,""
10/05/2015 00:00,""
11/05/2015 00:00,""
12/05/2015 00:00,""
13/05/2015 00:00,""
14/05/2015 00:00,""
15/05/2015 00:00,""
16/05/2015 00:00,""
17/05/2015 00:00,""
18/05/2015 00:00,""
19/05/2015 00:00,""
20/05/2015 00:00,""
21/05/2015 00:00,""
22/05/2015 00:00,""
23/05/2015 00:00,""
24/05/2015 00:00,""
25/05/2015 00:00,""
26/05/2015 00:00,""
27/05/2015 00:00,""
28/05/2015 00:00,""
29/05/2015 00:00,""
30/05/2015 00:00,""
31/05/2015 00:00,""
01/06/2015 00:00,""
02/06/2015 00:00,""
03/06/2015 00:00,""
04/06/2015 00:00,""
05/06/2015 00:00,""
06/06/2015 00:00,""
07/06/2015 00:00,""
08/06/2015 00:00,""
09/06/2015 00:00,""
10/06/2015 00:00,""
11/06/2015 00:00,""
12/06/2015 00:00,""
13/06/2015 00:00,""
14/06/2015 00:00,""
15/06/2015 00:00,""
16/06/2015 00:00,""
17/06/2015 00:00,""
18/06/2015 00:00,""
19/06/2015 00:00,""
20/06/2015 00:00,""
21/06/2015 00:00,""
22/06/2015 00:00,""
23/06/2015 00:00,""
24/06/2015 00:00,""
25/06/2015 00:00,""
26/06/2015 00:00,""
27/06/2015 00:00,""
28/06/2015 00:00,""
29/06/2015 00:00,""
30/06/2015 00:00,""
01/07/2015 00:00,""
02/07/2015 00:00,""
03/07/2015 00:00,""
04/07/2015 00:00,""
05/07/2015 00:00,""
06/07/2015 00:00,""
07/07/2015 00:00,""
08/07/2015 00:00,""
