"Time","A4261221"
"and","Wind Direc (Deg)"
"Date","Mean"
28/07/2010 00:00,""
29/07/2010 00:00,          21
30/07/2010 00:00,         338
31/07/2010 00:00,         281
01/08/2010 00:00,         252
02/08/2010 00:00,         219
03/08/2010 00:00,         216
04/08/2010 00:00,         284
05/08/2010 00:00,         207
06/08/2010 00:00,         222
07/08/2010 00:00,          19
08/08/2010 00:00,          16
09/08/2010 00:00,          73
10/08/2010 00:00,         191
11/08/2010 00:00,         225
12/08/2010 00:00,         220
13/08/2010 00:00,           1
14/08/2010 00:00,         344
15/08/2010 00:00,         266
16/08/2010 00:00,         236
17/08/2010 00:00,          71
18/08/2010 00:00,         342
19/08/2010 00:00,         274
20/08/2010 00:00,         278
21/08/2010 00:00,         279
22/08/2010 00:00,          10
23/08/2010 00:00,         312
24/08/2010 00:00,         287
25/08/2010 00:00,         285
26/08/2010 00:00,         259
27/08/2010 00:00,         232
28/08/2010 00:00,         196
29/08/2010 00:00,          61
30/08/2010 00:00,          27
31/08/2010 00:00,         355
01/09/2010 00:00,         150
02/09/2010 00:00,         158
03/09/2010 00:00,         106
04/09/2010 00:00,         315
05/09/2010 00:00,         265
06/09/2010 00:00,         223
07/09/2010 00:00,          75
08/09/2010 00:00,          39
09/09/2010 00:00,         314
10/09/2010 00:00,         246
11/09/2010 00:00,          15
12/09/2010 00:00,         341
13/09/2010 00:00,          26
14/09/2010 00:00,         189
15/09/2010 00:00,         238
16/09/2010 00:00,         217
17/09/2010 00:00,         201
18/09/2010 00:00,         213
19/09/2010 00:00,         197
20/09/2010 00:00,         203
21/09/2010 00:00,         198
22/09/2010 00:00,         187
23/09/2010 00:00,         201
24/09/2010 00:00,          51
25/09/2010 00:00,         253
26/09/2010 00:00,         109
27/09/2010 00:00,         230
28/09/2010 00:00,         229
29/09/2010 00:00,         205
30/09/2010 00:00,         111
01/10/2010 00:00,          70
02/10/2010 00:00,          93
03/10/2010 00:00,          42
04/10/2010 00:00,          41
05/10/2010 00:00,         198
06/10/2010 00:00,         208
07/10/2010 00:00,         199
08/10/2010 00:00,         206
09/10/2010 00:00,         134
10/10/2010 00:00,          80
11/10/2010 00:00,          38
12/10/2010 00:00,          25
13/10/2010 00:00,         211
14/10/2010 00:00,          65
15/10/2010 00:00,         218
16/10/2010 00:00,         232
17/10/2010 00:00,         248
18/10/2010 00:00,         216
19/10/2010 00:00,         125
20/10/2010 00:00,          97
21/10/2010 00:00,          73
22/10/2010 00:00,         322
23/10/2010 00:00,         203
24/10/2010 00:00,         172
25/10/2010 00:00,          84
26/10/2010 00:00,         266
27/10/2010 00:00,         166
28/10/2010 00:00,          64
29/10/2010 00:00,         356
30/10/2010 00:00,         210
31/10/2010 00:00,         221
01/11/2010 00:00,         214
02/11/2010 00:00,         215
03/11/2010 00:00,         196
04/11/2010 00:00,         174
05/11/2010 00:00,         145
06/11/2010 00:00,          56
07/11/2010 00:00,         328
08/11/2010 00:00,         155
09/11/2010 00:00,          41
10/11/2010 00:00,         343
11/11/2010 00:00,          21
12/11/2010 00:00,         299
13/11/2010 00:00,         202
14/11/2010 00:00,         206
15/11/2010 00:00,         173
16/11/2010 00:00,         182
17/11/2010 00:00,         207
18/11/2010 00:00,         211
19/11/2010 00:00,         162
20/11/2010 00:00,         305
21/11/2010 00:00,         110
22/11/2010 00:00,          28
23/11/2010 00:00,          14
24/11/2010 00:00,         356
25/11/2010 00:00,         173
26/11/2010 00:00,          74
27/11/2010 00:00,         191
28/11/2010 00:00,         190
29/11/2010 00:00,         179
30/11/2010 00:00,         129
01/12/2010 00:00,         118
02/12/2010 00:00,          30
03/12/2010 00:00,          23
04/12/2010 00:00,          14
05/12/2010 00:00,         359
06/12/2010 00:00,          63
07/12/2010 00:00,          10
08/12/2010 00:00,         163
09/12/2010 00:00,         205
10/12/2010 00:00,         210
11/12/2010 00:00,         264
12/12/2010 00:00,         218
13/12/2010 00:00,          77
14/12/2010 00:00,          44
15/12/2010 00:00,         212
16/12/2010 00:00,         212
17/12/2010 00:00,         236
18/12/2010 00:00,         229
19/12/2010 00:00,         229
20/12/2010 00:00,         203
21/12/2010 00:00,         190
22/12/2010 00:00,          62
23/12/2010 00:00,         159
24/12/2010 00:00,         113
25/12/2010 00:00,         135
26/12/2010 00:00,         185
27/12/2010 00:00,         163
28/12/2010 00:00,          61
29/12/2010 00:00,         308
30/12/2010 00:00,          65
31/12/2010 00:00,         328
01/01/2011 00:00,         185
02/01/2011 00:00,         172
03/01/2011 00:00,         155
04/01/2011 00:00,         152
05/01/2011 00:00,         189
06/01/2011 00:00,          68
07/01/2011 00:00,          19
08/01/2011 00:00,          14
09/01/2011 00:00,         140
10/01/2011 00:00,         104
11/01/2011 00:00,         133
12/01/2011 00:00,         204
13/01/2011 00:00,         101
14/01/2011 00:00,         180
15/01/2011 00:00,         133
16/01/2011 00:00,         194
17/01/2011 00:00,         184
18/01/2011 00:00,         180
19/01/2011 00:00,         158
20/01/2011 00:00,          39
21/01/2011 00:00,         263
22/01/2011 00:00,         186
23/01/2011 00:00,         184
24/01/2011 00:00,         188
25/01/2011 00:00,          83
26/01/2011 00:00,         177
27/01/2011 00:00,         176
28/01/2011 00:00,         147
29/01/2011 00:00,          76
30/01/2011 00:00,          41
31/01/2011 00:00,         347
01/02/2011 00:00,         293
02/02/2011 00:00,         195
03/02/2011 00:00,         229
04/02/2011 00:00,         313
05/02/2011 00:00,         235
06/02/2011 00:00,         141
07/02/2011 00:00,         135
08/02/2011 00:00,         134
09/02/2011 00:00,         128
10/02/2011 00:00,           0
11/02/2011 00:00,         243
12/02/2011 00:00,         160
13/02/2011 00:00,         151
14/02/2011 00:00,         147
15/02/2011 00:00,         119
16/02/2011 00:00,          67
17/02/2011 00:00,         167
18/02/2011 00:00,         110
19/02/2011 00:00,         219
20/02/2011 00:00,         198
21/02/2011 00:00,         160
22/02/2011 00:00,         131
23/02/2011 00:00,         109
24/02/2011 00:00,          53
25/02/2011 00:00,          45
26/02/2011 00:00,          57
27/02/2011 00:00,         129
28/02/2011 00:00,         218
01/03/2011 00:00,         186
02/03/2011 00:00,         164
03/03/2011 00:00,         190
04/03/2011 00:00,         159
05/03/2011 00:00,         126
06/03/2011 00:00,          71
07/03/2011 00:00,          69
08/03/2011 00:00,          60
09/03/2011 00:00,          44
10/03/2011 00:00,         243
11/03/2011 00:00,         198
12/03/2011 00:00,          96
13/03/2011 00:00,         210
14/03/2011 00:00,         171
15/03/2011 00:00,         174
16/03/2011 00:00,         215
17/03/2011 00:00,         191
18/03/2011 00:00,         174
19/03/2011 00:00,         149
20/03/2011 00:00,         123
21/03/2011 00:00,         229
22/03/2011 00:00,         279
23/03/2011 00:00,         355
24/03/2011 00:00,         331
25/03/2011 00:00,         308
26/03/2011 00:00,         285
27/03/2011 00:00,         279
28/03/2011 00:00,         253
29/03/2011 00:00,         149
30/03/2011 00:00,         339
31/03/2011 00:00,         304
01/04/2011 00:00,         322
02/04/2011 00:00,         321
03/04/2011 00:00,         327
04/04/2011 00:00,         324
05/04/2011 00:00,         332
06/04/2011 00:00,         299
07/04/2011 00:00,         243
08/04/2011 00:00,         202
09/04/2011 00:00,         113
10/04/2011 00:00,          42
11/04/2011 00:00,          63
12/04/2011 00:00,          94
13/04/2011 00:00,         161
14/04/2011 00:00,         329
15/04/2011 00:00,         347
16/04/2011 00:00,          13
17/04/2011 00:00,          37
18/04/2011 00:00,         274
19/04/2011 00:00,         312
20/04/2011 00:00,         358
21/04/2011 00:00,         118
22/04/2011 00:00,         162
23/04/2011 00:00,         158
24/04/2011 00:00,          88
25/04/2011 00:00,         103
26/04/2011 00:00,          70
27/04/2011 00:00,         322
28/04/2011 00:00,         318
29/04/2011 00:00,          32
30/04/2011 00:00,          29
01/05/2011 00:00,         220
02/05/2011 00:00,         232
03/05/2011 00:00,         216
04/05/2011 00:00,         225
05/05/2011 00:00,         186
06/05/2011 00:00,         176
07/05/2011 00:00,         180
08/05/2011 00:00,         144
09/05/2011 00:00,         170
10/05/2011 00:00,         220
11/05/2011 00:00,         224
12/05/2011 00:00,         181
13/05/2011 00:00,         155
14/05/2011 00:00,         118
15/05/2011 00:00,         105
16/05/2011 00:00,         118
17/05/2011 00:00,           8
18/05/2011 00:00,         293
19/05/2011 00:00,          80
20/05/2011 00:00,          57
21/05/2011 00:00,          58
22/05/2011 00:00,          48
23/05/2011 00:00,         293
24/05/2011 00:00,         267
25/05/2011 00:00,         241
26/05/2011 00:00,         262
27/05/2011 00:00,         262
28/05/2011 00:00,          45
29/05/2011 00:00,         360
30/05/2011 00:00,         219
31/05/2011 00:00,         226
01/06/2011 00:00,         192
02/06/2011 00:00,          79
03/06/2011 00:00,          11
04/06/2011 00:00,         284
05/06/2011 00:00,         317
06/06/2011 00:00,          43
07/06/2011 00:00,         251
08/06/2011 00:00,         224
09/06/2011 00:00,         222
10/06/2011 00:00,         202
11/06/2011 00:00,         184
12/06/2011 00:00,         188
13/06/2011 00:00,         193
14/06/2011 00:00,         200
15/06/2011 00:00,         183
16/06/2011 00:00,         351
17/06/2011 00:00,         262
18/06/2011 00:00,         267
19/06/2011 00:00,         334
20/06/2011 00:00,           1
21/06/2011 00:00,         348
22/06/2011 00:00,          31
23/06/2011 00:00,          23
24/06/2011 00:00,         117
25/06/2011 00:00,          69
26/06/2011 00:00,           5
27/06/2011 00:00,         188
28/06/2011 00:00,         160
29/06/2011 00:00,         102
30/06/2011 00:00,          46
01/07/2011 00:00,           9
02/07/2011 00:00,         349
03/07/2011 00:00,         356
04/07/2011 00:00,           7
05/07/2011 00:00,         322
06/07/2011 00:00,         316
07/07/2011 00:00,         231
08/07/2011 00:00,         267
09/07/2011 00:00,         262
10/07/2011 00:00,         270
11/07/2011 00:00,         228
12/07/2011 00:00,         277
13/07/2011 00:00,         261
14/07/2011 00:00,         158
15/07/2011 00:00,         132
16/07/2011 00:00,          82
17/07/2011 00:00,         344
18/07/2011 00:00,         241
19/07/2011 00:00,         211
20/07/2011 00:00,         189
21/07/2011 00:00,         209
22/07/2011 00:00,         255
23/07/2011 00:00,          38
24/07/2011 00:00,         294
25/07/2011 00:00,         249
26/07/2011 00:00,         194
27/07/2011 00:00,          46
28/07/2011 00:00,          17
29/07/2011 00:00,          24
30/07/2011 00:00,          12
31/07/2011 00:00,           7
01/08/2011 00:00,         357
02/08/2011 00:00,         314
03/08/2011 00:00,         359
04/08/2011 00:00,         351
05/08/2011 00:00,         328
06/08/2011 00:00,         334
07/08/2011 00:00,         278
08/08/2011 00:00,         251
09/08/2011 00:00,         240
10/08/2011 00:00,         266
11/08/2011 00:00,         197
12/08/2011 00:00,         173
13/08/2011 00:00,         162
14/08/2011 00:00,         133
15/08/2011 00:00,          15
16/08/2011 00:00,          53
17/08/2011 00:00,         273
18/08/2011 00:00,         246
19/08/2011 00:00,         246
20/08/2011 00:00,         246
21/08/2011 00:00,         246
22/08/2011 00:00,         246
23/08/2011 00:00,         246
24/08/2011 00:00,         303
25/08/2011 00:00,         269
26/08/2011 00:00,         171
27/08/2011 00:00,         208
28/08/2011 00:00,         280
29/08/2011 00:00,         225
30/08/2011 00:00,         195
31/08/2011 00:00,         126
01/09/2011 00:00,          97
02/09/2011 00:00,          60
03/09/2011 00:00,          15
04/09/2011 00:00,         226
05/09/2011 00:00,         130
06/09/2011 00:00,         261
07/09/2011 00:00,          58
08/09/2011 00:00,         189
09/09/2011 00:00,         224
10/09/2011 00:00,         236
11/09/2011 00:00,         229
12/09/2011 00:00,         221
13/09/2011 00:00,         350
14/09/2011 00:00,         250
15/09/2011 00:00,          70
16/09/2011 00:00,         274
17/09/2011 00:00,         329
18/09/2011 00:00,         173
19/09/2011 00:00,         335
20/09/2011 00:00,         258
21/09/2011 00:00,          57
22/09/2011 00:00,         350
23/09/2011 00:00,         200
24/09/2011 00:00,         180
25/09/2011 00:00,         197
26/09/2011 00:00,          60
27/09/2011 00:00,          25
28/09/2011 00:00,         246
29/09/2011 00:00,         257
30/09/2011 00:00,         282
01/10/2011 00:00,         215
02/10/2011 00:00,         174
03/10/2011 00:00,         109
04/10/2011 00:00,          51
05/10/2011 00:00,         105
06/10/2011 00:00,         210
07/10/2011 00:00,         216
08/10/2011 00:00,         227
09/10/2011 00:00,         234
10/10/2011 00:00,         217
11/10/2011 00:00,         224
12/10/2011 00:00,         105
13/10/2011 00:00,          84
14/10/2011 00:00,          72
15/10/2011 00:00,         249
16/10/2011 00:00,         208
17/10/2011 00:00,         123
18/10/2011 00:00,          68
19/10/2011 00:00,          27
20/10/2011 00:00,         351
21/10/2011 00:00,         176
22/10/2011 00:00,         129
23/10/2011 00:00,          21
24/10/2011 00:00,         211
25/10/2011 00:00,         184
26/10/2011 00:00,         208
27/10/2011 00:00,          90
28/10/2011 00:00,         347
29/10/2011 00:00,         222
30/10/2011 00:00,         193
31/10/2011 00:00,         183
01/11/2011 00:00,         204
02/11/2011 00:00,         206
03/11/2011 00:00,         202
04/11/2011 00:00,         113
05/11/2011 00:00,          55
06/11/2011 00:00,         217
07/11/2011 00:00,         111
08/11/2011 00:00,          13
09/11/2011 00:00,         302
10/11/2011 00:00,         241
11/11/2011 00:00,         169
12/11/2011 00:00,          43
13/11/2011 00:00,          15
14/11/2011 00:00,         231
15/11/2011 00:00,         131
16/11/2011 00:00,         145
17/11/2011 00:00,          40
18/11/2011 00:00,          21
19/11/2011 00:00,         210
20/11/2011 00:00,         215
21/11/2011 00:00,         204
22/11/2011 00:00,         199
23/11/2011 00:00,         172
24/11/2011 00:00,         147
25/11/2011 00:00,         344
26/11/2011 00:00,         249
27/11/2011 00:00,         128
28/11/2011 00:00,          16
29/11/2011 00:00,         330
30/11/2011 00:00,         218
01/12/2011 00:00,         183
02/12/2011 00:00,         169
03/12/2011 00:00,         205
04/12/2011 00:00,         162
05/12/2011 00:00,         127
06/12/2011 00:00,         102
07/12/2011 00:00,          54
08/12/2011 00:00,          30
09/12/2011 00:00,          33
10/12/2011 00:00,         305
11/12/2011 00:00,         212
12/12/2011 00:00,         211
13/12/2011 00:00,         192
14/12/2011 00:00,         170
15/12/2011 00:00,         138
16/12/2011 00:00,         112
17/12/2011 00:00,          41
18/12/2011 00:00,         294
19/12/2011 00:00,         220
20/12/2011 00:00,         193
21/12/2011 00:00,         165
22/12/2011 00:00,         213
23/12/2011 00:00,         221
24/12/2011 00:00,         330
25/12/2011 00:00,         261
26/12/2011 00:00,         216
27/12/2011 00:00,         202
28/12/2011 00:00,         192
29/12/2011 00:00,         177
30/12/2011 00:00,         113
31/12/2011 00:00,          82
01/01/2012 00:00,          41
02/01/2012 00:00,          38
03/01/2012 00:00,         245
04/01/2012 00:00,         200
05/01/2012 00:00,         181
06/01/2012 00:00,         103
07/01/2012 00:00,           9
08/01/2012 00:00,         257
09/01/2012 00:00,         249
10/01/2012 00:00,         240
11/01/2012 00:00,         223
12/01/2012 00:00,         182
13/01/2012 00:00,         190
14/01/2012 00:00,         169
15/01/2012 00:00,         151
16/01/2012 00:00,          33
17/01/2012 00:00,          38
18/01/2012 00:00,         218
19/01/2012 00:00,         186
20/01/2012 00:00,         182
21/01/2012 00:00,         170
22/01/2012 00:00,          82
23/01/2012 00:00,          76
24/01/2012 00:00,          87
25/01/2012 00:00,         161
26/01/2012 00:00,         161
27/01/2012 00:00,         111
28/01/2012 00:00,          78
29/01/2012 00:00,          66
30/01/2012 00:00,         261
31/01/2012 00:00,         180
01/02/2012 00:00,         182
02/02/2012 00:00,         160
03/02/2012 00:00,         238
04/02/2012 00:00,         293
05/02/2012 00:00,         257
06/02/2012 00:00,         218
07/02/2012 00:00,         212
08/02/2012 00:00,         200
09/02/2012 00:00,         213
10/02/2012 00:00,         229
11/02/2012 00:00,         207
12/02/2012 00:00,         218
13/02/2012 00:00,         111
14/02/2012 00:00,          80
15/02/2012 00:00,          77
16/02/2012 00:00,         218
17/02/2012 00:00,         214
18/02/2012 00:00,         123
19/02/2012 00:00,         210
20/02/2012 00:00,         222
21/02/2012 00:00,         168
22/02/2012 00:00,         183
23/02/2012 00:00,         194
24/02/2012 00:00,          63
25/02/2012 00:00,          33
26/02/2012 00:00,          31
27/02/2012 00:00,         227
28/02/2012 00:00,         194
29/02/2012 00:00,         156
01/03/2012 00:00,         192
02/03/2012 00:00,         166
03/03/2012 00:00,         350
04/03/2012 00:00,         240
05/03/2012 00:00,         195
06/03/2012 00:00,         186
07/03/2012 00:00,         146
08/03/2012 00:00,         184
09/03/2012 00:00,         231
10/03/2012 00:00,         206
11/03/2012 00:00,         194
12/03/2012 00:00,          99
13/03/2012 00:00,          44
14/03/2012 00:00,          20
15/03/2012 00:00,         276
16/03/2012 00:00,         231
17/03/2012 00:00,         178
18/03/2012 00:00,         130
19/03/2012 00:00,          73
20/03/2012 00:00,          30
21/03/2012 00:00,         218
22/03/2012 00:00,         211
23/03/2012 00:00,         242
24/03/2012 00:00,         237
25/03/2012 00:00,         220
26/03/2012 00:00,         129
27/03/2012 00:00,          55
28/03/2012 00:00,          40
29/03/2012 00:00,          52
30/03/2012 00:00,          45
31/03/2012 00:00,         255
01/04/2012 00:00,         139
02/04/2012 00:00,          42
03/04/2012 00:00,         232
04/04/2012 00:00,         176
05/04/2012 00:00,          90
06/04/2012 00:00,         308
07/04/2012 00:00,         203
08/04/2012 00:00,         216
09/04/2012 00:00,         222
10/04/2012 00:00,         174
11/04/2012 00:00,         147
12/04/2012 00:00,          83
13/04/2012 00:00,          55
14/04/2012 00:00,          30
15/04/2012 00:00,          44
16/04/2012 00:00,         201
17/04/2012 00:00,         169
18/04/2012 00:00,          91
19/04/2012 00:00,          88
20/04/2012 00:00,          77
21/04/2012 00:00,          37
22/04/2012 00:00,         296
23/04/2012 00:00,         269
24/04/2012 00:00,         236
25/04/2012 00:00,         220
26/04/2012 00:00,         219
27/04/2012 00:00,         201
28/04/2012 00:00,         215
29/04/2012 00:00,         184
30/04/2012 00:00,          70
01/05/2012 00:00,         332
02/05/2012 00:00,         197
03/05/2012 00:00,         215
04/05/2012 00:00,         224
05/05/2012 00:00,         202
06/05/2012 00:00,          77
07/05/2012 00:00,           6
08/05/2012 00:00,           4
09/05/2012 00:00,         302
10/05/2012 00:00,         196
11/05/2012 00:00,         225
12/05/2012 00:00,         224
13/05/2012 00:00,         229
14/05/2012 00:00,         193
15/05/2012 00:00,         205
16/05/2012 00:00,         136
17/05/2012 00:00,          33
18/05/2012 00:00,         336
19/05/2012 00:00,         204
20/05/2012 00:00,         181
21/05/2012 00:00,         334
22/05/2012 00:00,         326
23/05/2012 00:00,         331
24/05/2012 00:00,         294
25/05/2012 00:00,         255
26/05/2012 00:00,         255
27/05/2012 00:00,         198
28/05/2012 00:00,         199
29/05/2012 00:00,         172
30/05/2012 00:00,         149
31/05/2012 00:00,         120
01/06/2012 00:00,         138
02/06/2012 00:00,         182
03/06/2012 00:00,         220
04/06/2012 00:00,         242
05/06/2012 00:00,         194
06/06/2012 00:00,         175
07/06/2012 00:00,         179
08/06/2012 00:00,         192
09/06/2012 00:00,         206
10/06/2012 00:00,         180
11/06/2012 00:00,         217
12/06/2012 00:00,          53
13/06/2012 00:00,          31
14/06/2012 00:00,         324
15/06/2012 00:00,         336
16/06/2012 00:00,         276
17/06/2012 00:00,         258
18/06/2012 00:00,         266
19/06/2012 00:00,         343
20/06/2012 00:00,         357
21/06/2012 00:00,         350
22/06/2012 00:00,         245
23/06/2012 00:00,         267
24/06/2012 00:00,         269
25/06/2012 00:00,         244
26/06/2012 00:00,         176
27/06/2012 00:00,         112
28/06/2012 00:00,          27
29/06/2012 00:00,         311
30/06/2012 00:00,         279
01/07/2012 00:00,         246
02/07/2012 00:00,         225
03/07/2012 00:00,         239
04/07/2012 00:00,         197
05/07/2012 00:00,         164
06/07/2012 00:00,         142
07/07/2012 00:00,          76
08/07/2012 00:00,          77
09/07/2012 00:00,         131
10/07/2012 00:00,         299
11/07/2012 00:00,           6
12/07/2012 00:00,          49
13/07/2012 00:00,         294
14/07/2012 00:00,         286
15/07/2012 00:00,         296
16/07/2012 00:00,         341
17/07/2012 00:00,         339
18/07/2012 00:00,         247
19/07/2012 00:00,         262
20/07/2012 00:00,         252
21/07/2012 00:00,         196
22/07/2012 00:00,         169
23/07/2012 00:00,         111
24/07/2012 00:00,          42
25/07/2012 00:00,         336
26/07/2012 00:00,         287
27/07/2012 00:00,         236
28/07/2012 00:00,         235
29/07/2012 00:00,         203
30/07/2012 00:00,         188
31/07/2012 00:00,         203
01/08/2012 00:00,          37
02/08/2012 00:00,         355
03/08/2012 00:00,         283
04/08/2012 00:00,         308
05/08/2012 00:00,         276
06/08/2012 00:00,         254
07/08/2012 00:00,           1
08/08/2012 00:00,         342
09/08/2012 00:00,         225
10/08/2012 00:00,         210
11/08/2012 00:00,         194
12/08/2012 00:00,         197
13/08/2012 00:00,           2
14/08/2012 00:00,         287
15/08/2012 00:00,         272
16/08/2012 00:00,         310
17/08/2012 00:00,         258
18/08/2012 00:00,         226
19/08/2012 00:00,         306
20/08/2012 00:00,          22
21/08/2012 00:00,           6
22/08/2012 00:00,           0
23/08/2012 00:00,         294
24/08/2012 00:00,         285
25/08/2012 00:00,         270
26/08/2012 00:00,         220
27/08/2012 00:00,          20
28/08/2012 00:00,          11
29/08/2012 00:00,         279
30/08/2012 00:00,         239
31/08/2012 00:00,         231
01/09/2012 00:00,          98
02/09/2012 00:00,          28
03/09/2012 00:00,           4
04/09/2012 00:00,           9
05/09/2012 00:00,         308
06/09/2012 00:00,         304
07/09/2012 00:00,         263
08/09/2012 00:00,         240
09/09/2012 00:00,         179
10/09/2012 00:00,          72
11/09/2012 00:00,          39
12/09/2012 00:00,         308
13/09/2012 00:00,         229
14/09/2012 00:00,         236
15/09/2012 00:00,         162
16/09/2012 00:00,         218
17/09/2012 00:00,         205
18/09/2012 00:00,         225
19/09/2012 00:00,          78
20/09/2012 00:00,         297
21/09/2012 00:00,         219
22/09/2012 00:00,          40
23/09/2012 00:00,         246
24/09/2012 00:00,         208
25/09/2012 00:00,          75
26/09/2012 00:00,          24
27/09/2012 00:00,         344
28/09/2012 00:00,         274
29/09/2012 00:00,         245
30/09/2012 00:00,         223
01/10/2012 00:00,         176
02/10/2012 00:00,         319
03/10/2012 00:00,          27
04/10/2012 00:00,         292
05/10/2012 00:00,         194
06/10/2012 00:00,         181
07/10/2012 00:00,         169
08/10/2012 00:00,         145
09/10/2012 00:00,         176
10/10/2012 00:00,         233
11/10/2012 00:00,         223
12/10/2012 00:00,         213
13/10/2012 00:00,         244
14/10/2012 00:00,          33
15/10/2012 00:00,         338
16/10/2012 00:00,         232
17/10/2012 00:00,         141
18/10/2012 00:00,          55
19/10/2012 00:00,         267
20/10/2012 00:00,         225
21/10/2012 00:00,         199
22/10/2012 00:00,         124
23/10/2012 00:00,          46
24/10/2012 00:00,           9
25/10/2012 00:00,         233
26/10/2012 00:00,         222
27/10/2012 00:00,         193
28/10/2012 00:00,         165
29/10/2012 00:00,          60
30/10/2012 00:00,          63
31/10/2012 00:00,         299
01/11/2012 00:00,         214
02/11/2012 00:00,         163
03/11/2012 00:00,          96
04/11/2012 00:00,          24
05/11/2012 00:00,           2
06/11/2012 00:00,         197
07/11/2012 00:00,         198
08/11/2012 00:00,         228
09/11/2012 00:00,         211
10/11/2012 00:00,          79
11/11/2012 00:00,          43
12/11/2012 00:00,         247
13/11/2012 00:00,         182
14/11/2012 00:00,         144
15/11/2012 00:00,         215
16/11/2012 00:00,         177
17/11/2012 00:00,         193
18/11/2012 00:00,         207
19/11/2012 00:00,         106
20/11/2012 00:00,          29
21/11/2012 00:00,         216
22/11/2012 00:00,         183
23/11/2012 00:00,          61
24/11/2012 00:00,         338
25/11/2012 00:00,         214
26/11/2012 00:00,         127
27/11/2012 00:00,         168
28/11/2012 00:00,         116
29/11/2012 00:00,         246
30/11/2012 00:00,         347
01/12/2012 00:00,         227
02/12/2012 00:00,         213
03/12/2012 00:00,         218
04/12/2012 00:00,         226
05/12/2012 00:00,         228
06/12/2012 00:00,          91
07/12/2012 00:00,          48
08/12/2012 00:00,         284
09/12/2012 00:00,         181
10/12/2012 00:00,         153
11/12/2012 00:00,         122
12/12/2012 00:00,          54
13/12/2012 00:00,          59
14/12/2012 00:00,         131
15/12/2012 00:00,         254
16/12/2012 00:00,         227
17/12/2012 00:00,         189
18/12/2012 00:00,          85
19/12/2012 00:00,         326
20/12/2012 00:00,         207
21/12/2012 00:00,         143
22/12/2012 00:00,         117
23/12/2012 00:00,          53
24/12/2012 00:00,         221
25/12/2012 00:00,         188
26/12/2012 00:00,         174
27/12/2012 00:00,         223
28/12/2012 00:00,         200
29/12/2012 00:00,         203
30/12/2012 00:00,         184
31/12/2012 00:00,         208
01/01/2013 00:00,         210
02/01/2013 00:00,         172
03/01/2013 00:00,         104
04/01/2013 00:00,          67
05/01/2013 00:00,         212
06/01/2013 00:00,         181
07/01/2013 00:00,         131
08/01/2013 00:00,         225
09/01/2013 00:00,         197
10/01/2013 00:00,          89
11/01/2013 00:00,         357
12/01/2013 00:00,          12
13/01/2013 00:00,          12
14/01/2013 00:00,          12
15/01/2013 00:00,          12
16/01/2013 00:00,          12
17/01/2013 00:00,          12
18/01/2013 00:00,          12
19/01/2013 00:00,          12
20/01/2013 00:00,          12
21/01/2013 00:00,          12
22/01/2013 00:00,          12
23/01/2013 00:00,          12
24/01/2013 00:00,          12
25/01/2013 00:00,          12
26/01/2013 00:00,          12
27/01/2013 00:00,          12
28/01/2013 00:00,          12
29/01/2013 00:00,          12
30/01/2013 00:00,          12
31/01/2013 00:00,          12
01/02/2013 00:00,          12
02/02/2013 00:00,          12
03/02/2013 00:00,          12
04/02/2013 00:00,          12
05/02/2013 00:00,          12
06/02/2013 00:00,          12
07/02/2013 00:00,          12
08/02/2013 00:00,          12
09/02/2013 00:00,          12
10/02/2013 00:00,          12
11/02/2013 00:00,          12
12/02/2013 00:00,          12
13/02/2013 00:00,          19
14/02/2013 00:00,          38
15/02/2013 00:00,         121
16/02/2013 00:00,          85
17/02/2013 00:00,          76
18/02/2013 00:00,          38
19/02/2013 00:00,         216
20/02/2013 00:00,         187
21/02/2013 00:00,         239
22/02/2013 00:00,         116
23/02/2013 00:00,          84
24/02/2013 00:00,          56
25/02/2013 00:00,         207
26/02/2013 00:00,          24
27/02/2013 00:00,         208
28/02/2013 00:00,         180
01/03/2013 00:00,         156
02/03/2013 00:00,         123
03/03/2013 00:00,          88
04/03/2013 00:00,          87
05/03/2013 00:00,          88
06/03/2013 00:00,          35
07/03/2013 00:00,         127
08/03/2013 00:00,          49
09/03/2013 00:00,          26
10/03/2013 00:00,          19
11/03/2013 00:00,          33
12/03/2013 00:00,          25
13/03/2013 00:00,         219
14/03/2013 00:00,         199
15/03/2013 00:00,         197
16/03/2013 00:00,         210
17/03/2013 00:00,         175
18/03/2013 00:00,         147
19/03/2013 00:00,         139
20/03/2013 00:00,          39
21/03/2013 00:00,         287
22/03/2013 00:00,         264
23/03/2013 00:00,         347
24/03/2013 00:00,         251
25/03/2013 00:00,         161
26/03/2013 00:00,          42
27/03/2013 00:00,         299
28/03/2013 00:00,         222
29/03/2013 00:00,         197
30/03/2013 00:00,         293
31/03/2013 00:00,         227
01/04/2013 00:00,         223
02/04/2013 00:00,         227
03/04/2013 00:00,         171
04/04/2013 00:00,         144
05/04/2013 00:00,         220
06/04/2013 00:00,          70
07/04/2013 00:00,          40
08/04/2013 00:00,         223
09/04/2013 00:00,         216
10/04/2013 00:00,         228
11/04/2013 00:00,         190
12/04/2013 00:00,          53
13/04/2013 00:00,         323
14/04/2013 00:00,         251
15/04/2013 00:00,         202
16/04/2013 00:00,         178
17/04/2013 00:00,         192
18/04/2013 00:00,         182
19/04/2013 00:00,         148
20/04/2013 00:00,         114
21/04/2013 00:00,           5
22/04/2013 00:00,         294
23/04/2013 00:00,         233
24/04/2013 00:00,         255
25/04/2013 00:00,         264
26/04/2013 00:00,         309
27/04/2013 00:00,         350
28/04/2013 00:00,         250
29/04/2013 00:00,         153
30/04/2013 00:00,         156
01/05/2013 00:00,         204
02/05/2013 00:00,          88
03/05/2013 00:00,           1
04/05/2013 00:00,         167
05/05/2013 00:00,         134
06/05/2013 00:00,          92
07/05/2013 00:00,          76
08/05/2013 00:00,          64
09/05/2013 00:00,          51
10/05/2013 00:00,          50
11/05/2013 00:00,          25
12/05/2013 00:00,         351
13/05/2013 00:00,         252
14/05/2013 00:00,         292
15/05/2013 00:00,         277
16/05/2013 00:00,         248
17/05/2013 00:00,         237
18/05/2013 00:00,         238
19/05/2013 00:00,         357
20/05/2013 00:00,         280
21/05/2013 00:00,          60
22/05/2013 00:00,         109
23/05/2013 00:00,         184
24/05/2013 00:00,         211
25/05/2013 00:00,         229
26/05/2013 00:00,         215
27/05/2013 00:00,         158
28/05/2013 00:00,          82
29/05/2013 00:00,          36
30/05/2013 00:00,          57
31/05/2013 00:00,          70
01/06/2013 00:00,         354
02/06/2013 00:00,         203
03/06/2013 00:00,         232
04/06/2013 00:00,         117
05/06/2013 00:00,          23
06/06/2013 00:00,         332
07/06/2013 00:00,         242
08/06/2013 00:00,         104
09/06/2013 00:00,          45
10/06/2013 00:00,          11
11/06/2013 00:00,          40
12/06/2013 00:00,         246
13/06/2013 00:00,         220
14/06/2013 00:00,         214
15/06/2013 00:00,         202
16/06/2013 00:00,         201
17/06/2013 00:00,         234
18/06/2013 00:00,         235
19/06/2013 00:00,         170
20/06/2013 00:00,          92
21/06/2013 00:00,           9
22/06/2013 00:00,          60
23/06/2013 00:00,          93
24/06/2013 00:00,         117
25/06/2013 00:00,         208
26/06/2013 00:00,         152
27/06/2013 00:00,         200
28/06/2013 00:00,         215
29/06/2013 00:00,         217
30/06/2013 00:00,         242
01/07/2013 00:00,         255
02/07/2013 00:00,         269
03/07/2013 00:00,         342
04/07/2013 00:00,         328
05/07/2013 00:00,         285
06/07/2013 00:00,         293
07/07/2013 00:00,         293
08/07/2013 00:00,         243
09/07/2013 00:00,         134
10/07/2013 00:00,         147
11/07/2013 00:00,          98
12/07/2013 00:00,          89
13/07/2013 00:00,          28
14/07/2013 00:00,         332
15/07/2013 00:00,         253
16/07/2013 00:00,         131
17/07/2013 00:00,          42
18/07/2013 00:00,         356
19/07/2013 00:00,         301
20/07/2013 00:00,         279
21/07/2013 00:00,         316
22/07/2013 00:00,         276
23/07/2013 00:00,         219
24/07/2013 00:00,         215
25/07/2013 00:00,         351
26/07/2013 00:00,          21
27/07/2013 00:00,          36
28/07/2013 00:00,         356
29/07/2013 00:00,         298
30/07/2013 00:00,         222
31/07/2013 00:00,         123
01/08/2013 00:00,          32
02/08/2013 00:00,         299
03/08/2013 00:00,         275
04/08/2013 00:00,         275
05/08/2013 00:00,         275
06/08/2013 00:00,         275
07/08/2013 00:00,         275
08/08/2013 00:00,         275
09/08/2013 00:00,         275
10/08/2013 00:00,         275
11/08/2013 00:00,         275
12/08/2013 00:00,         279
13/08/2013 00:00,         307
14/08/2013 00:00,         279
15/08/2013 00:00,         359
16/08/2013 00:00,           2
17/08/2013 00:00,         308
18/08/2013 00:00,         300
19/08/2013 00:00,         250
20/08/2013 00:00,         255
21/08/2013 00:00,         324
22/08/2013 00:00,          14
23/08/2013 00:00,          14
24/08/2013 00:00,          14
25/08/2013 00:00,          14
26/08/2013 00:00,          14
27/08/2013 00:00,          14
28/08/2013 00:00,          14
29/08/2013 00:00,          14
30/08/2013 00:00,          14
31/08/2013 00:00,          14
01/09/2013 00:00,          14
02/09/2013 00:00,          14
03/09/2013 00:00,          14
04/09/2013 00:00,           9
05/09/2013 00:00,         206
06/09/2013 00:00,         169
07/09/2013 00:00,         161
08/09/2013 00:00,          78
09/09/2013 00:00,         329
10/09/2013 00:00,         241
11/09/2013 00:00,         247
12/09/2013 00:00,          88
13/09/2013 00:00,          96
14/09/2013 00:00,          68
15/09/2013 00:00,          59
16/09/2013 00:00,         311
17/09/2013 00:00,         248
18/09/2013 00:00,         265
19/09/2013 00:00,         288
20/09/2013 00:00,         234
21/09/2013 00:00,          55
22/09/2013 00:00,         231
23/09/2013 00:00,         351
24/09/2013 00:00,         317
25/09/2013 00:00,         296
26/09/2013 00:00,         223
27/09/2013 00:00,         354
28/09/2013 00:00,         251
29/09/2013 00:00,          20
30/09/2013 00:00,         338
01/10/2013 00:00,         262
02/10/2013 00:00,         285
03/10/2013 00:00,         217
04/10/2013 00:00,          35
05/10/2013 00:00,         328
06/10/2013 00:00,         224
07/10/2013 00:00,         226
08/10/2013 00:00,          85
09/10/2013 00:00,           2
10/10/2013 00:00,         238
11/10/2013 00:00,         217
12/10/2013 00:00,         346
13/10/2013 00:00,         231
14/10/2013 00:00,         230
15/10/2013 00:00,         344
16/10/2013 00:00,         338
17/10/2013 00:00,         226
18/10/2013 00:00,          56
19/10/2013 00:00,          19
20/10/2013 00:00,         355
21/10/2013 00:00,         170
22/10/2013 00:00,         273
23/10/2013 00:00,         234
24/10/2013 00:00,         211
25/10/2013 00:00,         204
26/10/2013 00:00,         156
27/10/2013 00:00,          76
28/10/2013 00:00,         246
29/10/2013 00:00,         203
30/10/2013 00:00,         203
31/10/2013 00:00,         184
01/11/2013 00:00,          98
02/11/2013 00:00,         225
03/11/2013 00:00,         206
04/11/2013 00:00,         152
05/11/2013 00:00,          90
06/11/2013 00:00,          42
07/11/2013 00:00,         272
08/11/2013 00:00,         216
09/11/2013 00:00,         206
10/11/2013 00:00,         184
11/11/2013 00:00,         166
12/11/2013 00:00,         216
13/11/2013 00:00,         215
14/11/2013 00:00,         201
15/11/2013 00:00,         174
16/11/2013 00:00,         175
17/11/2013 00:00,         189
18/11/2013 00:00,          74
19/11/2013 00:00,          49
20/11/2013 00:00,         201
21/11/2013 00:00,         212
22/11/2013 00:00,         224
23/11/2013 00:00,         216
24/11/2013 00:00,         203
25/11/2013 00:00,          93
26/11/2013 00:00,          70
27/11/2013 00:00,          40
28/11/2013 00:00,         214
29/11/2013 00:00,         182
30/11/2013 00:00,         116
01/12/2013 00:00,          50
02/12/2013 00:00,          17
03/12/2013 00:00,         157
04/12/2013 00:00,         237
05/12/2013 00:00,         235
06/12/2013 00:00,         244
07/12/2013 00:00,          75
08/12/2013 00:00,         350
09/12/2013 00:00,         238
10/12/2013 00:00,         244
11/12/2013 00:00,         229
12/12/2013 00:00,         224
13/12/2013 00:00,         218
14/12/2013 00:00,         200
15/12/2013 00:00,         199
16/12/2013 00:00,         191
17/12/2013 00:00,         123
18/12/2013 00:00,         121
19/12/2013 00:00,          29
20/12/2013 00:00,           4
21/12/2013 00:00,         181
22/12/2013 00:00,         244
23/12/2013 00:00,         217
24/12/2013 00:00,           4
25/12/2013 00:00,          42
26/12/2013 00:00,         236
27/12/2013 00:00,          38
28/12/2013 00:00,         296
29/12/2013 00:00,         167
30/12/2013 00:00,         165
31/12/2013 00:00,         100
01/01/2014 00:00,         343
02/01/2014 00:00,         168
03/01/2014 00:00,         214
04/01/2014 00:00,         224
05/01/2014 00:00,         251
06/01/2014 00:00,         204
07/01/2014 00:00,         167
08/01/2014 00:00,         171
09/01/2014 00:00,          63
10/01/2014 00:00,          40
11/01/2014 00:00,         223
12/01/2014 00:00,         161
13/01/2014 00:00,         114
14/01/2014 00:00,          48
15/01/2014 00:00,          32
16/01/2014 00:00,          39
17/01/2014 00:00,         353
18/01/2014 00:00,         184
19/01/2014 00:00,         196
20/01/2014 00:00,         205
21/01/2014 00:00,         199
22/01/2014 00:00,         178
23/01/2014 00:00,         204
24/01/2014 00:00,         261
25/01/2014 00:00,         169
26/01/2014 00:00,          95
27/01/2014 00:00,          87
28/01/2014 00:00,           6
29/01/2014 00:00,         215
30/01/2014 00:00,         142
31/01/2014 00:00,         203
01/02/2014 00:00,         147
02/02/2014 00:00,          19
03/02/2014 00:00,         237
04/02/2014 00:00,         172
05/02/2014 00:00,         149
06/02/2014 00:00,         239
07/02/2014 00:00,         205
08/02/2014 00:00,          37
09/02/2014 00:00,         231
10/02/2014 00:00,         157
11/02/2014 00:00,          89
12/02/2014 00:00,         102
13/02/2014 00:00,         137
14/02/2014 00:00,         101
15/02/2014 00:00,         209
16/02/2014 00:00,         204
17/02/2014 00:00,         112
18/02/2014 00:00,         234
19/02/2014 00:00,         238
20/02/2014 00:00,         223
21/02/2014 00:00,         198
22/02/2014 00:00,         185
23/02/2014 00:00,         149
24/02/2014 00:00,         223
25/02/2014 00:00,         214
26/02/2014 00:00,         209
27/02/2014 00:00,         179
28/02/2014 00:00,         198
01/03/2014 00:00,         190
02/03/2014 00:00,         153
03/03/2014 00:00,         135
04/03/2014 00:00,          54
05/03/2014 00:00,         219
06/03/2014 00:00,         194
07/03/2014 00:00,         175
08/03/2014 00:00,          93
09/03/2014 00:00,          59
10/03/2014 00:00,         179
11/03/2014 00:00,         216
12/03/2014 00:00,         203
13/03/2014 00:00,         150
14/03/2014 00:00,         354
15/03/2014 00:00,         288
16/03/2014 00:00,         277
17/03/2014 00:00,         277
18/03/2014 00:00,         164
19/03/2014 00:00,         163
20/03/2014 00:00,          80
21/03/2014 00:00,         230
22/03/2014 00:00,         194
23/03/2014 00:00,         200
24/03/2014 00:00,         198
25/03/2014 00:00,         190
26/03/2014 00:00,         182
27/03/2014 00:00,         129
28/03/2014 00:00,         190
29/03/2014 00:00,         133
30/03/2014 00:00,         123
31/03/2014 00:00,          31
01/04/2014 00:00,          26
02/04/2014 00:00,         218
03/04/2014 00:00,         195
04/04/2014 00:00,         200
05/04/2014 00:00,         215
06/04/2014 00:00,         213
07/04/2014 00:00,          71
08/04/2014 00:00,         102
09/04/2014 00:00,          72
10/04/2014 00:00,         209
11/04/2014 00:00,         213
12/04/2014 00:00,         207
13/04/2014 00:00,         214
14/04/2014 00:00,         196
15/04/2014 00:00,         185
16/04/2014 00:00,          88
17/04/2014 00:00,         265
18/04/2014 00:00,         235
19/04/2014 00:00,         132
20/04/2014 00:00,          57
21/04/2014 00:00,          19
22/04/2014 00:00,         265
23/04/2014 00:00,         187
24/04/2014 00:00,         215
25/04/2014 00:00,          68
26/04/2014 00:00,         188
27/04/2014 00:00,         120
28/04/2014 00:00,          33
29/04/2014 00:00,         298
30/04/2014 00:00,         223
01/05/2014 00:00,         295
02/05/2014 00:00,         270
03/05/2014 00:00,         237
04/05/2014 00:00,         247
05/05/2014 00:00,         294
06/05/2014 00:00,         167
07/05/2014 00:00,         148
08/05/2014 00:00,          90
09/05/2014 00:00,          12
10/05/2014 00:00,         277
11/05/2014 00:00,         284
12/05/2014 00:00,         110
13/05/2014 00:00,          78
14/05/2014 00:00,          52
15/05/2014 00:00,         359
16/05/2014 00:00,          19
17/05/2014 00:00,           7
18/05/2014 00:00,          26
19/05/2014 00:00,         347
20/05/2014 00:00,          48
21/05/2014 00:00,          46
22/05/2014 00:00,         355
23/05/2014 00:00,         278
24/05/2014 00:00,          48
25/05/2014 00:00,           9
26/05/2014 00:00,          16
27/05/2014 00:00,         316
28/05/2014 00:00,         287
29/05/2014 00:00,          55
30/05/2014 00:00,          84
31/05/2014 00:00,         142
01/06/2014 00:00,         229
02/06/2014 00:00,         348
03/06/2014 00:00,         290
04/06/2014 00:00,         327
05/06/2014 00:00,         200
06/06/2014 00:00,         195
07/06/2014 00:00,         201
08/06/2014 00:00,         182
09/06/2014 00:00,         166
10/06/2014 00:00,          95
11/06/2014 00:00,          58
12/06/2014 00:00,          24
13/06/2014 00:00,         351
14/06/2014 00:00,         218
15/06/2014 00:00,         232
16/06/2014 00:00,         272
17/06/2014 00:00,         202
18/06/2014 00:00,         129
19/06/2014 00:00,          28
20/06/2014 00:00,         314
21/06/2014 00:00,         260
22/06/2014 00:00,           1
23/06/2014 00:00,         294
24/06/2014 00:00,         281
25/06/2014 00:00,         291
26/06/2014 00:00,         323
27/06/2014 00:00,         355
28/06/2014 00:00,         294
29/06/2014 00:00,         267
30/06/2014 00:00,         256
01/07/2014 00:00,         216
02/07/2014 00:00,          33
03/07/2014 00:00,           2
04/07/2014 00:00,         304
05/07/2014 00:00,         271
06/07/2014 00:00,         272
07/07/2014 00:00,         349
08/07/2014 00:00,           9
09/07/2014 00:00,         294
10/07/2014 00:00,         252
11/07/2014 00:00,         306
12/07/2014 00:00,         209
13/07/2014 00:00,         155
14/07/2014 00:00,          89
15/07/2014 00:00,          24
16/07/2014 00:00,         309
17/07/2014 00:00,         271
18/07/2014 00:00,         216
19/07/2014 00:00,         196
20/07/2014 00:00,         146
21/07/2014 00:00,          99
22/07/2014 00:00,          93
23/07/2014 00:00,          71
24/07/2014 00:00,         354
25/07/2014 00:00,         280
26/07/2014 00:00,         245
27/07/2014 00:00,         345
28/07/2014 00:00,         319
29/07/2014 00:00,         298
30/07/2014 00:00,         304
31/07/2014 00:00,         305
01/08/2014 00:00,         258
02/08/2014 00:00,         205
03/08/2014 00:00,         131
04/08/2014 00:00,         188
05/08/2014 00:00,         224
06/08/2014 00:00,         136
07/08/2014 00:00,         158
08/08/2014 00:00,          50
09/08/2014 00:00,         330
10/08/2014 00:00,         214
11/08/2014 00:00,         182
12/08/2014 00:00,         170
13/08/2014 00:00,         165
14/08/2014 00:00,         149
15/08/2014 00:00,         122
16/08/2014 00:00,         168
17/08/2014 00:00,         208
18/08/2014 00:00,         212
19/08/2014 00:00,         210
20/08/2014 00:00,         169
21/08/2014 00:00,         139
22/08/2014 00:00,          63
23/08/2014 00:00,         339
24/08/2014 00:00,         228
25/08/2014 00:00,         215
26/08/2014 00:00,         167
27/08/2014 00:00,         156
28/08/2014 00:00,         343
29/08/2014 00:00,         275
30/08/2014 00:00,          95
31/08/2014 00:00,         360
01/09/2014 00:00,         254
02/09/2014 00:00,         219
03/09/2014 00:00,         136
04/09/2014 00:00,          39
05/09/2014 00:00,         158
06/09/2014 00:00,         115
07/09/2014 00:00,          68
08/09/2014 00:00,          21
09/09/2014 00:00,         285
10/09/2014 00:00,         265
11/09/2014 00:00,         242
12/09/2014 00:00,         127
13/09/2014 00:00,          77
14/09/2014 00:00,          63
15/09/2014 00:00,         284
16/09/2014 00:00,         233
17/09/2014 00:00,         230
18/09/2014 00:00,         214
19/09/2014 00:00,         126
20/09/2014 00:00,         131
21/09/2014 00:00,         141
22/09/2014 00:00,          78
23/09/2014 00:00,          39
24/09/2014 00:00,         294
25/09/2014 00:00,         221
26/09/2014 00:00,         251
27/09/2014 00:00,         357
28/09/2014 00:00,         341
29/09/2014 00:00,         314
30/09/2014 00:00,         265
01/10/2014 00:00,         206
02/10/2014 00:00,         205
03/10/2014 00:00,         106
04/10/2014 00:00,          22
05/10/2014 00:00,         119
06/10/2014 00:00,         336
07/10/2014 00:00,         224
08/10/2014 00:00,         211
09/10/2014 00:00,          72
10/10/2014 00:00,          36
11/10/2014 00:00,         222
12/10/2014 00:00,         227
13/10/2014 00:00,         210
14/10/2014 00:00,         207
15/10/2014 00:00,         205
16/10/2014 00:00,         209
17/10/2014 00:00,         107
18/10/2014 00:00,          39
19/10/2014 00:00,          21
20/10/2014 00:00,         130
21/10/2014 00:00,          98
22/10/2014 00:00,         109
23/10/2014 00:00,         237
24/10/2014 00:00,          54
25/10/2014 00:00,         217
26/10/2014 00:00,         208
27/10/2014 00:00,         235
28/10/2014 00:00,         240
29/10/2014 00:00,         128
30/10/2014 00:00,         177
31/10/2014 00:00,          19
01/11/2014 00:00,         224
02/11/2014 00:00,         248
03/11/2014 00:00,          65
04/11/2014 00:00,         280
05/11/2014 00:00,         207
06/11/2014 00:00,         150
07/11/2014 00:00,          40
08/11/2014 00:00,         260
09/11/2014 00:00,         203
10/11/2014 00:00,         191
11/11/2014 00:00,         156
12/11/2014 00:00,          87
13/11/2014 00:00,          27
14/11/2014 00:00,         192
15/11/2014 00:00,         340
16/11/2014 00:00,         223
17/11/2014 00:00,         233
18/11/2014 00:00,         193
19/11/2014 00:00,          78
20/11/2014 00:00,         302
21/11/2014 00:00,         221
22/11/2014 00:00,         118
23/11/2014 00:00,         181
24/11/2014 00:00,         270
25/11/2014 00:00,         217
26/11/2014 00:00,         191
27/11/2014 00:00,         168
28/11/2014 00:00,          96
29/11/2014 00:00,         106
30/11/2014 00:00,         323
01/12/2014 00:00,         228
02/12/2014 00:00,         150
03/12/2014 00:00,          83
04/12/2014 00:00,         227
05/12/2014 00:00,         220
06/12/2014 00:00,         200
07/12/2014 00:00,         205
08/12/2014 00:00,         164
09/12/2014 00:00,         141
10/12/2014 00:00,         207
11/12/2014 00:00,         168
12/12/2014 00:00,         126
13/12/2014 00:00,          57
14/12/2014 00:00,         241
15/12/2014 00:00,         236
16/12/2014 00:00,         251
17/12/2014 00:00,         185
18/12/2014 00:00,         221
19/12/2014 00:00,         202
20/12/2014 00:00,          20
21/12/2014 00:00,          68
22/12/2014 00:00,           3
23/12/2014 00:00,         215
24/12/2014 00:00,         200
25/12/2014 00:00,         219
26/12/2014 00:00,         192
27/12/2014 00:00,          85
28/12/2014 00:00,          84
29/12/2014 00:00,         243
30/12/2014 00:00,         227
31/12/2014 00:00,         166
01/01/2015 00:00,          97
02/01/2015 00:00,          63
03/01/2015 00:00,          22
04/01/2015 00:00,         166
05/01/2015 00:00,         144
06/01/2015 00:00,          71
07/01/2015 00:00,          22
08/01/2015 00:00,         171
09/01/2015 00:00,         241
10/01/2015 00:00,         163
11/01/2015 00:00,         148
12/01/2015 00:00,          95
13/01/2015 00:00,         265
14/01/2015 00:00,         226
15/01/2015 00:00,         216
16/01/2015 00:00,         249
17/01/2015 00:00,         222
18/01/2015 00:00,         194
19/01/2015 00:00,          52
20/01/2015 00:00,          31
21/01/2015 00:00,         230
22/01/2015 00:00,         318
23/01/2015 00:00,         212
24/01/2015 00:00,         222
25/01/2015 00:00,         213
26/01/2015 00:00,         194
27/01/2015 00:00,         187
28/01/2015 00:00,         169
29/01/2015 00:00,         155
30/01/2015 00:00,         174
31/01/2015 00:00,         203
01/02/2015 00:00,         202
02/02/2015 00:00,         189
03/02/2015 00:00,         196
04/02/2015 00:00,         191
05/02/2015 00:00,         181
06/02/2015 00:00,         319
07/02/2015 00:00,          50
08/02/2015 00:00,         217
09/02/2015 00:00,         195
10/02/2015 00:00,         204
11/02/2015 00:00,         202
12/02/2015 00:00,         121
13/02/2015 00:00,          68
14/02/2015 00:00,         125
15/02/2015 00:00,         205
16/02/2015 00:00,         213
17/02/2015 00:00,         200
18/02/2015 00:00,         152
19/02/2015 00:00,          81
20/02/2015 00:00,          18
21/02/2015 00:00,          15
22/02/2015 00:00,          27
23/02/2015 00:00,         215
24/02/2015 00:00,         187
25/02/2015 00:00,         205
26/02/2015 00:00,         209
27/02/2015 00:00,          50
28/02/2015 00:00,         240
01/03/2015 00:00,         189
02/03/2015 00:00,         140
03/03/2015 00:00,         206
04/03/2015 00:00,         213
05/03/2015 00:00,         205
06/03/2015 00:00,         223
07/03/2015 00:00,         234
08/03/2015 00:00,         220
09/03/2015 00:00,         211
10/03/2015 00:00,         194
11/03/2015 00:00,         203
12/03/2015 00:00,         193
13/03/2015 00:00,         177
14/03/2015 00:00,         224
15/03/2015 00:00,         185
16/03/2015 00:00,          72
17/03/2015 00:00,         320
18/03/2015 00:00,         315
19/03/2015 00:00,         314
20/03/2015 00:00,         202
21/03/2015 00:00,         164
22/03/2015 00:00,         331
23/03/2015 00:00,         248
24/03/2015 00:00,         204
25/03/2015 00:00,         247
26/03/2015 00:00,         234
27/03/2015 00:00,         215
28/03/2015 00:00,         351
29/03/2015 00:00,         333
30/03/2015 00:00,         236
31/03/2015 00:00,         110
01/04/2015 00:00,         346
02/04/2015 00:00,         169
03/04/2015 00:00,         162
04/04/2015 00:00,         204
05/04/2015 00:00,         208
06/04/2015 00:00,         250
07/04/2015 00:00,         217
08/04/2015 00:00,         210
09/04/2015 00:00,         195
10/04/2015 00:00,         164
11/04/2015 00:00,         219
12/04/2015 00:00,         182
13/04/2015 00:00,          99
14/04/2015 00:00,          51
15/04/2015 00:00,         229
16/04/2015 00:00,         181
17/04/2015 00:00,         110
18/04/2015 00:00,         232
19/04/2015 00:00,         195
20/04/2015 00:00,         180
21/04/2015 00:00,         186
22/04/2015 00:00,         199
23/04/2015 00:00,         231
24/04/2015 00:00,         280
25/04/2015 00:00,         241
26/04/2015 00:00,         211
27/04/2015 00:00,         207
28/04/2015 00:00,         190
29/04/2015 00:00,         180
30/04/2015 00:00,         157
01/05/2015 00:00,          51
02/05/2015 00:00,         283
03/05/2015 00:00,         151
04/05/2015 00:00,          20
05/05/2015 00:00,         274
06/05/2015 00:00,         275
07/05/2015 00:00,         244
08/05/2015 00:00,         272
09/05/2015 00:00,         302
10/05/2015 00:00,         278
11/05/2015 00:00,         262
12/05/2015 00:00,         254
13/05/2015 00:00,         221
14/05/2015 00:00,         218
15/05/2015 00:00,         207
16/05/2015 00:00,         150
17/05/2015 00:00,         109
18/05/2015 00:00,          67
19/05/2015 00:00,         340
20/05/2015 00:00,         247
21/05/2015 00:00,         206
22/05/2015 00:00,         199
23/05/2015 00:00,         154
24/05/2015 00:00,         100
25/05/2015 00:00,          95
26/05/2015 00:00,          45
27/05/2015 00:00,          12
28/05/2015 00:00,         305
29/05/2015 00:00,         264
30/05/2015 00:00,         287
31/05/2015 00:00,         262
01/06/2015 00:00,         194
02/06/2015 00:00,         209
03/06/2015 00:00,          76
04/06/2015 00:00,         314
05/06/2015 00:00,         233
06/06/2015 00:00,          35
07/06/2015 00:00,           0
08/06/2015 00:00,         317
09/06/2015 00:00,         225
10/06/2015 00:00,         170
11/06/2015 00:00,         153
12/06/2015 00:00,         105
13/06/2015 00:00,          91
14/06/2015 00:00,         127
15/06/2015 00:00,         222
16/06/2015 00:00,          72
17/06/2015 00:00,         238
18/06/2015 00:00,         211
19/06/2015 00:00,         190
20/06/2015 00:00,         171
21/06/2015 00:00,          56
22/06/2015 00:00,          31
23/06/2015 00:00,          11
24/06/2015 00:00,         229
25/06/2015 00:00,         210
26/06/2015 00:00,         132
27/06/2015 00:00,          97
28/06/2015 00:00,          82
29/06/2015 00:00,           9
30/06/2015 00:00,         219
01/07/2015 00:00,         340
02/07/2015 00:00,         232
03/07/2015 00:00,          86
04/07/2015 00:00,          47
05/07/2015 00:00,          33
06/07/2015 00:00,         302
07/07/2015 00:00,         357
08/07/2015 00:00,          73
09/07/2015 00:00,          43
10/07/2015 00:00,         336
11/07/2015 00:00,         287
12/07/2015 00:00,         240
13/07/2015 00:00,         245
14/07/2015 00:00,         274
15/07/2015 00:00,         224
16/07/2015 00:00,         210
17/07/2015 00:00,         220
18/07/2015 00:00,         185
19/07/2015 00:00,         167
20/07/2015 00:00,          51
21/07/2015 00:00,          20
22/07/2015 00:00,         251
23/07/2015 00:00,          70
24/07/2015 00:00,         310
25/07/2015 00:00,         310
26/07/2015 00:00,         251
27/07/2015 00:00,         241
28/07/2015 00:00,         171
29/07/2015 00:00,          12
30/07/2015 00:00,         333
31/07/2015 00:00,         349
01/08/2015 00:00,         225
02/08/2015 00:00,         245
03/08/2015 00:00,         247
04/08/2015 00:00,         256
05/08/2015 00:00,         256
06/08/2015 00:00,         242
07/08/2015 00:00,         237
08/08/2015 00:00,          61
09/08/2015 00:00,          14
10/08/2015 00:00,         292
11/08/2015 00:00,         328
12/08/2015 00:00,         264
13/08/2015 00:00,         271
14/08/2015 00:00,         240
15/08/2015 00:00,         240
16/08/2015 00:00,         227
17/08/2015 00:00,         239
18/08/2015 00:00,         210
19/08/2015 00:00,          71
20/08/2015 00:00,          31
21/08/2015 00:00,          17
22/08/2015 00:00,         205
23/08/2015 00:00,         154
24/08/2015 00:00,         187
25/08/2015 00:00,         203
26/08/2015 00:00,         224
27/08/2015 00:00,         227
28/08/2015 00:00,         203
29/08/2015 00:00,         187
30/08/2015 00:00,         184
31/08/2015 00:00,         105
01/09/2015 00:00,          29
02/09/2015 00:00,          59
03/09/2015 00:00,         215
04/09/2015 00:00,         210
05/09/2015 00:00,          87
06/09/2015 00:00,         326
07/09/2015 00:00,         252
08/09/2015 00:00,         245
09/09/2015 00:00,         213
10/09/2015 00:00,         105
11/09/2015 00:00,          44
12/09/2015 00:00,          47
13/09/2015 00:00,          33
14/09/2015 00:00,         340
15/09/2015 00:00,         225
16/09/2015 00:00,         154
17/09/2015 00:00,         201
18/09/2015 00:00,         187
19/09/2015 00:00,         111
20/09/2015 00:00,          18
21/09/2015 00:00,         234
22/09/2015 00:00,         200
23/09/2015 00:00,         170
24/09/2015 00:00,         164
25/09/2015 00:00,         132
26/09/2015 00:00,         152
27/09/2015 00:00,          63
28/09/2015 00:00,         204
29/09/2015 00:00,         207
30/09/2015 00:00,         194
01/10/2015 00:00,          68
02/10/2015 00:00,          79
03/10/2015 00:00,         348
04/10/2015 00:00,         290
05/10/2015 00:00,           2
06/10/2015 00:00,         290
07/10/2015 00:00,         166
08/10/2015 00:00,         130
09/10/2015 00:00,          50
10/10/2015 00:00,          39
11/10/2015 00:00,         268
12/10/2015 00:00,         207
13/10/2015 00:00,         155
14/10/2015 00:00,          83
15/10/2015 00:00,         353
16/10/2015 00:00,         166
17/10/2015 00:00,         192
18/10/2015 00:00,         125
19/10/2015 00:00,          76
20/10/2015 00:00,           9
21/10/2015 00:00,         233
22/10/2015 00:00,         204
23/10/2015 00:00,         177
24/10/2015 00:00,         101
25/10/2015 00:00,         323
26/10/2015 00:00,         188
27/10/2015 00:00,         199
28/10/2015 00:00,          96
29/10/2015 00:00,          98
30/10/2015 00:00,          77
31/10/2015 00:00,         144
01/11/2015 00:00,         204
02/11/2015 00:00,         203
03/11/2015 00:00,          99
04/11/2015 00:00,          40
05/11/2015 00:00,         259
06/11/2015 00:00,         223
07/11/2015 00:00,         195
08/11/2015 00:00,          98
09/11/2015 00:00,          16
10/11/2015 00:00,         179
11/11/2015 00:00,         161
12/11/2015 00:00,         184
13/11/2015 00:00,         213
14/11/2015 00:00,         197
15/11/2015 00:00,         178
16/11/2015 00:00,         124
17/11/2015 00:00,         280
18/11/2015 00:00,         278
19/11/2015 00:00,         244
20/11/2015 00:00,         213
21/11/2015 00:00,         197
22/11/2015 00:00,         210
23/11/2015 00:00,         212
24/11/2015 00:00,         148
25/11/2015 00:00,         326
26/11/2015 00:00,         219
27/11/2015 00:00,         191
28/11/2015 00:00,         200
29/11/2015 00:00,         197
30/11/2015 00:00,           9
01/12/2015 00:00,         231
02/12/2015 00:00,         202
03/12/2015 00:00,         120
04/12/2015 00:00,          91
05/12/2015 00:00,          60
06/12/2015 00:00,          60
07/12/2015 00:00,           1
08/12/2015 00:00,         263
09/12/2015 00:00,         203
10/12/2015 00:00,         226
11/12/2015 00:00,         217
12/12/2015 00:00,          76
13/12/2015 00:00,         176
14/12/2015 00:00,         197
15/12/2015 00:00,         155
16/12/2015 00:00,         136
17/12/2015 00:00,          69
18/12/2015 00:00,          40
19/12/2015 00:00,          27
20/12/2015 00:00,         226
21/12/2015 00:00,         168
22/12/2015 00:00,         132
23/12/2015 00:00,         177
24/12/2015 00:00,          56
25/12/2015 00:00,          44
26/12/2015 00:00,         210
27/12/2015 00:00,         162
28/12/2015 00:00,         151
29/12/2015 00:00,         100
30/12/2015 00:00,          53
31/12/2015 00:00,          53
01/01/2016 00:00,         237
02/01/2016 00:00,         202
03/01/2016 00:00,         142
04/01/2016 00:00,         161
05/01/2016 00:00,         174
06/01/2016 00:00,         212
07/01/2016 00:00,         181
08/01/2016 00:00,         192
09/01/2016 00:00,         238
10/01/2016 00:00,         151
11/01/2016 00:00,          89
12/01/2016 00:00,         119
13/01/2016 00:00,         269
14/01/2016 00:00,         201
15/01/2016 00:00,         158
16/01/2016 00:00,         116
17/01/2016 00:00,          99
18/01/2016 00:00,          40
19/01/2016 00:00,          33
20/01/2016 00:00,         219
21/01/2016 00:00,          11
22/01/2016 00:00,         311
23/01/2016 00:00,         219
24/01/2016 00:00,         202
25/01/2016 00:00,         179
26/01/2016 00:00,         185
27/01/2016 00:00,         222
28/01/2016 00:00,         234
29/01/2016 00:00,         238
30/01/2016 00:00,         168
31/01/2016 00:00,         246
01/02/2016 00:00,         113
02/02/2016 00:00,         359
03/02/2016 00:00,         209
04/02/2016 00:00,         178
05/02/2016 00:00,         133
06/02/2016 00:00,         107
07/02/2016 00:00,         203
08/02/2016 00:00,         207
09/02/2016 00:00,         162
10/02/2016 00:00,         209
11/02/2016 00:00,         176
12/02/2016 00:00,         181
13/02/2016 00:00,         227
14/02/2016 00:00,         204
15/02/2016 00:00,         209
16/02/2016 00:00,         204
17/02/2016 00:00,         195
18/02/2016 00:00,         215
19/02/2016 00:00,         212
20/02/2016 00:00,         172
21/02/2016 00:00,         108
22/02/2016 00:00,          87
23/02/2016 00:00,         340
24/02/2016 00:00,         205
25/02/2016 00:00,         226
26/02/2016 00:00,         203
27/02/2016 00:00,         193
28/02/2016 00:00,         198
29/02/2016 00:00,         114
01/03/2016 00:00,         104
02/03/2016 00:00,         159
03/03/2016 00:00,         239
04/03/2016 00:00,         261
05/03/2016 00:00,         231
06/03/2016 00:00,          75
07/03/2016 00:00,         193
08/03/2016 00:00,          39
09/03/2016 00:00,         199
10/03/2016 00:00,         151
11/03/2016 00:00,         154
12/03/2016 00:00,         185
13/03/2016 00:00,         296
14/03/2016 00:00,         195
15/03/2016 00:00,         149
16/03/2016 00:00,          73
17/03/2016 00:00,          29
18/03/2016 00:00,         229
19/03/2016 00:00,         197
20/03/2016 00:00,         173
21/03/2016 00:00,         147
22/03/2016 00:00,         103
23/03/2016 00:00,         317
24/03/2016 00:00,         206
25/03/2016 00:00,         209
26/03/2016 00:00,         203
27/03/2016 00:00,         189
28/03/2016 00:00,         167
29/03/2016 00:00,         189
30/03/2016 00:00,         208
31/03/2016 00:00,         312
01/04/2016 00:00,         348
02/04/2016 00:00,         220
03/04/2016 00:00,         176
04/04/2016 00:00,          45
05/04/2016 00:00,          21
06/04/2016 00:00,         208
07/04/2016 00:00,         191
08/04/2016 00:00,         227
09/04/2016 00:00,         200
10/04/2016 00:00,         219
11/04/2016 00:00,         219
12/04/2016 00:00,         202
13/04/2016 00:00,         214
14/04/2016 00:00,         162
15/04/2016 00:00,         179
16/04/2016 00:00,         210
17/04/2016 00:00,         190
18/04/2016 00:00,         102
19/04/2016 00:00,          74
20/04/2016 00:00,          39
21/04/2016 00:00,         211
22/04/2016 00:00,         199
23/04/2016 00:00,         180
24/04/2016 00:00,         129
25/04/2016 00:00,          62
26/04/2016 00:00,          28
27/04/2016 00:00,           8
28/04/2016 00:00,          26
29/04/2016 00:00,          35
30/04/2016 00:00,         357
01/05/2016 00:00,         239
02/05/2016 00:00,         313
03/05/2016 00:00,         299
04/05/2016 00:00,         324
05/05/2016 00:00,          14
06/05/2016 00:00,          18
07/05/2016 00:00,          49
08/05/2016 00:00,          23
09/05/2016 00:00,         327
10/05/2016 00:00,         248
11/05/2016 00:00,         286
12/05/2016 00:00,         288
13/05/2016 00:00,         344
14/05/2016 00:00,         349
15/05/2016 00:00,         249
16/05/2016 00:00,          18
17/05/2016 00:00,         268
18/05/2016 00:00,         263
19/05/2016 00:00,         266
20/05/2016 00:00,         101
21/05/2016 00:00,          52
22/05/2016 00:00,         354
23/05/2016 00:00,         253
24/05/2016 00:00,         356
25/05/2016 00:00,           0
26/05/2016 00:00,         252
27/05/2016 00:00,         294
28/05/2016 00:00,         226
29/05/2016 00:00,         103
30/05/2016 00:00,          68
31/05/2016 00:00,          51
01/06/2016 00:00,          68
02/06/2016 00:00,         158
03/06/2016 00:00,         176
04/06/2016 00:00,         224
05/06/2016 00:00,         290
06/06/2016 00:00,         281
07/06/2016 00:00,         274
08/06/2016 00:00,         358
09/06/2016 00:00,         276
10/06/2016 00:00,         287
11/06/2016 00:00,         224
12/06/2016 00:00,         144
13/06/2016 00:00,          73
14/06/2016 00:00,          69
15/06/2016 00:00,          83
16/06/2016 00:00,          21
17/06/2016 00:00,         331
18/06/2016 00:00,         177
19/06/2016 00:00,         189
20/06/2016 00:00,         253
21/06/2016 00:00,         326
22/06/2016 00:00,         300
23/06/2016 00:00,         316
24/06/2016 00:00,         256
25/06/2016 00:00,         214
26/06/2016 00:00,          25
27/06/2016 00:00,         288
28/06/2016 00:00,         343
29/06/2016 00:00,           2
30/06/2016 00:00,         303
01/07/2016 00:00,         260
02/07/2016 00:00,         285
03/07/2016 00:00,         356
04/07/2016 00:00,           0
05/07/2016 00:00,         241
06/07/2016 00:00,         223
07/07/2016 00:00,         242
08/07/2016 00:00,         238
09/07/2016 00:00,          79
10/07/2016 00:00,          30
11/07/2016 00:00,         337
12/07/2016 00:00,         297
13/07/2016 00:00,         258
14/07/2016 00:00,         253
15/07/2016 00:00,         331
16/07/2016 00:00,         101
17/07/2016 00:00,          52
18/07/2016 00:00,          38
19/07/2016 00:00,         137
20/07/2016 00:00,         110
21/07/2016 00:00,          18
22/07/2016 00:00,         296
23/07/2016 00:00,         270
24/07/2016 00:00,         316
25/07/2016 00:00,         291
26/07/2016 00:00,         305
27/07/2016 00:00,         245
28/07/2016 00:00,         274
29/07/2016 00:00,          21
30/07/2016 00:00,          14
31/07/2016 00:00,           4
01/08/2016 00:00,         301
02/08/2016 00:00,         203
03/08/2016 00:00,         197
04/08/2016 00:00,         157
05/08/2016 00:00,         136
06/08/2016 00:00,          92
07/08/2016 00:00,          43
08/08/2016 00:00,          28
09/08/2016 00:00,         347
10/08/2016 00:00,         293
11/08/2016 00:00,         264
12/08/2016 00:00,         318
13/08/2016 00:00,         238
14/08/2016 00:00,          45
15/08/2016 00:00,          48
16/08/2016 00:00,         357
17/08/2016 00:00,          67
18/08/2016 00:00,           8
19/08/2016 00:00,         273
20/08/2016 00:00,         288
21/08/2016 00:00,         343
22/08/2016 00:00,           2
23/08/2016 00:00,         181
24/08/2016 00:00,         186
25/08/2016 00:00,         209
26/08/2016 00:00,         226
27/08/2016 00:00,         345
28/08/2016 00:00,          27
29/08/2016 00:00,          39
30/08/2016 00:00,          23
31/08/2016 00:00,         276
01/09/2016 00:00,         123
02/09/2016 00:00,         188
03/09/2016 00:00,         253
04/09/2016 00:00,         267
05/09/2016 00:00,          51
06/09/2016 00:00,          58
07/09/2016 00:00,          50
08/09/2016 00:00,          25
09/09/2016 00:00,         239
10/09/2016 00:00,         233
11/09/2016 00:00,          99
12/09/2016 00:00,         169
13/09/2016 00:00,         197
14/09/2016 00:00,         298
15/09/2016 00:00,         244
16/09/2016 00:00,         338
17/09/2016 00:00,         355
18/09/2016 00:00,         213
19/09/2016 00:00,          16
20/09/2016 00:00,          45
21/09/2016 00:00,         226
22/09/2016 00:00,         209
23/09/2016 00:00,          64
24/09/2016 00:00,         358
25/09/2016 00:00,         239
26/09/2016 00:00,         306
27/09/2016 00:00,         246
28/09/2016 00:00,          37
29/09/2016 00:00,         313
30/09/2016 00:00,         259
01/10/2016 00:00,         336
02/10/2016 00:00,         355
03/10/2016 00:00,         285
04/10/2016 00:00,         278
05/10/2016 00:00,         294
06/10/2016 00:00,         355
07/10/2016 00:00,         300
08/10/2016 00:00,         102
09/10/2016 00:00,         331
10/10/2016 00:00,         256
11/10/2016 00:00,         239
12/10/2016 00:00,         235
13/10/2016 00:00,         143
14/10/2016 00:00,          48
15/10/2016 00:00,           8
16/10/2016 00:00,         294
17/10/2016 00:00,         265
18/10/2016 00:00,         261
19/10/2016 00:00,          72
20/10/2016 00:00,          17
21/10/2016 00:00,         222
22/10/2016 00:00,         208
23/10/2016 00:00,         189
24/10/2016 00:00,          86
25/10/2016 00:00,           4
26/10/2016 00:00,         237
27/10/2016 00:00,         174
28/10/2016 00:00,         175
29/10/2016 00:00,          40
30/10/2016 00:00,         265
31/10/2016 00:00,         256
01/11/2016 00:00,         237
02/11/2016 00:00,         227
03/11/2016 00:00,         109
04/11/2016 00:00,         267
05/11/2016 00:00,         224
06/11/2016 00:00,          62
07/11/2016 00:00,         307
08/11/2016 00:00,         194
09/11/2016 00:00,         147
10/11/2016 00:00,         164
11/11/2016 00:00,         105
12/11/2016 00:00,         269
13/11/2016 00:00,         250
14/11/2016 00:00,         215
15/11/2016 00:00,         205
16/11/2016 00:00,         108
17/11/2016 00:00,           6
18/11/2016 00:00,         210
19/11/2016 00:00,         172
20/11/2016 00:00,          76
21/11/2016 00:00,         357
22/11/2016 00:00,         198
23/11/2016 00:00,         208
24/11/2016 00:00,         197
25/11/2016 00:00,         197
26/11/2016 00:00,         186
27/11/2016 00:00,         196
28/11/2016 00:00,         160
29/11/2016 00:00,         215
30/11/2016 00:00,         222
01/12/2016 00:00,         205
02/12/2016 00:00,         196
03/12/2016 00:00,         177
04/12/2016 00:00,          24
05/12/2016 00:00,         219
06/12/2016 00:00,         227
07/12/2016 00:00,          64
08/12/2016 00:00,         249
09/12/2016 00:00,         206
10/12/2016 00:00,         177
11/12/2016 00:00,         132
12/12/2016 00:00,          69
13/12/2016 00:00,         327
14/12/2016 00:00,         213
15/12/2016 00:00,         191
16/12/2016 00:00,         247
17/12/2016 00:00,         216
18/12/2016 00:00,         126
19/12/2016 00:00,          34
20/12/2016 00:00,         219
21/12/2016 00:00,         190
22/12/2016 00:00,          81
23/12/2016 00:00,          10
24/12/2016 00:00,         208
25/12/2016 00:00,          85
26/12/2016 00:00,         159
27/12/2016 00:00,          46
28/12/2016 00:00,           0
29/12/2016 00:00,         219
30/12/2016 00:00,         228
31/12/2016 00:00,         215
01/01/2017 00:00,         213
02/01/2017 00:00,         192
03/01/2017 00:00,         161
04/01/2017 00:00,         122
05/01/2017 00:00,          90
06/01/2017 00:00,          93
07/01/2017 00:00,          42
08/01/2017 00:00,         215
09/01/2017 00:00,         178
10/01/2017 00:00,         201
11/01/2017 00:00,         203
12/01/2017 00:00,         107
13/01/2017 00:00,         257
14/01/2017 00:00,         215
15/01/2017 00:00,         182
16/01/2017 00:00,         109
17/01/2017 00:00,         338
18/01/2017 00:00,         188
19/01/2017 00:00,         103
20/01/2017 00:00,         230
21/01/2017 00:00,         160
22/01/2017 00:00,         100
23/01/2017 00:00,          14
24/01/2017 00:00,         207
25/01/2017 00:00,         183
26/01/2017 00:00,         198
27/01/2017 00:00,         127
28/01/2017 00:00,         204
29/01/2017 00:00,         135
30/01/2017 00:00,         214
31/01/2017 00:00,         198
01/02/2017 00:00,         197
02/02/2017 00:00,         199
03/02/2017 00:00,         138
04/02/2017 00:00,         182
05/02/2017 00:00,         221
06/02/2017 00:00,         182
07/02/2017 00:00,         143
08/02/2017 00:00,          85
09/02/2017 00:00,          27
10/02/2017 00:00,         231
11/02/2017 00:00,         213
12/02/2017 00:00,         208
13/02/2017 00:00,         209
14/02/2017 00:00,         173
15/02/2017 00:00,         310
16/02/2017 00:00,         206
17/02/2017 00:00,         213
18/02/2017 00:00,         217
19/02/2017 00:00,         233
20/02/2017 00:00,         208
21/02/2017 00:00,          67
22/02/2017 00:00,         355
23/02/2017 00:00,         207
24/02/2017 00:00,         195
25/02/2017 00:00,         184
26/02/2017 00:00,         190
27/02/2017 00:00,          96
28/02/2017 00:00,          81
01/03/2017 00:00,         106
02/03/2017 00:00,         156
03/03/2017 00:00,         178
04/03/2017 00:00,         181
05/03/2017 00:00,         225
06/03/2017 00:00,         178
07/03/2017 00:00,         110
08/03/2017 00:00,          67
09/03/2017 00:00,          33
10/03/2017 00:00,         218
11/03/2017 00:00,         283
12/03/2017 00:00,         253
13/03/2017 00:00,         196
14/03/2017 00:00,         119
15/03/2017 00:00,          44
16/03/2017 00:00,         220
17/03/2017 00:00,         169
18/03/2017 00:00,         124
19/03/2017 00:00,         103
20/03/2017 00:00,          57
21/03/2017 00:00,          84
22/03/2017 00:00,         180
23/03/2017 00:00,         165
24/03/2017 00:00,         116
25/03/2017 00:00,         170
26/03/2017 00:00,         113
27/03/2017 00:00,         229
28/03/2017 00:00,         120
29/03/2017 00:00,         215
30/03/2017 00:00,         215
31/03/2017 00:00,         204
01/04/2017 00:00,         209
02/04/2017 00:00,         178
03/04/2017 00:00,         178
04/04/2017 00:00,         113
05/04/2017 00:00,         110
06/04/2017 00:00,          77
07/04/2017 00:00,          34
08/04/2017 00:00,           2
09/04/2017 00:00,         243
10/04/2017 00:00,         214
11/04/2017 00:00,         187
12/04/2017 00:00,         161
13/04/2017 00:00,         229
14/04/2017 00:00,         210
15/04/2017 00:00,         120
16/04/2017 00:00,         203
17/04/2017 00:00,         162
18/04/2017 00:00,         120
19/04/2017 00:00,          60
20/04/2017 00:00,         359
21/04/2017 00:00,         352
22/04/2017 00:00,         155
23/04/2017 00:00,         136
24/04/2017 00:00,         186
25/04/2017 00:00,         260
26/04/2017 00:00,         224
27/04/2017 00:00,         218
28/04/2017 00:00,         226
29/04/2017 00:00,         227
30/04/2017 00:00,           4
01/05/2017 00:00,         277
02/05/2017 00:00,         205
03/05/2017 00:00,         186
04/05/2017 00:00,         184
05/05/2017 00:00,          82
06/05/2017 00:00,         259
07/05/2017 00:00,         187
08/05/2017 00:00,         169
09/05/2017 00:00,         169
10/05/2017 00:00,          99
11/05/2017 00:00,          93
12/05/2017 00:00,         100
13/05/2017 00:00,         181
14/05/2017 00:00,         206
15/05/2017 00:00,         112
16/05/2017 00:00,          37
17/05/2017 00:00,          79
18/05/2017 00:00,         121
19/05/2017 00:00,          31
20/05/2017 00:00,          36
21/05/2017 00:00,          23
22/05/2017 00:00,          15
23/05/2017 00:00,         288
24/05/2017 00:00,         266
25/05/2017 00:00,         310
26/05/2017 00:00,          29
27/05/2017 00:00,         348
28/05/2017 00:00,         273
29/05/2017 00:00,         288
30/05/2017 00:00,         229
31/05/2017 00:00,         187
01/06/2017 00:00,         160
02/06/2017 00:00,         130
03/06/2017 00:00,         132
04/06/2017 00:00,          95
05/06/2017 00:00,         264
06/06/2017 00:00,         203
07/06/2017 00:00,         206
08/06/2017 00:00,         214
09/06/2017 00:00,         192
10/06/2017 00:00,         183
11/06/2017 00:00,         209
12/06/2017 00:00,         239
13/06/2017 00:00,         215
14/06/2017 00:00,          82
15/06/2017 00:00,          75
16/06/2017 00:00,         115
17/06/2017 00:00,         179
18/06/2017 00:00,         212
19/06/2017 00:00,         180
20/06/2017 00:00,          56
21/06/2017 00:00,         134
22/06/2017 00:00,          57
23/06/2017 00:00,         332
24/06/2017 00:00,         209
25/06/2017 00:00,         250
26/06/2017 00:00,         194
27/06/2017 00:00,          37
28/06/2017 00:00,          62
29/06/2017 00:00,         227
30/06/2017 00:00,         139
01/07/2017 00:00,          41
02/07/2017 00:00,          41
03/07/2017 00:00,         337
04/07/2017 00:00,         304
05/07/2017 00:00,         276
06/07/2017 00:00,         348
07/07/2017 00:00,         290
08/07/2017 00:00,         287
09/07/2017 00:00,         275
10/07/2017 00:00,          13
11/07/2017 00:00,          89
12/07/2017 00:00,          47
13/07/2017 00:00,          15
14/07/2017 00:00,         258
15/07/2017 00:00,         233
16/07/2017 00:00,          21
17/07/2017 00:00,         330
18/07/2017 00:00,         292
19/07/2017 00:00,         225
20/07/2017 00:00,         230
21/07/2017 00:00,          39
22/07/2017 00:00,           8
23/07/2017 00:00,         274
24/07/2017 00:00,         335
25/07/2017 00:00,         315
26/07/2017 00:00,         253
27/07/2017 00:00,         344
28/07/2017 00:00,         351
29/07/2017 00:00,         341
30/07/2017 00:00,         261
31/07/2017 00:00,         268
01/08/2017 00:00,         103
02/08/2017 00:00,         104
03/08/2017 00:00,         175
04/08/2017 00:00,         311
05/08/2017 00:00,         332
06/08/2017 00:00,         302
07/08/2017 00:00,         263
08/08/2017 00:00,          32
09/08/2017 00:00,          22
10/08/2017 00:00,         327
11/08/2017 00:00,         270
12/08/2017 00:00,         320
13/08/2017 00:00,          10
14/08/2017 00:00,         359
15/08/2017 00:00,         313
16/08/2017 00:00,         297
17/08/2017 00:00,         291
18/08/2017 00:00,         251
19/08/2017 00:00,         198
20/08/2017 00:00,          61
21/08/2017 00:00,          30
22/08/2017 00:00,         242
23/08/2017 00:00,         258
24/08/2017 00:00,         223
25/08/2017 00:00,         199
26/08/2017 00:00,         235
27/08/2017 00:00,         205
28/08/2017 00:00,         193
29/08/2017 00:00,         213
30/08/2017 00:00,         158
31/08/2017 00:00,          97
01/09/2017 00:00,          24
02/09/2017 00:00,          20
03/09/2017 00:00,         266
04/09/2017 00:00,         277
05/09/2017 00:00,         271
06/09/2017 00:00,         261
07/09/2017 00:00,         256
08/09/2017 00:00,         229
09/09/2017 00:00,         259
10/09/2017 00:00,          73
11/09/2017 00:00,         353
12/09/2017 00:00,         235
13/09/2017 00:00,         259
14/09/2017 00:00,         257
15/09/2017 00:00,         270
16/09/2017 00:00,         188
17/09/2017 00:00,          42
18/09/2017 00:00,         311
19/09/2017 00:00,         225
20/09/2017 00:00,          36
21/09/2017 00:00,         345
22/09/2017 00:00,         136
23/09/2017 00:00,         301
24/09/2017 00:00,         284
25/09/2017 00:00,         247
26/09/2017 00:00,          95
27/09/2017 00:00,         277
28/09/2017 00:00,         252
29/09/2017 00:00,         268
30/09/2017 00:00,         221
01/10/2017 00:00,         210
02/10/2017 00:00,         117
03/10/2017 00:00,          79
04/10/2017 00:00,          65
05/10/2017 00:00,         218
06/10/2017 00:00,         139
07/10/2017 00:00,          66
08/10/2017 00:00,         320
09/10/2017 00:00,         215
10/10/2017 00:00,          95
11/10/2017 00:00,         342
12/10/2017 00:00,         244
13/10/2017 00:00,         212
14/10/2017 00:00,         162
15/10/2017 00:00,         142
16/10/2017 00:00,          86
17/10/2017 00:00,          41
18/10/2017 00:00,          26
19/10/2017 00:00,         240
20/10/2017 00:00,         197
21/10/2017 00:00,         202
22/10/2017 00:00,         204
23/10/2017 00:00,          91
24/10/2017 00:00,          83
25/10/2017 00:00,         185
26/10/2017 00:00,         215
27/10/2017 00:00,          16
28/10/2017 00:00,         215
29/10/2017 00:00,         318
30/10/2017 00:00,         246
31/10/2017 00:00,         204
01/11/2017 00:00,         202
02/11/2017 00:00,         193
03/11/2017 00:00,         216
04/11/2017 00:00,         135
05/11/2017 00:00,         130
06/11/2017 00:00,         199
07/11/2017 00:00,         188
08/11/2017 00:00,         131
09/11/2017 00:00,         104
10/11/2017 00:00,          59
11/11/2017 00:00,          27
12/11/2017 00:00,          95
13/11/2017 00:00,          36
14/11/2017 00:00,          20
15/11/2017 00:00,         213
16/11/2017 00:00,         230
17/11/2017 00:00,         280
18/11/2017 00:00,         221
19/11/2017 00:00,          90
20/11/2017 00:00,          68
21/11/2017 00:00,          59
22/11/2017 00:00,          51
23/11/2017 00:00,         272
24/11/2017 00:00,         279
25/11/2017 00:00,         322
26/11/2017 00:00,         227
27/11/2017 00:00,         212
28/11/2017 00:00,          91
29/11/2017 00:00,          32
30/11/2017 00:00,          42
01/12/2017 00:00,         230
02/12/2017 00:00,         217
03/12/2017 00:00,         215
04/12/2017 00:00,         194
05/12/2017 00:00,         207
06/12/2017 00:00,         239
07/12/2017 00:00,         236
08/12/2017 00:00,         214
09/12/2017 00:00,         205
10/12/2017 00:00,         201
11/12/2017 00:00,         207
12/12/2017 00:00,          95
13/12/2017 00:00,           8
14/12/2017 00:00,         218
15/12/2017 00:00,         175
16/12/2017 00:00,         198
17/12/2017 00:00,         138
18/12/2017 00:00,          90
19/12/2017 00:00,         258
20/12/2017 00:00,         229
21/12/2017 00:00,         187
22/12/2017 00:00,         113
23/12/2017 00:00,         165
24/12/2017 00:00,         196
25/12/2017 00:00,         154
26/12/2017 00:00,          72
27/12/2017 00:00,         103
28/12/2017 00:00,         186
29/12/2017 00:00,         221
30/12/2017 00:00,         215
31/12/2017 00:00,         227
01/01/2018 00:00,         211
02/01/2018 00:00,         210
03/01/2018 00:00,         193
04/01/2018 00:00,         311
05/01/2018 00:00,         121
06/01/2018 00:00,         333
07/01/2018 00:00,         203
08/01/2018 00:00,         219
09/01/2018 00:00,         200
10/01/2018 00:00,         114
11/01/2018 00:00,          84
12/01/2018 00:00,         222
13/01/2018 00:00,         237
14/01/2018 00:00,         179
15/01/2018 00:00,         171
16/01/2018 00:00,         112
17/01/2018 00:00,          69
18/01/2018 00:00,          55
19/01/2018 00:00,          21
20/01/2018 00:00,         215
21/01/2018 00:00,         137
22/01/2018 00:00,         209
23/01/2018 00:00,         203
24/01/2018 00:00,         181
25/01/2018 00:00,         245
26/01/2018 00:00,         216
27/01/2018 00:00,         219
28/01/2018 00:00,          64
29/01/2018 00:00,         216
30/01/2018 00:00,         186
31/01/2018 00:00,         171
01/02/2018 00:00,         157
02/02/2018 00:00,         140
03/02/2018 00:00,          96
04/02/2018 00:00,          85
05/02/2018 00:00,          34
06/02/2018 00:00,         228
07/02/2018 00:00,         297
08/02/2018 00:00,         224
09/02/2018 00:00,         120
10/02/2018 00:00,         216
11/02/2018 00:00,         209
12/02/2018 00:00,         206
13/02/2018 00:00,          87
14/02/2018 00:00,         229
15/02/2018 00:00,         189
16/02/2018 00:00,         205
17/02/2018 00:00,         171
18/02/2018 00:00,         186
19/02/2018 00:00,         182
20/02/2018 00:00,         105
21/02/2018 00:00,          72
22/02/2018 00:00,          76
23/02/2018 00:00,          28
24/02/2018 00:00,         239
25/02/2018 00:00,         197
26/02/2018 00:00,         178
27/02/2018 00:00,          53
28/02/2018 00:00,         228
01/03/2018 00:00,         170
02/03/2018 00:00,         131
03/03/2018 00:00,         211
04/03/2018 00:00,         196
05/03/2018 00:00,         185
06/03/2018 00:00,         156
07/03/2018 00:00,         112
08/03/2018 00:00,         108
09/03/2018 00:00,          88
10/03/2018 00:00,          57
11/03/2018 00:00,         230
12/03/2018 00:00,         195
13/03/2018 00:00,         192
14/03/2018 00:00,         206
15/03/2018 00:00,         219
16/03/2018 00:00,         184
17/03/2018 00:00,          15
18/03/2018 00:00,         238
19/03/2018 00:00,         241
20/03/2018 00:00,         177
21/03/2018 00:00,         168
22/03/2018 00:00,          76
23/03/2018 00:00,          72
24/03/2018 00:00,         339
25/03/2018 00:00,         262
26/03/2018 00:00,         219
27/03/2018 00:00,          52
28/03/2018 00:00,         269
29/03/2018 00:00,         205
30/03/2018 00:00,         210
31/03/2018 00:00,         107
01/04/2018 00:00,           4
02/04/2018 00:00,         203
03/04/2018 00:00,         189
04/04/2018 00:00,         233
05/04/2018 00:00,         217
06/04/2018 00:00,         183
07/04/2018 00:00,          76
08/04/2018 00:00,         357
09/04/2018 00:00,          39
10/04/2018 00:00,         307
11/04/2018 00:00,           5
12/04/2018 00:00,         236
13/04/2018 00:00,         278
14/04/2018 00:00,         284
15/04/2018 00:00,         273
16/04/2018 00:00,         244
17/04/2018 00:00,         147
18/04/2018 00:00,          80
19/04/2018 00:00,          61
20/04/2018 00:00,          46
21/04/2018 00:00,          41
22/04/2018 00:00,         120
23/04/2018 00:00,         354
24/04/2018 00:00,         294
25/04/2018 00:00,         195
26/04/2018 00:00,         205
27/04/2018 00:00,         175
28/04/2018 00:00,         188
29/04/2018 00:00,         184
30/04/2018 00:00,         145
01/05/2018 00:00,          49
02/05/2018 00:00,           6
03/05/2018 00:00,         334
04/05/2018 00:00,         270
05/05/2018 00:00,         285
06/05/2018 00:00,           2
07/05/2018 00:00,         340
08/05/2018 00:00,         197
09/05/2018 00:00,         243
10/05/2018 00:00,         246
11/05/2018 00:00,         223
12/05/2018 00:00,         208
13/05/2018 00:00,         195
14/05/2018 00:00,         214
15/05/2018 00:00,         194
16/05/2018 00:00,         182
17/05/2018 00:00,         211
18/05/2018 00:00,         236
19/05/2018 00:00,         218
20/05/2018 00:00,         233
21/05/2018 00:00,         238
22/05/2018 00:00,         225
23/05/2018 00:00,         193
24/05/2018 00:00,         169
25/05/2018 00:00,         123
26/05/2018 00:00,          80
27/05/2018 00:00,          22
28/05/2018 00:00,          16
29/05/2018 00:00,         263
30/05/2018 00:00,         250
31/05/2018 00:00,         188
01/06/2018 00:00,         134
02/06/2018 00:00,         210
03/06/2018 00:00,         219
04/06/2018 00:00,         204
05/06/2018 00:00,         180
06/06/2018 00:00,          71
07/06/2018 00:00,           7
08/06/2018 00:00,           9
09/06/2018 00:00,          67
10/06/2018 00:00,          85
11/06/2018 00:00,          28
12/06/2018 00:00,         278
13/06/2018 00:00,         300
14/06/2018 00:00,         313
15/06/2018 00:00,         285
16/06/2018 00:00,         260
17/06/2018 00:00,         235
18/06/2018 00:00,         213
19/06/2018 00:00,          67
20/06/2018 00:00,          32
21/06/2018 00:00,         147
22/06/2018 00:00,         104
23/06/2018 00:00,         153
24/06/2018 00:00,         190
25/06/2018 00:00,         186
26/06/2018 00:00,         162
27/06/2018 00:00,         208
28/06/2018 00:00,         106
29/06/2018 00:00,         346
30/06/2018 00:00,         243
01/07/2018 00:00,         221
02/07/2018 00:00,          54
03/07/2018 00:00,          24
04/07/2018 00:00,          15
05/07/2018 00:00,         354
06/07/2018 00:00,         277
07/07/2018 00:00,         251
08/07/2018 00:00,         235
09/07/2018 00:00,         211
10/07/2018 00:00,         233
11/07/2018 00:00,         318
12/07/2018 00:00,         241
13/07/2018 00:00,         109
14/07/2018 00:00,           8
15/07/2018 00:00,           7
16/07/2018 00:00,         319
17/07/2018 00:00,         311
18/07/2018 00:00,         331
19/07/2018 00:00,         307
20/07/2018 00:00,         308
21/07/2018 00:00,           7
22/07/2018 00:00,          15
23/07/2018 00:00,         360
24/07/2018 00:00,         300
25/07/2018 00:00,         255
26/07/2018 00:00,          40
27/07/2018 00:00,          27
28/07/2018 00:00,         183
29/07/2018 00:00,         264
30/07/2018 00:00,         325
31/07/2018 00:00,         292
01/08/2018 00:00,          23
02/08/2018 00:00,          36
03/08/2018 00:00,         314
04/08/2018 00:00,         351
05/08/2018 00:00,         344
06/08/2018 00:00,         293
07/08/2018 00:00,         299
08/08/2018 00:00,         279
09/08/2018 00:00,         359
10/08/2018 00:00,         350
11/08/2018 00:00,         263
12/08/2018 00:00,         259
13/08/2018 00:00,         251
14/08/2018 00:00,         346
15/08/2018 00:00,         296
16/08/2018 00:00,         257
17/08/2018 00:00,         312
18/08/2018 00:00,         256
19/08/2018 00:00,         228
20/08/2018 00:00,         245
21/08/2018 00:00,         258
22/08/2018 00:00,          44
23/08/2018 00:00,          77
24/08/2018 00:00,         135
25/08/2018 00:00,         185
26/08/2018 00:00,         216
27/08/2018 00:00,         157
28/08/2018 00:00,          89
29/08/2018 00:00,          54
30/08/2018 00:00,          30
31/08/2018 00:00,         303
01/09/2018 00:00,         238
02/09/2018 00:00,         193
03/09/2018 00:00,         182
04/09/2018 00:00,          31
05/09/2018 00:00,          37
06/09/2018 00:00,         284
07/09/2018 00:00,         214
08/09/2018 00:00,         265
09/09/2018 00:00,         256
10/09/2018 00:00,          87
11/09/2018 00:00,         333
12/09/2018 00:00,         252
13/09/2018 00:00,          67
14/09/2018 00:00,           1
15/09/2018 00:00,         240
16/09/2018 00:00,         230
17/09/2018 00:00,           6
18/09/2018 00:00,         292
19/09/2018 00:00,         239
20/09/2018 00:00,""
21/09/2018 00:00,""
22/09/2018 00:00,""
23/09/2018 00:00,""
24/09/2018 00:00,""
25/09/2018 00:00,""
26/09/2018 00:00,""
27/09/2018 00:00,""
28/09/2018 00:00,""
29/09/2018 00:00,""
30/09/2018 00:00,""
01/10/2018 00:00,""
02/10/2018 00:00,""
03/10/2018 00:00,""
04/10/2018 00:00,""
05/10/2018 00:00,""
06/10/2018 00:00,""
07/10/2018 00:00,""
08/10/2018 00:00,""
09/10/2018 00:00,""
10/10/2018 00:00,""
11/10/2018 00:00,""
12/10/2018 00:00,""
13/10/2018 00:00,""
14/10/2018 00:00,""
