Start Date,End Date,Zone,Simulation,SAL,WQ_NIT_NIT,WQ_PHS_FRP,WQ_DIAG_TOT_TN,WQ_DIAG_TOT_TP,WQ_OXY_OXY,WQ_DIAG_HAB_RUPPIA_HSI,WQ_DIAG_MAG_HSI,
01/01/2014,31/03/2014,Mouth,ORH_Base_20140101_20170101,20.2844,0.0669,0.0006,0.6490,0.0508,7.3573,52.2639,13.7900,
01/01/2014,31/03/2014,Mouth,ORH_Base_3D_20140101_20170101,18.4181,0.0387,0.0007,0.6663,0.0589,7.2382,0.0000,0.0000,
01/01/2014,31/03/2014,Mouth,ORH_Base_FSED0_20140101_20170101,20.2765,0.0126,0.0005,0.5885,0.0497,7.4404,52.3556,0.3953,
01/01/2014,31/03/2014,Mouth,ORH_Base_FSED2_20140101_20170101,20.2918,0.1027,0.0008,0.6913,0.0519,7.2525,52.1863,15.8517,
01/01/2014,31/03/2014,Mouth,ORH_SLR_02_20140101_20170101,24.0253,0.0633,0.0007,0.6167,0.0491,7.3182,62.3360,12.6198,
01/01/2014,31/03/2014,Mouth,SC40_Base_20140101_20170101,20.2909,0.0669,0.0006,0.6495,0.0508,7.3667,52.3103,13.7456,
01/01/2014,31/03/2014,Mouth,SC40_NUT_1_5_20140101_20170101,20.2909,0.0669,0.0006,0.6495,0.0508,7.3640,52.3127,13.7444,
01/01/2014,31/03/2014,Mouth,SC40_NUT_2_0_20140101_20170101,20.2896,0.0669,0.0006,0.6490,0.0508,7.3753,52.3099,13.7829,
01/01/2014,31/03/2014,Upper,ORH_Base_20140101_20170101,37.3742,0.1245,0.0006,1.0335,0.0665,6.6580,80.0644,24.6384,
01/01/2014,31/03/2014,Upper,ORH_Base_3D_20140101_20170101,37.8129,0.1096,0.0005,0.9199,0.0600,6.6321,0.0000,0.0000,
01/01/2014,31/03/2014,Upper,ORH_Base_FSED0_20140101_20170101,37.3943,0.0125,0.0002,0.8869,0.0608,6.7794,80.2714,0.0386,
01/01/2014,31/03/2014,Upper,ORH_Base_FSED2_20140101_20170101,37.3552,0.1956,0.0008,1.1394,0.0722,6.5440,79.8781,25.0450,
01/01/2014,31/03/2014,Upper,ORH_SLR_02_20140101_20170101,33.6337,0.0830,0.0005,0.7862,0.0551,6.9006,84.4083,19.0028,
01/01/2014,31/03/2014,Upper,SC40_Base_20140101_20170101,37.3711,0.1245,0.0006,1.0335,0.0664,6.6759,80.0841,24.5872,
01/01/2014,31/03/2014,Upper,SC40_NUT_1_5_20140101_20170101,37.3710,0.1245,0.0006,1.0335,0.0664,6.6762,80.0831,24.5859,
01/01/2014,31/03/2014,Upper,SC40_NUT_2_0_20140101_20170101,37.3705,0.1245,0.0006,1.0334,0.0664,6.6688,80.0817,24.6753,
01/01/2014,31/03/2014,Mid,ORH_Base_20140101_20170101,53.9639,0.4377,0.0057,2.0347,0.0881,5.0926,46.1084,13.8811,
01/01/2014,31/03/2014,Mid,ORH_Base_3D_20140101_20170101,55.0244,0.2432,0.0011,1.2472,0.0556,4.2803,0.0000,0.0000,
01/01/2014,31/03/2014,Mid,ORH_Base_FSED0_20140101_20170101,53.9032,0.0069,0.0002,1.5145,0.0707,5.2514,46.4321,0.2339,
01/01/2014,31/03/2014,Mid,ORH_Base_FSED2_20140101_20170101,54.0229,0.8302,0.0112,2.5258,0.1070,4.9644,45.7966,14.3306,
01/01/2014,31/03/2014,Mid,ORH_SLR_02_20140101_20170101,49.1275,0.2826,0.0030,1.6042,0.0800,5.5360,60.2190,19.7599,
01/01/2014,31/03/2014,Mid,SC40_Base_20140101_20170101,53.8903,0.4366,0.0058,2.0314,0.0881,5.1204,46.1425,14.0092,
01/01/2014,31/03/2014,Mid,SC40_NUT_1_5_20140101_20170101,53.8902,0.4365,0.0058,2.0314,0.0881,5.1209,46.1412,14.0048,
01/01/2014,31/03/2014,Mid,SC40_NUT_2_0_20140101_20170101,53.8925,0.4364,0.0058,2.0325,0.0882,5.1369,46.1378,13.8459,
01/01/2014,31/03/2014,Upper_Salt,ORH_Base_20140101_20170101,68.2695,0.2886,0.0009,2.6323,0.1154,4.7857,68.8558,2.1263,
01/01/2014,31/03/2014,Upper_Salt,ORH_Base_3D_20140101_20170101,68.4459,0.2048,0.0007,2.3414,0.1049,4.5063,0.0000,0.0000,
01/01/2014,31/03/2014,Upper_Salt,ORH_Base_FSED0_20140101_20170101,68.1046,0.0038,0.0002,2.2500,0.1002,5.0135,69.5264,0.0034,
01/01/2014,31/03/2014,Upper_Salt,ORH_Base_FSED2_20140101_20170101,68.4270,0.5309,0.0014,2.9778,0.1317,4.5484,68.1710,3.1323,
01/01/2014,31/03/2014,Upper_Salt,ORH_SLR_02_20140101_20170101,63.9189,0.2664,0.0009,2.2901,0.1055,5.0166,73.8537,10.6263,
01/01/2014,31/03/2014,Upper_Salt,SC40_Base_20140101_20170101,68.2628,0.2888,0.0009,2.6281,0.1152,4.8707,68.8621,2.1744,
01/01/2014,31/03/2014,Upper_Salt,SC40_NUT_1_5_20140101_20170101,68.2628,0.2888,0.0009,2.6282,0.1152,4.8710,68.8621,2.1783,
01/01/2014,31/03/2014,Upper_Salt,SC40_NUT_2_0_20140101_20170101,68.2625,0.2888,0.0009,2.6307,0.1153,4.8685,68.8596,2.1442,
01/01/2014,31/03/2014,Lower_Salt,ORH_Base_20140101_20170101,57.6542,0.2049,0.0018,2.4434,0.1068,4.6104,61.7125,7.8664,
01/01/2014,31/03/2014,Lower_Salt,ORH_Base_3D_20140101_20170101,58.1898,0.1651,0.0005,2.1283,0.0930,4.2366,0.0000,0.0000,
01/01/2014,31/03/2014,Lower_Salt,ORH_Base_FSED0_20140101_20170101,57.5576,0.0023,0.0002,2.1358,0.0901,4.9422,62.9470,0.0208,
01/01/2014,31/03/2014,Lower_Salt,ORH_Base_FSED2_20140101_20170101,57.7410,0.3691,0.0032,2.7196,0.1253,4.3299,50.8861,9.5169,
01/01/2014,31/03/2014,Lower_Salt,ORH_SLR_02_20140101_20170101,61.2417,0.2187,0.0018,2.5170,0.1111,4.7566,65.5356,8.1354,
01/01/2014,31/03/2014,Lower_Salt,SC40_Base_20140101_20170101,57.6106,0.2027,0.0018,2.4347,0.1066,4.6813,61.7186,7.9065,
01/01/2014,31/03/2014,Lower_Salt,SC40_NUT_1_5_20140101_20170101,57.6105,0.2027,0.0018,2.4348,0.1066,4.6847,61.7181,7.9066,
01/01/2014,31/03/2014,Lower_Salt,SC40_NUT_2_0_20140101_20170101,57.6103,0.2026,0.0018,2.4353,0.1066,4.6863,61.7190,7.9101,
01/04/2014,30/06/2014,Mouth,ORH_Base_20140101_20170101,12.6793,0.0472,0.0005,0.8423,0.0735,8.6564,29.0371,0.8089,
01/04/2014,30/06/2014,Mouth,ORH_Base_3D_20140101_20170101,13.6851,0.0275,0.0007,0.8340,0.0763,8.4298,0.0000,0.0000,
01/04/2014,30/06/2014,Mouth,ORH_Base_FSED0_20140101_20170101,12.6738,0.0121,0.0004,0.8029,0.0728,8.8942,29.1164,0.6355,
01/04/2014,30/06/2014,Mouth,ORH_Base_FSED2_20140101_20170101,12.6856,0.0722,0.0006,0.8697,0.0741,8.3863,29.0253,1.4508,
01/04/2014,30/06/2014,Mouth,ORH_SLR_02_20140101_20170101,14.6276,0.0476,0.0005,0.8298,0.0723,8.6128,37.0597,0.8655,
01/04/2014,30/06/2014,Mouth,SC40_Base_20140101_20170101,12.6768,0.0472,0.0005,0.8425,0.0735,8.6666,29.0238,0.8110,
01/04/2014,30/06/2014,Mouth,SC40_NUT_1_5_20140101_20170101,12.6783,0.0472,0.0005,0.8424,0.0735,8.6605,29.0370,0.8082,
01/04/2014,30/06/2014,Mouth,SC40_NUT_2_0_20140101_20170101,12.6738,0.0472,0.0005,0.8425,0.0735,8.6583,29.0129,0.8075,
01/04/2014,30/06/2014,Upper,ORH_Base_20140101_20170101,20.3065,0.0668,0.0005,0.7246,0.0540,8.2733,59.1465,1.9111,
01/04/2014,30/06/2014,Upper,ORH_Base_3D_20140101_20170101,20.6179,0.0656,0.0004,0.7033,0.0520,8.4242,0.0000,0.0000,
01/04/2014,30/06/2014,Upper,ORH_Base_FSED0_20140101_20170101,20.3494,0.0166,0.0002,0.6691,0.0528,8.6987,59.2663,0.2344,
01/04/2014,30/06/2014,Upper,ORH_Base_FSED2_20140101_20170101,20.2664,0.0799,0.0007,0.7477,0.0561,7.8984,59.0176,3.5253,
01/04/2014,30/06/2014,Upper,ORH_SLR_02_20140101_20170101,23.7821,0.0527,0.0004,0.6593,0.0514,8.0816,74.0107,0.2942,
01/04/2014,30/06/2014,Upper,SC40_Base_20140101_20170101,20.3271,0.0668,0.0005,0.7249,0.0541,8.2779,59.2300,1.8980,
01/04/2014,30/06/2014,Upper,SC40_NUT_1_5_20140101_20170101,20.3259,0.0668,0.0005,0.7250,0.0541,8.2774,59.2314,1.9019,
01/04/2014,30/06/2014,Upper,SC40_NUT_2_0_20140101_20170101,20.3257,0.0668,0.0005,0.7250,0.0541,8.2755,59.2303,1.9224,
01/04/2014,30/06/2014,Mid,ORH_Base_20140101_20170101,35.1673,0.3443,0.0066,1.2636,0.0672,7.0028,71.1851,13.4462,
01/04/2014,30/06/2014,Mid,ORH_Base_3D_20140101_20170101,38.0779,0.2376,0.0015,1.0319,0.0537,6.3392,0.0000,0.0000,
01/04/2014,30/06/2014,Mid,ORH_Base_FSED0_20140101_20170101,35.2941,0.0212,0.0001,0.9118,0.0561,7.3007,71.2461,0.0625,
01/04/2014,30/06/2014,Mid,ORH_Base_FSED2_20140101_20170101,35.0510,0.6099,0.0127,1.5702,0.0803,6.7207,70.9108,14.2618,
01/04/2014,30/06/2014,Mid,ORH_SLR_02_20140101_20170101,37.7081,0.1663,0.0027,1.0315,0.0611,7.0548,85.3897,9.6514,
01/04/2014,30/06/2014,Mid,SC40_Base_20140101_20170101,35.2115,0.3445,0.0066,1.2656,0.0674,7.0195,71.2079,13.4826,
01/04/2014,30/06/2014,Mid,SC40_NUT_1_5_20140101_20170101,35.2125,0.3443,0.0066,1.2656,0.0674,7.0233,71.1967,13.4471,
01/04/2014,30/06/2014,Mid,SC40_NUT_2_0_20140101_20170101,35.2120,0.3448,0.0066,1.2659,0.0674,7.0271,71.2036,13.4721,
01/04/2014,30/06/2014,Upper_Salt,ORH_Base_20140101_20170101,56.3185,0.4597,0.0014,2.0970,0.0930,5.9897,88.6716,11.9611,
01/04/2014,30/06/2014,Upper_Salt,ORH_Base_3D_20140101_20170101,57.8588,0.3675,0.0009,1.9811,0.0883,5.8720,0.0000,0.0000,
01/04/2014,30/06/2014,Upper_Salt,ORH_Base_FSED0_20140101_20170101,56.3271,0.0174,0.0001,1.5834,0.0795,6.4823,88.6834,0.0010,
01/04/2014,30/06/2014,Upper_Salt,ORH_Base_FSED2_20140101_20170101,56.3180,0.8041,0.0019,2.5220,0.1076,5.5367,88.6613,11.1105,
01/04/2014,30/06/2014,Upper_Salt,ORH_SLR_02_20140101_20170101,53.9416,0.3023,0.0011,1.7756,0.0856,6.1682,91.6059,17.3582,
01/04/2014,30/06/2014,Upper_Salt,SC40_Base_20140101_20170101,56.3741,0.4604,0.0015,2.0997,0.0931,6.0246,88.6743,11.9136,
01/04/2014,30/06/2014,Upper_Salt,SC40_NUT_1_5_20140101_20170101,56.3750,0.4604,0.0014,2.0997,0.0931,6.0321,88.6746,11.9071,
01/04/2014,30/06/2014,Upper_Salt,SC40_NUT_2_0_20140101_20170101,56.3739,0.4604,0.0014,2.0998,0.0931,6.0214,88.6768,11.9146,
01/04/2014,30/06/2014,Lower_Salt,ORH_Base_20140101_20170101,68.0149,0.5346,0.0043,2.8701,0.1173,5.2383,82.9303,1.3493,
01/04/2014,30/06/2014,Lower_Salt,ORH_Base_3D_20140101_20170101,65.3199,0.3997,0.0007,2.2568,0.0939,5.2399,0.0000,0.0000,
01/04/2014,30/06/2014,Lower_Salt,ORH_Base_FSED0_20140101_20170101,67.7976,0.0120,0.0002,2.2278,0.0943,5.8246,82.9781,0.0074,
01/04/2014,30/06/2014,Lower_Salt,ORH_Base_FSED2_20140101_20170101,68.2132,0.9312,0.0081,3.4000,0.1429,4.7752,70.2877,1.2846,
01/04/2014,30/06/2014,Lower_Salt,ORH_SLR_02_20140101_20170101,67.8075,0.4819,0.0031,2.7270,0.1150,5.3811,88.2980,3.4772,
01/04/2014,30/06/2014,Lower_Salt,SC40_Base_20140101_20170101,67.9216,0.5357,0.0043,2.8697,0.1173,5.2839,82.9607,1.3385,
01/04/2014,30/06/2014,Lower_Salt,SC40_NUT_1_5_20140101_20170101,67.9229,0.5359,0.0043,2.8715,0.1173,5.2874,82.9596,1.3500,
01/04/2014,30/06/2014,Lower_Salt,SC40_NUT_2_0_20140101_20170101,67.9223,0.5357,0.0043,2.8724,0.1173,5.2895,82.9616,1.3466,
01/07/2014,30/09/2014,Mouth,ORH_Base_20140101_20170101,17.0886,0.0573,0.0005,0.8385,0.0668,8.8071,41.2101,6.4376,
01/07/2014,30/09/2014,Mouth,ORH_Base_3D_20140101_20170101,17.2976,0.0426,0.0005,0.8502,0.0686,8.7167,0.0000,0.0000,
01/07/2014,30/09/2014,Mouth,ORH_Base_FSED0_20140101_20170101,17.0898,0.0359,0.0004,0.8170,0.0663,8.9285,41.2493,4.7506,
01/07/2014,30/09/2014,Mouth,ORH_Base_FSED2_20140101_20170101,17.0858,0.0709,0.0006,0.8517,0.0673,8.7050,41.1544,6.8645,
01/07/2014,30/09/2014,Mouth,ORH_SLR_02_20140101_20170101,18.0902,0.0579,0.0004,0.8308,0.0661,8.7800,49.4324,6.6141,
01/07/2014,30/09/2014,Mouth,SC40_Base_20140101_20170101,16.7911,0.0579,0.0005,0.8354,0.0668,8.8347,39.1421,6.4573,
01/07/2014,30/09/2014,Mouth,SC40_NUT_1_5_20140101_20170101,16.7866,0.0579,0.0005,0.8351,0.0667,8.8327,39.1298,6.4407,
01/07/2014,30/09/2014,Mouth,SC40_NUT_2_0_20140101_20170101,16.7737,0.0578,0.0005,0.8352,0.0668,8.8354,39.0471,6.5570,
01/07/2014,30/09/2014,Upper,ORH_Base_20140101_20170101,26.0572,0.0607,0.0004,0.9366,0.0601,8.4735,81.7707,1.4317,
01/07/2014,30/09/2014,Upper,ORH_Base_3D_20140101_20170101,29.9051,0.0764,0.0003,1.0109,0.0602,8.4645,0.0000,0.0000,
01/07/2014,30/09/2014,Upper,ORH_Base_FSED0_20140101_20170101,26.0713,0.0360,0.0002,0.9004,0.0573,8.7688,81.8657,0.7837,
01/07/2014,30/09/2014,Upper,ORH_Base_FSED2_20140101_20170101,26.0432,0.0611,0.0006,0.9588,0.0645,8.1590,81.5737,1.8766,
01/07/2014,30/09/2014,Upper,ORH_SLR_02_20140101_20170101,28.1245,0.0539,0.0004,0.8899,0.0585,8.3509,91.8065,0.9282,
01/07/2014,30/09/2014,Upper,SC40_Base_20140101_20170101,24.1159,0.0603,0.0004,0.8858,0.0582,8.5644,78.8202,1.4188,
01/07/2014,30/09/2014,Upper,SC40_NUT_1_5_20140101_20170101,24.1094,0.0604,0.0004,0.8859,0.0582,8.5655,78.7896,1.4183,
01/07/2014,30/09/2014,Upper,SC40_NUT_2_0_20140101_20170101,24.1091,0.0604,0.0004,0.8859,0.0582,8.5667,78.7422,1.4180,
01/07/2014,30/09/2014,Mid,ORH_Base_20140101_20170101,42.1365,0.2439,0.0014,1.5852,0.0795,7.4168,85.4716,14.4702,
01/07/2014,30/09/2014,Mid,ORH_Base_3D_20140101_20170101,45.5256,0.3118,0.0012,1.6539,0.0770,7.2669,0.0000,0.0000,
01/07/2014,30/09/2014,Mid,ORH_Base_FSED0_20140101_20170101,42.1237,0.0239,0.0001,1.3207,0.0707,7.6483,85.5794,0.0002,
01/07/2014,30/09/2014,Mid,ORH_Base_FSED2_20140101_20170101,42.1530,0.4307,0.0028,1.8323,0.0914,7.1241,84.5019,15.2459,
01/07/2014,30/09/2014,Mid,ORH_SLR_02_20140101_20170101,44.3624,0.0950,0.0005,1.3532,0.0746,7.2787,91.5441,5.4913,
01/07/2014,30/09/2014,Mid,SC40_Base_20140101_20170101,40.5180,0.2305,0.0014,1.5199,0.0775,7.4819,85.4171,13.9251,
01/07/2014,30/09/2014,Mid,SC40_NUT_1_5_20140101_20170101,40.5148,0.2304,0.0014,1.5195,0.0775,7.4863,85.4203,13.6668,
01/07/2014,30/09/2014,Mid,SC40_NUT_2_0_20140101_20170101,40.5171,0.2305,0.0014,1.5197,0.0775,7.4813,85.4222,13.7905,
01/07/2014,30/09/2014,Upper_Salt,ORH_Base_20140101_20170101,50.4795,0.4213,0.0011,2.0151,0.0900,6.6863,91.4602,22.3000,
01/07/2014,30/09/2014,Upper_Salt,ORH_Base_3D_20140101_20170101,49.7118,0.4070,0.0009,1.9554,0.0860,6.9310,0.0000,0.0000,
01/07/2014,30/09/2014,Upper_Salt,ORH_Base_FSED0_20140101_20170101,50.4276,0.0214,0.0001,1.5460,0.0772,7.1002,91.4658,0.0001,
01/07/2014,30/09/2014,Upper_Salt,ORH_Base_FSED2_20140101_20170101,50.5308,0.7266,0.0015,2.4008,0.1044,6.2790,91.4507,21.4111,
01/07/2014,30/09/2014,Upper_Salt,ORH_SLR_02_20140101_20170101,50.5339,0.2642,0.0009,1.7269,0.0837,6.7475,92.8706,20.4931,
01/07/2014,30/09/2014,Upper_Salt,SC40_Base_20140101_20170101,49.5457,0.4045,0.0011,1.9599,0.0886,6.7270,91.4568,22.4304,
01/07/2014,30/09/2014,Upper_Salt,SC40_NUT_1_5_20140101_20170101,49.5444,0.4045,0.0011,1.9603,0.0887,6.7328,91.4597,22.3869,
01/07/2014,30/09/2014,Upper_Salt,SC40_NUT_2_0_20140101_20170101,49.5461,0.4046,0.0011,1.9607,0.0887,6.7511,91.4596,22.4103,
01/07/2014,30/09/2014,Lower_Salt,ORH_Base_20140101_20170101,57.1675,0.5851,0.0020,2.5842,0.1043,6.2279,89.1547,17.3177,
01/07/2014,30/09/2014,Lower_Salt,ORH_Base_3D_20140101_20170101,51.4766,0.4495,0.0010,2.1166,0.0891,6.7541,0.0000,0.0000,
01/07/2014,30/09/2014,Lower_Salt,ORH_Base_FSED0_20140101_20170101,57.0240,0.0210,0.0003,1.9105,0.0852,6.7814,89.1618,0.0189,
01/07/2014,30/09/2014,Lower_Salt,ORH_Base_FSED2_20140101_20170101,57.3053,1.0035,0.0034,3.1224,0.1256,5.7427,87.0958,15.7519,
01/07/2014,30/09/2014,Lower_Salt,ORH_SLR_02_20140101_20170101,56.5578,0.4861,0.0011,2.3481,0.0988,6.3080,91.5430,18.5524,
01/07/2014,30/09/2014,Lower_Salt,SC40_Base_20140101_20170101,60.8904,0.6186,0.0021,2.6860,0.1092,6.0869,89.0253,11.6382,
01/07/2014,30/09/2014,Lower_Salt,SC40_NUT_1_5_20140101_20170101,60.8909,0.6186,0.0021,2.6961,0.1095,6.0865,89.0258,11.6627,
01/07/2014,30/09/2014,Lower_Salt,SC40_NUT_2_0_20140101_20170101,60.8909,0.6187,0.0021,2.7069,0.1099,6.0874,89.0286,11.6656,
01/10/2014,31/12/2014,Mouth,ORH_Base_20140101_20170101,11.1413,0.0585,0.0004,0.8495,0.0670,8.0948,23.0574,6.6070,
01/10/2014,31/12/2014,Mouth,ORH_Base_3D_20140101_20170101,13.4657,0.0328,0.0005,0.8204,0.0673,7.9282,0.0000,0.0000,
01/10/2014,31/12/2014,Mouth,ORH_Base_FSED0_20140101_20170101,11.1461,0.0174,0.0002,0.8033,0.0658,8.2466,23.1386,1.2364,
01/10/2014,31/12/2014,Mouth,ORH_Base_FSED2_20140101_20170101,11.1473,0.0853,0.0005,0.8790,0.0678,8.0207,22.9141,6.0626,
01/10/2014,31/12/2014,Mouth,ORH_SLR_02_20140101_20170101,13.5434,0.0558,0.0004,0.8230,0.0654,8.1328,33.0229,4.2771,
01/10/2014,31/12/2014,Mouth,SC40_Base_20140101_20170101,11.2707,0.0573,0.0004,0.8728,0.0684,8.0744,23.7147,6.5458,
01/10/2014,31/12/2014,Mouth,SC40_NUT_1_5_20140101_20170101,11.2693,0.0573,0.0004,0.8717,0.0683,8.0836,23.6998,6.4566,
01/10/2014,31/12/2014,Mouth,SC40_NUT_2_0_20140101_20170101,11.2667,0.0574,0.0004,0.8714,0.0683,8.0936,23.6875,6.6219,
01/10/2014,31/12/2014,Upper,ORH_Base_20140101_20170101,33.3342,0.0452,0.0005,1.2873,0.0800,7.1900,78.0247,3.2329,
01/10/2014,31/12/2014,Upper,ORH_Base_3D_20140101_20170101,35.4206,0.0395,0.0004,1.2476,0.0750,7.1341,0.0000,0.0000,
01/10/2014,31/12/2014,Upper,ORH_Base_FSED0_20140101_20170101,33.3914,0.0326,0.0001,1.2416,0.0732,7.3976,78.1221,0.0357,
01/10/2014,31/12/2014,Upper,ORH_Base_FSED2_20140101_20170101,33.2827,0.0489,0.0006,1.3353,0.0886,7.0083,77.9241,3.6929,
01/10/2014,31/12/2014,Upper,ORH_SLR_02_20140101_20170101,33.6992,0.0414,0.0004,1.1589,0.0741,7.1837,83.9772,0.5067,
01/10/2014,31/12/2014,Upper,SC40_Base_20140101_20170101,39.2423,0.0480,0.0005,1.4556,0.0875,6.9397,82.5784,4.3302,
01/10/2014,31/12/2014,Upper,SC40_NUT_1_5_20140101_20170101,39.2399,0.0480,0.0005,1.4572,0.0876,6.9448,82.5705,4.3391,
01/10/2014,31/12/2014,Upper,SC40_NUT_2_0_20140101_20170101,39.2364,0.0480,0.0005,1.4580,0.0876,6.9390,82.5622,4.3311,
01/10/2014,31/12/2014,Mid,ORH_Base_20140101_20170101,55.1590,0.1088,0.0015,1.9926,0.1064,5.7429,70.9971,8.7104,
01/10/2014,31/12/2014,Mid,ORH_Base_3D_20140101_20170101,53.8047,0.1212,0.0006,1.8045,0.0911,5.5361,0.0000,0.0000,
01/10/2014,31/12/2014,Mid,ORH_Base_FSED0_20140101_20170101,55.0873,0.0303,0.0001,1.8283,0.0919,6.0338,71.5010,0.0191,
01/10/2014,31/12/2014,Mid,ORH_Base_FSED2_20140101_20170101,55.2562,0.1628,0.0029,2.1574,0.1257,5.4880,68.8124,10.0116,
01/10/2014,31/12/2014,Mid,ORH_SLR_02_20140101_20170101,56.0751,0.0757,0.0009,1.7941,0.0995,5.8076,81.2919,5.3295,
01/10/2014,31/12/2014,Mid,SC40_Base_20140101_20170101,58.7094,0.1249,0.0015,2.1335,0.1111,5.6353,70.8714,12.0265,
01/10/2014,31/12/2014,Mid,SC40_NUT_1_5_20140101_20170101,58.7086,0.1250,0.0015,2.1475,0.1115,5.6358,70.8688,11.6806,
01/10/2014,31/12/2014,Mid,SC40_NUT_2_0_20140101_20170101,58.7080,0.1249,0.0015,2.1622,0.1120,5.6402,70.8676,11.7843,
01/10/2014,31/12/2014,Upper_Salt,ORH_Base_20140101_20170101,61.7916,0.3082,0.0009,2.4128,0.1157,5.4843,86.1957,22.3845,
01/10/2014,31/12/2014,Upper_Salt,ORH_Base_3D_20140101_20170101,56.9927,0.3096,0.0006,2.2184,0.1040,5.6870,0.0000,0.0000,
01/10/2014,31/12/2014,Upper_Salt,ORH_Base_FSED0_20140101_20170101,61.6226,0.0284,0.0001,2.0131,0.0959,5.7563,86.6809,0.0002,
01/10/2014,31/12/2014,Upper_Salt,ORH_Base_FSED2_20140101_20170101,61.9812,0.5265,0.0013,2.7759,0.1403,5.2170,84.7751,21.7380,
01/10/2014,31/12/2014,Upper_Salt,ORH_SLR_02_20140101_20170101,60.6091,0.1370,0.0007,2.0188,0.1057,5.5393,89.8646,24.7067,
01/10/2014,31/12/2014,Upper_Salt,SC40_Base_20140101_20170101,61.8728,0.3058,0.0008,2.4387,0.1154,5.4677,86.3371,24.6719,
01/10/2014,31/12/2014,Upper_Salt,SC40_NUT_1_5_20140101_20170101,61.8740,0.3057,0.0008,2.4718,0.1164,5.4774,86.3366,24.6231,
01/10/2014,31/12/2014,Upper_Salt,SC40_NUT_2_0_20140101_20170101,61.8732,0.3057,0.0008,2.5099,0.1176,5.4616,86.3335,24.7652,
01/10/2014,31/12/2014,Lower_Salt,ORH_Base_20140101_20170101,57.6029,0.6917,0.0023,2.8958,0.1179,5.4813,81.1550,28.0250,
01/10/2014,31/12/2014,Lower_Salt,ORH_Base_3D_20140101_20170101,50.8370,0.4571,0.0008,2.2601,0.0969,5.8893,0.0000,0.0000,
01/10/2014,31/12/2014,Lower_Salt,ORH_Base_FSED0_20140101_20170101,57.3561,0.0262,0.0002,2.0481,0.0903,5.8358,81.3658,0.0368,
01/10/2014,31/12/2014,Lower_Salt,ORH_Base_FSED2_20140101_20170101,57.8439,1.2315,0.0043,3.6412,0.1507,5.0953,74.8937,26.2289,
01/10/2014,31/12/2014,Lower_Salt,ORH_SLR_02_20140101_20170101,58.9322,0.5600,0.0010,2.6313,0.1132,5.5688,86.4051,33.0450,
01/10/2014,31/12/2014,Lower_Salt,SC40_Base_20140101_20170101,48.0270,0.4429,0.0025,2.4128,0.1019,5.9435,81.9314,32.1446,
01/10/2014,31/12/2014,Lower_Salt,SC40_NUT_1_5_20140101_20170101,48.0276,0.4431,0.0025,2.5676,0.1069,5.9261,81.9318,32.2152,
01/10/2014,31/12/2014,Lower_Salt,SC40_NUT_2_0_20140101_20170101,48.0287,0.4431,0.0026,2.7197,0.1118,5.9434,81.9202,32.3808,
01/01/2015,31/03/2015,Mouth,ORH_Base_20140101_20170101,12.4339,0.0600,0.0003,0.7998,0.0625,7.6651,22.5362,5.6065,
01/01/2015,31/03/2015,Mouth,ORH_Base_3D_20140101_20170101,13.8748,0.0322,0.0003,0.7952,0.0662,7.4953,0.0000,0.0000,
01/01/2015,31/03/2015,Mouth,ORH_Base_FSED0_20140101_20170101,12.4159,0.0142,0.0002,0.7483,0.0614,7.7782,22.5539,0.4612,
01/01/2015,31/03/2015,Mouth,ORH_Base_FSED2_20140101_20170101,12.4539,0.0880,0.0004,0.8328,0.0635,7.5184,22.0873,7.1472,
01/01/2015,31/03/2015,Mouth,ORH_SLR_02_20140101_20170101,16.0618,0.0541,0.0003,0.7596,0.0600,7.6521,36.3770,3.4322,
01/01/2015,31/03/2015,Mouth,SC40_Base_20140101_20170101,12.5516,0.0589,0.0003,0.8089,0.0631,7.6643,22.7636,4.6111,
01/01/2015,31/03/2015,Mouth,SC40_NUT_1_5_20140101_20170101,12.5513,0.0589,0.0003,0.8092,0.0631,7.6396,22.7641,4.5645,
01/01/2015,31/03/2015,Mouth,SC40_NUT_2_0_20140101_20170101,12.5516,0.0589,0.0003,0.8087,0.0631,7.6487,22.7636,4.6756,
01/01/2015,31/03/2015,Upper,ORH_Base_20140101_20170101,25.2733,0.0730,0.0005,1.2705,0.0819,7.1956,47.4139,8.3429,
01/01/2015,31/03/2015,Upper,ORH_Base_3D_20140101_20170101,27.9279,0.0518,0.0004,1.1779,0.0752,7.1226,0.0000,0.0000,
01/01/2015,31/03/2015,Upper,ORH_Base_FSED0_20140101_20170101,25.4353,0.0359,0.0001,1.2016,0.0752,7.4135,47.8183,0.0215,
01/01/2015,31/03/2015,Upper,ORH_Base_FSED2_20140101_20170101,25.1068,0.0948,0.0007,1.3336,0.0902,7.0007,46.8313,8.4834,
01/01/2015,31/03/2015,Upper,ORH_SLR_02_20140101_20170101,27.7774,0.0540,0.0004,1.1492,0.0765,7.1466,59.0793,6.2840,
01/01/2015,31/03/2015,Upper,SC40_Base_20140101_20170101,32.0985,0.0869,0.0005,1.4969,0.0923,6.9317,53.4370,12.6405,
01/01/2015,31/03/2015,Upper,SC40_NUT_1_5_20140101_20170101,32.0961,0.0869,0.0005,1.5043,0.0925,6.9345,53.4422,12.5996,
01/01/2015,31/03/2015,Upper,SC40_NUT_2_0_20140101_20170101,32.0942,0.0869,0.0005,1.5120,0.0928,6.9328,53.4353,12.6513,
01/01/2015,31/03/2015,Mid,ORH_Base_20140101_20170101,54.1386,0.2947,0.0030,2.3912,0.1278,5.5933,56.6266,8.8243,
01/01/2015,31/03/2015,Mid,ORH_Base_3D_20140101_20170101,52.8311,0.1000,0.0008,1.9131,0.1027,4.9772,0.0000,0.0000,
01/01/2015,31/03/2015,Mid,ORH_Base_FSED0_20140101_20170101,54.1761,0.0432,0.0001,2.0108,0.1053,5.7270,56.9935,0.4993,
01/01/2015,31/03/2015,Mid,ORH_Base_FSED2_20140101_20170101,54.1180,0.4893,0.0055,2.7441,0.1555,5.4075,55.5424,9.8011,
01/01/2015,31/03/2015,Mid,ORH_SLR_02_20140101_20170101,56.5416,0.2287,0.0019,2.1718,0.1210,5.6521,67.7349,10.5314,
01/01/2015,31/03/2015,Mid,SC40_Base_20140101_20170101,59.9914,0.3145,0.0033,2.6346,0.1374,5.3457,55.0534,10.8868,
01/01/2015,31/03/2015,Mid,SC40_NUT_1_5_20140101_20170101,59.9917,0.3168,0.0033,2.6760,0.1385,5.3529,55.0581,10.4024,
01/01/2015,31/03/2015,Mid,SC40_NUT_2_0_20140101_20170101,59.9890,0.3155,0.0033,2.7189,0.1398,5.3540,55.0623,10.5233,
01/01/2015,31/03/2015,Upper_Salt,ORH_Base_20140101_20170101,71.5596,0.3986,0.0012,2.9851,0.1513,4.9300,73.4676,4.4607,
01/01/2015,31/03/2015,Upper_Salt,ORH_Base_3D_20140101_20170101,66.0471,0.1454,0.0007,2.5172,0.1344,4.7650,0.0000,0.0000,
01/01/2015,31/03/2015,Upper_Salt,ORH_Base_FSED0_20140101_20170101,71.2970,0.0426,0.0001,2.4396,0.1196,5.2210,74.3202,0.0122,
01/01/2015,31/03/2015,Upper_Salt,ORH_Base_FSED2_20140101_20170101,71.8483,0.6645,0.0019,3.4672,0.1887,4.6885,72.3382,4.6938,
01/01/2015,31/03/2015,Upper_Salt,ORH_SLR_02_20140101_20170101,69.6466,0.2535,0.0011,2.5538,0.1384,5.0170,78.0782,6.1321,
01/01/2015,31/03/2015,Upper_Salt,SC40_Base_20140101_20170101,71.6472,0.2700,0.0012,2.9274,0.1501,4.9051,72.9535,3.0681,
01/01/2015,31/03/2015,Upper_Salt,SC40_NUT_1_5_20140101_20170101,71.6477,0.2700,0.0012,3.0137,0.1528,4.8661,72.9577,3.0290,
01/01/2015,31/03/2015,Upper_Salt,SC40_NUT_2_0_20140101_20170101,71.6483,0.2700,0.0012,3.1015,0.1556,4.8691,72.9554,3.2026,
01/01/2015,31/03/2015,Lower_Salt,ORH_Base_20140101_20170101,70.8124,0.6756,0.0060,3.4153,0.1587,4.7252,66.6696,1.9990,
01/01/2015,31/03/2015,Lower_Salt,ORH_Base_3D_20140101_20170101,62.8876,0.1308,0.0011,2.4866,0.1289,4.2840,0.0000,0.0000,
01/01/2015,31/03/2015,Lower_Salt,ORH_Base_FSED0_20140101_20170101,70.3296,0.0351,0.0002,2.4909,0.1134,5.0750,67.9531,0.0400,
01/01/2015,31/03/2015,Lower_Salt,ORH_Base_FSED2_20140101_20170101,71.2891,1.2340,0.0114,4.2955,0.2114,4.4602,51.0166,1.9805,
01/01/2015,31/03/2015,Lower_Salt,ORH_SLR_02_20140101_20170101,73.8086,0.5239,0.0048,3.1426,0.1556,4.7731,71.7110,1.7281,
01/01/2015,31/03/2015,Lower_Salt,SC40_Base_20140101_20170101,61.1121,0.1760,0.0064,2.6649,0.1387,4.8301,72.0498,7.1745,
01/01/2015,31/03/2015,Lower_Salt,SC40_NUT_1_5_20140101_20170101,61.1108,0.1758,0.0064,2.8221,0.1437,4.8572,72.0466,7.1191,
01/01/2015,31/03/2015,Lower_Salt,SC40_NUT_2_0_20140101_20170101,61.1153,0.1748,0.0064,2.9741,0.1484,4.8466,72.0388,7.3360,
