Date,With all Water,No CEW,No eWater
01/07/2013,  0.017825,  0.000000,  0.000000
02/07/2013,  0.505542,  0.357119,  0.356895
03/07/2013,  0.000000,  0.000000,  0.000000
04/07/2013,  0.326097,  0.224515,  0.224968
05/07/2013,  0.003888,  0.003484,  0.003513
06/07/2013,  0.838968,  0.448757,  0.448676
07/07/2013,  0.817948,  0.000881,  0.000911
08/07/2013,  0.000000,  0.000000,  0.000000
09/07/2013,  0.000000,  0.000000,  0.000000
10/07/2013,  0.000000,  0.000000,  0.000000
11/07/2013,  0.000000,  0.000000,  0.000000
12/07/2013,  0.000000,  0.000000,  0.000000
13/07/2013,  0.000000,  0.000000,  0.000000
14/07/2013,  0.000000,  0.000000,  0.000000
15/07/2013,  0.000000,  0.000000,  0.000000
16/07/2013,  0.000000,  0.000000,  0.000000
17/07/2013,  0.000000,  0.000000,  0.000000
18/07/2013,  4.110720,  3.675515,  3.676859
19/07/2013,  4.737671,  4.645684,  4.644437
20/07/2013,  0.051795,  0.044931,  0.043601
21/07/2013,  0.000000,  0.000000,  0.000000
22/07/2013,  0.000000,  0.000000,  0.000000
23/07/2013,  0.000000,  0.000000,  0.000000
24/07/2013,  0.000000,  0.000000,  0.000000
25/07/2013,  0.000000,  0.000000,  0.000000
26/07/2013,  0.000000,  0.000000,  0.000000
27/07/2013,  0.000000,  0.000000,  0.000000
28/07/2013,  0.000000,  0.000000,  0.000000
29/07/2013,  0.000000,  0.000000,  0.000000
30/07/2013,  0.000000,  0.000000,  0.000000
31/07/2013,  0.000000,  0.000000,  0.000000
01/08/2013,  0.000000,  0.000000,  0.000000
02/08/2013,  0.000000,  0.000000,  0.000000
03/08/2013,  0.000000,  0.000000,  0.000000
04/08/2013,  0.000000,  0.000000,  0.000000
05/08/2013,  0.000000,  0.000000,  0.000000
06/08/2013,  0.000000,  0.000000,  0.000000
07/08/2013,  0.000000,  0.000000,  0.000000
08/08/2013,  0.000000,  0.000000,  0.000000
09/08/2013,  0.000000,  0.000000,  0.000000
10/08/2013,  0.000000,  0.000000,  0.000000
11/08/2013, 18.923731, 15.881429, 15.878799
12/08/2013,  5.830315,  5.055798,  5.055696
13/08/2013, 19.453044, 19.281245, 19.284460
14/08/2013,  3.631102,  3.686260,  3.686621
15/08/2013,  0.000000,  0.000000,  0.000000
16/08/2013,  0.000000,  0.000000,  0.000000
17/08/2013,  5.904252,  6.771713,  6.773585
18/08/2013,  2.608500,  2.710141,  2.708238
19/08/2013,  0.187244,  0.186140,  0.184776
20/08/2013,  0.000000,  0.000000,  0.000000
21/08/2013,  7.872610,  7.633425,  7.632204
22/08/2013, 15.617527, 15.414998, 15.415040
23/08/2013,  9.462454,  9.210893,  9.209080
24/08/2013, 13.580182, 13.364107, 13.365287
25/08/2013, 22.439379, 22.208609, 22.207931
26/08/2013, 29.036151, 28.806476, 28.806381
27/08/2013, 26.542791, 26.634978, 26.635873
28/08/2013, 29.540170, 29.507728, 29.509415
29/08/2013, 27.127466, 26.892524, 26.890472
30/08/2013, 16.719516, 16.554483, 16.554335
31/08/2013, 11.615716, 11.562762, 11.562307
01/09/2013, 16.004951, 16.263509, 16.263081
02/09/2013, 15.397278, 15.679317, 15.678982
03/09/2013, 15.184326, 15.135569, 15.135499
04/09/2013, 24.814468, 24.399373, 24.399408
05/09/2013, 20.949900, 20.419072, 20.418211
06/09/2013, 18.012118, 17.501819, 17.501753
07/09/2013, 12.712556, 12.213496, 12.213202
08/09/2013, 20.467051, 20.018502, 20.017567
09/09/2013, 26.506864, 26.194414, 26.194830
10/09/2013, 13.345059, 13.125003, 13.124861
11/09/2013,  1.461125,  1.300968,  1.301301
12/09/2013,  1.620089,  1.454732,  1.454534
13/09/2013, 16.867495, 16.664761, 16.664181
14/09/2013,  5.534128,  5.456391,  5.456317
15/09/2013, 21.997530, 21.795863, 21.797132
16/09/2013, 25.345151, 25.302706, 25.303176
17/09/2013, 22.288842, 22.309899, 22.309932
18/09/2013,  6.747660,  6.765388,  6.766296
19/09/2013,  0.433037,  0.568393,  0.568668
20/09/2013,  0.522793,  0.565482,  0.565450
21/09/2013,  0.620024,  0.828156,  0.827734
22/09/2013,  2.347928,  2.805999,  2.806875
23/09/2013,  8.360897,  8.841307,  8.841236
24/09/2013, 19.702574, 19.963669, 19.963272
25/09/2013, 23.139007, 23.115396, 23.115103
26/09/2013,  3.385331,  3.391821,  3.394244
27/09/2013,  2.537206,  2.643608,  2.643397
28/09/2013,  2.827793,  2.886919,  2.887337
29/09/2013,  0.000000,  0.000000,  0.000000
30/09/2013, 29.607787, 29.604710, 29.611314
01/10/2013, 17.461308, 17.371770, 17.369355
02/10/2013,  5.359378,  5.159614,  5.163807
03/10/2013,  1.176812,  0.802938,  0.802892
04/10/2013, 22.330953, 21.462823, 21.462794
05/10/2013, 24.684839, 24.519232, 24.520194
06/10/2013, 21.826345, 21.384521, 21.384789
07/10/2013, 26.431645, 25.877507, 25.878388
08/10/2013, 30.203601, 29.645688, 29.642546
09/10/2013, 26.956756, 26.419562, 26.418410
10/10/2013, 22.275930, 21.590738, 21.590604
11/10/2013, 34.463811, 33.617830, 33.620873
12/10/2013, 28.242256, 27.498698, 27.497768
13/10/2013,  8.166339,  7.894867,  7.895035
14/10/2013, 32.470023, 31.797505, 31.797241
15/10/2013, 38.543761, 37.714185, 37.714402
16/10/2013, 27.693636, 27.395112, 27.395115
17/10/2013,  9.364421,  8.583497,  8.584791
18/10/2013, 22.956421, 21.117436, 21.119007
19/10/2013, 25.630064, 26.054121, 26.055599
20/10/2013, 18.262966, 18.146454, 18.149534
21/10/2013, 28.433063, 28.267738, 28.269121
22/10/2013, 26.568960, 26.304749, 26.307388
23/10/2013, 11.204863, 10.855318, 10.855879
24/10/2013, 14.702163, 12.423888, 12.422749
25/10/2013,  2.736303,  0.256866,  0.254646
26/10/2013,  0.624962,  0.196648,  0.195079
27/10/2013, 23.723424, 22.530528, 22.458725
28/10/2013, 17.896418, 17.338383, 17.113318
29/10/2013,  0.099525,  0.024098,  0.000000
30/10/2013,  0.000000,  0.000000,  0.000000
31/10/2013,  0.000000,  0.000000,  0.000000
01/11/2013,  1.745897,  1.322017,  0.000000
02/11/2013, 22.478297, 21.705802, 16.744552
03/11/2013,  6.067206,  5.684214,  4.312226
04/11/2013,  0.000000,  0.000000,  0.000000
05/11/2013,  0.000000,  0.000000,  0.000000
06/11/2013,  8.714054,  3.940272,  0.000000
07/11/2013, 16.096067, 10.649809,  1.441297
08/11/2013,  3.469077,  1.271265,  0.000000
09/11/2013,  0.000000,  0.000000,  0.000000
10/11/2013,  0.097554,  0.000000,  0.000000
11/11/2013,  8.637091,  0.000000,  0.000000
12/11/2013,  1.115915,  0.000000,  0.000000
13/11/2013,  0.000000,  0.000000,  0.000000
14/11/2013,  0.647240,  0.000000,  0.000000
15/11/2013, 13.343246,  0.764743,  0.000000
16/11/2013,  6.698163,  1.689142,  0.000000
17/11/2013,  0.000000,  0.000000,  0.000000
18/11/2013, 11.902427,  3.491091,  0.000000
19/11/2013, 26.591515, 19.558434,  0.000000
20/11/2013,  8.499988,  5.440789,  0.000000
21/11/2013,  1.220847,  0.000000,  0.000000
22/11/2013, 12.290243,  5.024797,  0.000000
23/11/2013,  5.301870,  2.551664,  0.000000
24/11/2013,  0.000000,  0.000000,  0.000000
25/11/2013,  0.000000,  0.000000,  0.000000
26/11/2013,  1.933901,  0.000000,  0.000000
27/11/2013, 23.589921, 10.944487,  0.000000
28/11/2013, 17.317201, 10.666254,  0.917933
29/11/2013,  1.310505,  0.138152,  0.000000
30/11/2013,  0.000000,  0.000000,  0.000000
01/12/2013,  2.474988,  0.000000,  0.000000
02/12/2013,  6.183216,  0.000000,  0.000000
03/12/2013, 16.873323,  8.915431,  0.045736
04/12/2013, 18.531716, 13.341432,  5.004138
05/12/2013,  1.093650,  1.165018,  0.604364
06/12/2013,  0.000000,  0.000000,  0.000000
07/12/2013,  0.000000,  0.000000,  0.000000
08/12/2013,  0.000000,  0.000000,  0.000000
09/12/2013,  2.658999,  0.000000,  0.000000
10/12/2013,  1.126669,  0.000000,  0.000000
11/12/2013,  0.000000,  0.000000,  0.000000
12/12/2013,  0.000000,  0.000000,  0.000000
13/12/2013,  0.000000,  0.000000,  0.000000
14/12/2013,  0.000000,  0.000000,  0.000000
15/12/2013,  0.000000,  0.000000,  0.000000
16/12/2013,  0.161101,  0.000000,  0.000000
17/12/2013,  0.058977,  0.000000,  0.000000
18/12/2013,  0.000000,  0.000000,  0.000000
19/12/2013, 13.069430,  0.000000,  0.000000
20/12/2013,  4.632518,  0.000000,  0.000000
21/12/2013,  1.255492,  0.000000,  0.000000
22/12/2013,  2.537128,  0.000000,  0.000000
23/12/2013,  0.000000,  0.000000,  0.000000
24/12/2013,  0.000000,  0.000000,  0.000000
25/12/2013,  3.308213,  0.000000,  0.000000
26/12/2013,  3.792481,  0.000000,  0.000000
27/12/2013,  7.266112,  0.000000,  0.000000
28/12/2013,  7.530120,  0.000000,  0.000000
29/12/2013,  0.000000,  0.000000,  0.000000
30/12/2013,  0.000000,  0.000000,  0.000000
31/12/2013,  0.000000,  0.000000,  0.000000
01/01/2014,  0.000000,  0.000000,  0.000000
02/01/2014,  9.226514,  0.000000,  0.000000
03/01/2014,  8.287843,  0.000000,  0.000000
04/01/2014,  0.000000,  0.000000,  0.000000
05/01/2014,  0.000000,  0.000000,  0.000000
06/01/2014,  0.183632,  0.000000,  0.000000
07/01/2014,  0.000000,  0.000000,  0.000000
08/01/2014,  0.000000,  0.000000,  0.000000
09/01/2014,  0.000000,  0.000000,  0.000000
10/01/2014,  0.000000,  0.000000,  0.000000
11/01/2014,  0.000000,  0.000000,  0.000000
12/01/2014,  0.000000,  0.000000,  0.000000
13/01/2014,  0.000000,  0.000000,  0.000000
14/01/2014,  0.000000,  0.000000,  0.000000
15/01/2014,  0.000000,  0.000000,  0.000000
16/01/2014,  8.963382,  0.000000,  0.000000
17/01/2014, 16.256164,  0.000000,  0.000000
18/01/2014,  3.969240,  0.000000,  0.000000
19/01/2014,  1.429695,  0.000000,  0.000000
20/01/2014,  0.848057,  0.000000,  0.000000
21/01/2014,  0.322293,  0.000000,  0.000000
22/01/2014,  0.000000,  0.000000,  0.000000
23/01/2014,  2.327061,  0.000000,  0.000000
24/01/2014,  2.940796,  0.000000,  0.000000
25/01/2014,  0.000000,  0.000000,  0.000000
26/01/2014,  0.000000,  0.000000,  0.000000
27/01/2014,  0.000000,  0.000000,  0.000000
28/01/2014,  3.420254,  0.000000,  0.000000
29/01/2014,  2.919444,  0.000000,  0.000000
30/01/2014,  0.000000,  0.000000,  0.000000
31/01/2014,  0.000000,  0.000000,  0.000000
01/02/2014,  0.000000,  0.000000,  0.000000
02/02/2014, 10.906659,  0.000000,  0.000000
03/02/2014,  4.896981,  0.000000,  0.000000
04/02/2014,  0.000000,  0.000000,  0.000000
05/02/2014,  0.000000,  0.000000,  0.000000
06/02/2014,  0.000000,  0.000000,  0.000000
07/02/2014,  0.000000,  0.000000,  0.000000
08/02/2014,  0.504348,  0.000000,  0.000000
09/02/2014,  1.385124,  0.000000,  0.000000
10/02/2014,  0.000000,  0.000000,  0.000000
11/02/2014,  0.000000,  0.000000,  0.000000
12/02/2014,  0.000000,  0.000000,  0.000000
13/02/2014,  0.000000,  0.000000,  0.000000
14/02/2014,  0.000000,  0.000000,  0.000000
15/02/2014,  0.000000,  0.000000,  0.000000
16/02/2014,  0.000000,  0.000000,  0.000000
17/02/2014,  0.000000,  0.000000,  0.000000
18/02/2014,  1.967325,  0.000000,  0.000000
19/02/2014,  3.591089,  0.000000,  0.000000
20/02/2014,  0.000000,  0.000000,  0.000000
21/02/2014,  0.000000,  0.000000,  0.000000
22/02/2014,  0.000000,  0.000000,  0.000000
23/02/2014,  0.000000,  0.000000,  0.000000
24/02/2014,  0.000000,  0.000000,  0.000000
25/02/2014,  0.000000,  0.000000,  0.000000
26/02/2014,  0.000000,  0.000000,  0.000000
27/02/2014,  0.000000,  0.000000,  0.000000
28/02/2014,  0.000000,  0.000000,  0.000000
01/03/2014,  0.000000,  0.000000,  0.000000
02/03/2014,  0.000000,  0.000000,  0.000000
03/03/2014,  0.000000,  0.000000,  0.000000
04/03/2014,  0.000000,  0.000000,  0.000000
05/03/2014,  0.000000,  0.000000,  0.000000
06/03/2014,  0.000000,  0.000000,  0.000000
07/03/2014,  0.000000,  0.000000,  0.000000
08/03/2014,  0.000000,  0.000000,  0.000000
09/03/2014,  0.000000,  0.000000,  0.000000
10/03/2014,  0.000000,  0.000000,  0.000000
11/03/2014,  0.000000,  0.000000,  0.000000
12/03/2014,  0.000000,  0.000000,  0.000000
13/03/2014,  0.000000,  0.000000,  0.000000
14/03/2014,  0.000000,  0.000000,  0.000000
15/03/2014,  0.000000,  0.000000,  0.000000
16/03/2014,  0.000000,  0.000000,  0.000000
17/03/2014,  0.000000,  0.000000,  0.000000
18/03/2014,  0.000000,  0.000000,  0.000000
19/03/2014,  0.000000,  0.000000,  0.000000
20/03/2014,  2.770291,  0.000000,  0.000000
21/03/2014,  3.953604,  0.000000,  0.000000
22/03/2014,  0.000000,  0.000000,  0.000000
23/03/2014,  0.000000,  0.000000,  0.000000
24/03/2014,  0.000000,  0.000000,  0.000000
25/03/2014,  0.000000,  0.000000,  0.000000
26/03/2014,  0.000000,  0.000000,  0.000000
27/03/2014,  0.000000,  0.000000,  0.000000
28/03/2014,  0.000000,  0.000000,  0.000000
29/03/2014,  0.000000,  0.000000,  0.000000
30/03/2014,  0.000000,  0.000000,  0.000000
31/03/2014,  0.000000,  0.000000,  0.000000
01/04/2014,  0.250688,  0.000000,  0.000000
02/04/2014,  2.139892,  0.000000,  0.000000
03/04/2014,  0.000000,  0.000000,  0.000000
04/04/2014,  0.000000,  0.000000,  0.000000
05/04/2014,  0.000000,  0.000000,  0.000000
06/04/2014,  0.000000,  0.000000,  0.000000
07/04/2014,  0.000000,  0.000000,  0.000000
08/04/2014,  0.000000,  0.000000,  0.000000
09/04/2014,  4.926546,  0.000000,  0.000000
10/04/2014, 13.930117,  0.000000,  0.000000
11/04/2014,  5.059264,  0.000000,  0.000000
12/04/2014,  1.111619,  0.000000,  0.000000
13/04/2014,  2.827177,  0.000000,  0.000000
14/04/2014,  0.180919,  0.000000,  0.000000
15/04/2014,  0.000000,  0.000000,  0.000000
16/04/2014,  0.000000,  0.000000,  0.000000
17/04/2014,  8.087373,  0.000000,  0.000000
18/04/2014,  3.820893,  0.000000,  0.000000
19/04/2014,  0.000000,  0.000000,  0.000000
20/04/2014,  0.000000,  0.000000,  0.000000
21/04/2014,  5.857722,  0.000000,  0.000000
22/04/2014,  8.009771,  0.000000,  0.000000
23/04/2014,  6.163741,  0.000000,  0.000000
24/04/2014,  2.769663,  0.000000,  0.000000
25/04/2014,  3.532335,  0.000000,  0.000000
26/04/2014,  2.822934,  0.000000,  0.000000
27/04/2014,  0.000000,  0.000000,  0.000000
28/04/2014,  4.206607,  0.000000,  0.000000
29/04/2014,  4.754706,  0.000000,  0.000000
30/04/2014,  0.000000,  0.000000,  0.000000
01/05/2014,  9.006996,  0.000000,  0.000000
02/05/2014,  4.671968,  0.000000,  0.000000
03/05/2014,  0.000000,  0.000000,  0.000000
04/05/2014,  0.000000,  0.000000,  0.000000
05/05/2014,  0.000000,  0.000000,  0.000000
06/05/2014,  0.000000,  0.000000,  0.000000
07/05/2014,  0.000000,  0.000000,  0.000000
08/05/2014,  0.000000,  0.000000,  0.000000
09/05/2014,  0.000000,  0.000000,  0.000000
10/05/2014,  0.000000,  0.000000,  0.000000
11/05/2014,  0.000000,  0.000000,  0.000000
12/05/2014,  0.000000,  0.000000,  0.000000
13/05/2014,  0.000000,  0.000000,  0.000000
14/05/2014,  0.607902,  0.000000,  0.000000
15/05/2014,  0.636306,  0.000000,  0.000000
16/05/2014,  2.646810,  0.000000,  0.000000
17/05/2014,  5.230363,  0.000000,  0.000000
18/05/2014,  4.061091,  0.000000,  0.000000
19/05/2014,  3.311404,  0.000000,  0.000000
20/05/2014,  0.918756,  0.000000,  0.000000
21/05/2014,  2.095198,  0.000000,  0.000000
22/05/2014,  9.440308,  0.000000,  0.000000
23/05/2014,  7.533930,  0.000000,  0.000000
24/05/2014,  8.296565,  0.000000,  0.000000
25/05/2014,  4.904546,  0.000000,  0.000000
26/05/2014,  6.003289,  0.000000,  0.000000
27/05/2014,  1.930834,  0.000000,  0.000000
28/05/2014,  0.000000,  0.000000,  0.000000
29/05/2014,  0.000000,  0.000000,  0.000000
30/05/2014,  0.000000,  0.000000,  0.000000
31/05/2014,  0.000000,  0.000000,  0.000000
01/06/2014,  0.000000,  0.000000,  0.000000
02/06/2014,  0.000000,  0.000000,  0.000000
03/06/2014,  0.000000,  0.000000,  0.000000
04/06/2014,  0.546914,  0.000000,  0.000000
05/06/2014,  1.380987,  0.000000,  0.000000
06/06/2014,  3.228003,  0.000000,  0.000000
07/06/2014,  1.331049,  0.000000,  0.000000
08/06/2014,  0.000000,  0.000000,  0.000000
09/06/2014,  0.000000,  0.000000,  0.000000
10/06/2014,  0.000000,  0.000000,  0.000000
11/06/2014,  1.298992,  0.000000,  0.000000
12/06/2014,  4.329052,  0.000000,  0.000000
13/06/2014, 15.407693,  0.000000,  0.000000
14/06/2014,  6.899898,  0.499742,  0.000000
15/06/2014,  0.000000,  0.000000,  0.000000
16/06/2014,  0.000000,  0.000000,  0.000000
17/06/2014,  0.000000,  0.000000,  0.000000
18/06/2014,  0.000000,  0.000000,  0.000000
19/06/2014,  1.708722,  0.000000,  0.000000
20/06/2014,  8.878577,  1.482526,  0.000000
21/06/2014,  1.284800,  0.657679,  0.000000
22/06/2014, 18.239899, 17.298336, 11.927657
23/06/2014,  7.457293,  7.915262,  7.830695
24/06/2014,  0.000000,  0.000000,  0.000000
25/06/2014,  0.000000,  0.000000,  0.000000
26/06/2014,  0.000000,  0.000000,  0.000000
27/06/2014,  0.000000,  0.000000,  0.000000
28/06/2014,  0.000000,  0.000000,  0.000000
29/06/2014,  0.000000,  0.000000,  0.000000
30/06/2014,  0.000000,  0.000000,  0.000000
01/07/2014,  0.000000,  0.000000,  0.000000
02/07/2014,  0.000000,  0.000000,  0.000000
03/07/2014,  0.000000,  0.000000,  0.000000
04/07/2014,  0.000000,  0.000000,  0.000000
05/07/2014,  0.000000,  0.000000,  0.000000
06/07/2014,  0.000000,  0.000000,  0.000000
07/07/2014,  0.000000,  0.000000,  0.000000
08/07/2014,  0.000000,  0.000000,  0.000000
09/07/2014,  0.000000,  0.000000,  0.000000
10/07/2014,  0.000000,  0.000000,  0.000000
11/07/2014,  0.000000,  0.000000,  0.000000
12/07/2014,  0.000000,  0.000000,  0.000000
13/07/2014,  0.000000,  0.000000,  0.000000
14/07/2014,  0.000000,  0.000000,  0.000000
15/07/2014,  0.000000,  0.000000,  0.000000
16/07/2014,  0.000000,  0.000000,  0.000000
17/07/2014,  0.241870,  0.135293,  0.000000
18/07/2014,  0.000000,  0.000000,  0.000000
19/07/2014,  0.000000,  0.000000,  0.000000
20/07/2014,  0.000000,  0.000000,  0.000000
21/07/2014,  0.000000,  0.000000,  0.000000
22/07/2014,  0.000000,  0.000000,  0.000000
23/07/2014,  0.000000,  0.000000,  0.000000
24/07/2014,  5.029819,  4.705227,  1.835819
25/07/2014, 10.797997, 10.713884,  8.043158
26/07/2014,  1.275656,  1.356494,  1.029363
27/07/2014,  7.422309,  7.972358,  7.782075
28/07/2014, 16.656592, 17.088414, 17.037078
29/07/2014,  3.685296,  3.882241,  3.869562
30/07/2014, 16.515262, 16.972274, 17.037723
31/07/2014, 11.338949, 11.385973, 11.497661
01/08/2014,  0.000000,  0.000000,  0.000000
02/08/2014,  0.000000,  0.000000,  0.000000
03/08/2014,  0.000000,  0.000000,  0.000000
04/08/2014,  0.000000,  0.000000,  0.000000
05/08/2014,  0.000000,  0.000000,  0.000000
06/08/2014,  0.000000,  0.109969,  0.069055
07/08/2014,  6.574835,  7.103561,  6.982271
08/08/2014, 11.455787, 11.680301, 11.667372
09/08/2014, 18.614767, 18.890392, 18.885410
10/08/2014, 11.337908, 11.610322, 11.609348
11/08/2014, 18.730972, 18.920421, 18.917666
12/08/2014, 31.035676, 31.084294, 31.082874
13/08/2014, 27.095404, 26.981421, 26.982338
14/08/2014, 26.987735, 26.910464, 26.909413
15/08/2014, 30.217059, 30.186090, 30.184650
16/08/2014, 31.825918, 31.777505, 31.775683
17/08/2014, 21.903755, 21.902609, 21.902346
18/08/2014, 22.454631, 22.536524, 22.536241
19/08/2014, 22.468231, 22.558019, 22.557101
20/08/2014, 20.637024, 20.674454, 20.673823
21/08/2014, 17.805590, 17.730815, 17.730801
22/08/2014, 24.646360, 24.339305, 24.337870
23/08/2014, 31.067808, 30.561541, 30.560161
24/08/2014, 20.534166, 20.024842, 20.024756
25/08/2014,  3.597042,  3.329730,  3.329398
26/08/2014,  2.359949,  2.153572,  2.153078
27/08/2014,  4.379626,  4.237474,  4.237105
28/08/2014,  3.746978,  3.665691,  3.665453
29/08/2014,  2.808943,  2.504450,  2.504412
30/08/2014,  2.642083,  2.041450,  2.041972
31/08/2014, 22.154341, 21.824021, 21.826024
01/09/2014, 11.804147, 11.670911, 11.669452
02/09/2014,  0.019488,  0.010021,  0.009830
03/09/2014,  0.000000,  0.000000,  0.000000
04/09/2014,  0.000000,  0.000000,  0.000000
05/09/2014,  0.000000,  0.000000,  0.000000
06/09/2014,  0.000000,  0.000000,  0.000000
07/09/2014,  0.000000,  0.000000,  0.000000
08/09/2014,  5.921478,  5.487413,  5.486681
09/09/2014, 22.439503, 21.989731, 21.980761
10/09/2014, 12.501916, 12.288014, 12.255784
11/09/2014,  1.872153,  1.810682,  1.793750
12/09/2014,  0.000000,  0.000000,  0.000000
13/09/2014,  0.000000,  0.000000,  0.000000
14/09/2014, 10.278695,  8.988055,  8.284087
15/09/2014,  8.506012,  7.747091,  7.245712
16/09/2014,  0.940672,  0.510575,  0.047423
17/09/2014,  0.218443,  0.173491,  0.064603
18/09/2014,  0.000000,  0.000000,  0.000000
19/09/2014,  0.000000,  0.000000,  0.000000
20/09/2014,  0.000000,  0.000000,  0.000000
21/09/2014,  0.000000,  0.000000,  0.000000
22/09/2014,  0.000000,  0.000000,  0.000000
23/09/2014,  1.007085,  0.000000,  0.000000
24/09/2014,  8.764832,  5.573113,  1.442399
25/09/2014,  1.330169,  0.987105,  0.547973
26/09/2014,  0.000000,  0.000000,  0.000000
27/09/2014,  0.000000,  0.000000,  0.000000
28/09/2014,  1.471196,  0.907782,  0.000000
29/09/2014, 28.032461, 26.632348, 22.247336
30/09/2014,  9.257668,  8.599660,  7.034946
01/10/2014,  0.000000,  0.000000,  0.000000
02/10/2014,  0.000000,  0.000000,  0.000000
03/10/2014,  0.000000,  0.000000,  0.000000
04/10/2014,  0.000000,  0.000000,  0.000000
05/10/2014,  0.000000,  0.000000,  0.000000
06/10/2014,  9.221785,  6.275834,  1.308069
07/10/2014,  6.030411,  4.955145,  2.210805
08/10/2014,  0.000000,  0.000000,  0.000000
09/10/2014,  0.000000,  0.000000,  0.000000
10/10/2014,  0.047915,  0.000000,  0.000000
11/10/2014,  5.175633,  3.097490,  0.000000
12/10/2014, 17.848210, 17.199307,  9.567322
13/10/2014,  2.212049,  2.071913,  1.389650
14/10/2014,  0.000000,  0.000000,  0.000000
15/10/2014,  0.000000,  0.000000,  0.000000
16/10/2014,  0.000000,  0.000000,  0.000000
17/10/2014,  0.000000,  0.000000,  0.000000
18/10/2014,  0.000000,  0.000000,  0.000000
19/10/2014,  0.456905,  0.000000,  0.000000
20/10/2014,  0.000000,  0.000000,  0.000000
21/10/2014, 10.096375,  6.686298,  0.000000
22/10/2014, 10.858686,  8.352113,  0.000000
23/10/2014,  0.000000,  0.000000,  0.000000
24/10/2014,  0.000000,  0.000000,  0.000000
25/10/2014,  0.000000,  0.000000,  0.000000
26/10/2014, 20.306325, 15.913515,  3.271320
27/10/2014, 12.212097, 10.278212,  4.134919
28/10/2014,  0.000000,  0.000000,  0.000000
29/10/2014,  0.000000,  0.000000,  0.000000
30/10/2014,  0.000000,  0.000000,  0.000000
31/10/2014, 12.650590,  9.642755,  2.907190
01/11/2014,  1.556302,  1.694892,  1.779033
02/11/2014,  0.000000,  0.000000,  0.000000
03/11/2014,  0.000000,  0.000000,  0.000000
04/11/2014,  0.688944,  0.000000,  0.000000
05/11/2014,  0.000000,  0.000000,  0.000000
06/11/2014,  0.000000,  0.000000,  0.000000
07/11/2014,  0.138998,  0.000000,  0.000000
08/11/2014,  1.481663,  0.000000,  0.000000
09/11/2014,  0.000000,  0.000000,  0.000000
10/11/2014,  0.000000,  0.000000,  0.000000
11/11/2014,  0.000000,  0.000000,  0.000000
12/11/2014,  0.000000,  0.000000,  0.000000
13/11/2014,  2.580497,  0.000000,  0.000000
14/11/2014,  4.444675,  0.000000,  0.000000
15/11/2014,  5.845439,  0.000000,  0.000000
16/11/2014,  2.419651,  0.000000,  0.000000
17/11/2014,  0.000000,  0.000000,  0.000000
18/11/2014,  0.000000,  0.000000,  0.000000
19/11/2014,  0.000000,  0.000000,  0.000000
20/11/2014,  0.000000,  0.000000,  0.000000
21/11/2014,  0.000000,  0.000000,  0.000000
22/11/2014,  0.000000,  0.000000,  0.000000
23/11/2014, 15.319331,  0.000000,  0.000000
24/11/2014,  7.384694,  0.000000,  0.000000
25/11/2014,  0.000000,  0.000000,  0.000000
26/11/2014,  0.000000,  0.000000,  0.000000
27/11/2014,  0.000000,  0.000000,  0.000000
28/11/2014,  0.000000,  0.000000,  0.000000
29/11/2014,  0.000000,  0.000000,  0.000000
30/11/2014,  2.987243,  0.000000,  0.000000
01/12/2014,  1.786554,  0.000000,  0.000000
02/12/2014,  0.000000,  0.000000,  0.000000
03/12/2014, 17.547921,  0.000000,  0.000000
04/12/2014,  8.668917,  0.000000,  0.000000
05/12/2014,  3.191266,  0.000000,  0.000000
06/12/2014,  2.414152,  0.000000,  0.000000
07/12/2014,  0.000000,  0.000000,  0.000000
08/12/2014,  0.000000,  0.000000,  0.000000
09/12/2014,  0.000000,  0.000000,  0.000000
10/12/2014,  3.483163,  0.000000,  0.000000
11/12/2014,  1.875975,  0.000000,  0.000000
12/12/2014,  0.000000,  0.000000,  0.000000
13/12/2014,  0.000000,  0.000000,  0.000000
14/12/2014,  0.000000,  0.000000,  0.000000
15/12/2014, 11.539859,  0.000000,  0.000000
16/12/2014,  4.799704,  0.000000,  0.000000
17/12/2014,  2.437849,  0.000000,  0.000000
18/12/2014,  2.054894,  0.000000,  0.000000
19/12/2014,  0.000000,  0.000000,  0.000000
20/12/2014,  0.000000,  0.000000,  0.000000
21/12/2014,  0.000000,  0.000000,  0.000000
22/12/2014,  4.451670,  0.000000,  0.000000
23/12/2014,  2.297163,  0.000000,  0.000000
24/12/2014,  2.648739,  0.000000,  0.000000
25/12/2014,  2.045284,  0.000000,  0.000000
26/12/2014,  0.000000,  0.000000,  0.000000
27/12/2014,  0.000000,  0.000000,  0.000000
28/12/2014, 12.094725,  2.118173,  0.000000
29/12/2014,  9.818964,  3.271665,  0.000000
30/12/2014,  0.062394,  0.000000,  0.000000
31/12/2014,  0.000000,  0.000000,  0.000000
01/01/2015,  0.000000,  0.000000,  0.000000
02/01/2015,  0.000000,  0.000000,  0.000000
03/01/2015,  0.000000,  0.000000,  0.000000
04/01/2015,  0.000000,  0.000000,  0.000000
05/01/2015,  0.000000,  0.000000,  0.000000
06/01/2015,  0.000000,  0.000000,  0.000000
07/01/2015,  0.000000,  0.000000,  0.000000
08/01/2015,  0.000000,  0.000000,  0.000000
09/01/2015,  0.000000,  0.000000,  0.000000
10/01/2015,  0.000000,  0.000000,  0.000000
11/01/2015,  0.000000,  0.000000,  0.000000
12/01/2015,  0.000000,  0.000000,  0.000000
13/01/2015,  0.000000,  0.000000,  0.000000
14/01/2015,  0.000000,  0.000000,  0.000000
15/01/2015,  0.000000,  0.000000,  0.000000
16/01/2015,  0.000000,  0.000000,  0.000000
17/01/2015,  0.000000,  0.000000,  0.000000
18/01/2015,  0.000000,  0.000000,  0.000000
19/01/2015,  0.000000,  0.000000,  0.000000
20/01/2015,  0.000000,  0.000000,  0.000000
21/01/2015,  0.000000,  0.000000,  0.000000
22/01/2015,  0.000000,  0.000000,  0.000000
23/01/2015,  0.000000,  0.000000,  0.000000
24/01/2015,  0.339377,  0.000000,  0.000000
25/01/2015,  0.716584,  0.000000,  0.000000
26/01/2015,  0.000000,  0.000000,  0.000000
27/01/2015,  0.000000,  0.000000,  0.000000
28/01/2015,  0.000000,  0.000000,  0.000000
29/01/2015,  0.000000,  0.000000,  0.000000
30/01/2015,  0.000000,  0.000000,  0.000000
31/01/2015,  3.051790,  0.000000,  0.000000
01/02/2015,  3.573170,  0.000000,  0.000000
02/02/2015,  0.108267,  0.000000,  0.000000
03/02/2015,  0.000000,  0.000000,  0.000000
04/02/2015,  0.000000,  0.000000,  0.000000
05/02/2015,  0.000000,  0.000000,  0.000000
06/02/2015,  0.000000,  0.000000,  0.000000
07/02/2015,  1.133768,  0.000000,  0.000000
08/02/2015,  1.433536,  0.000000,  0.000000
09/02/2015,  0.000000,  0.000000,  0.000000
10/02/2015,  0.000000,  0.000000,  0.000000
11/02/2015,  0.000000,  0.000000,  0.000000
12/02/2015,  0.000000,  0.000000,  0.000000
13/02/2015,  0.000000,  0.000000,  0.000000
14/02/2015,  0.206238,  0.000000,  0.000000
15/02/2015,  5.844231,  0.000000,  0.000000
16/02/2015,  2.500876,  0.000000,  0.000000
17/02/2015,  0.000000,  0.000000,  0.000000
18/02/2015,  2.271481,  0.000000,  0.000000
19/02/2015, 13.059338,  0.000000,  0.000000
20/02/2015,  2.881784,  0.000000,  0.000000
21/02/2015,  0.075157,  0.000000,  0.000000
22/02/2015, 17.696037,  0.000000,  0.000000
23/02/2015,  5.086816,  0.000000,  0.000000
24/02/2015,  0.000000,  0.000000,  0.000000
25/02/2015,  0.000000,  0.000000,  0.000000
26/02/2015,  0.000000,  0.000000,  0.000000
27/02/2015,  1.042016,  0.000000,  0.000000
28/02/2015,  6.818357,  0.000000,  0.000000
01/03/2015,  1.126485,  0.000000,  0.000000
02/03/2015,  0.000000,  0.000000,  0.000000
03/03/2015,  4.276199,  0.000000,  0.000000
04/03/2015,  8.669414,  0.000000,  0.000000
05/03/2015,  5.589058,  0.000000,  0.000000
06/03/2015,  0.548754,  0.000000,  0.000000
07/03/2015,  0.000000,  0.000000,  0.000000
08/03/2015,  0.736640,  0.000000,  0.000000
09/03/2015,  1.912825,  0.000000,  0.000000
10/03/2015,  3.233694,  0.000000,  0.000000
11/03/2015,  9.056405,  0.000000,  0.000000
12/03/2015,  3.766513,  0.000000,  0.000000
13/03/2015,  3.898444,  0.000000,  0.000000
14/03/2015,  5.009371,  0.000000,  0.000000
15/03/2015,  0.772007,  0.000000,  0.000000
16/03/2015,  3.559947,  0.000000,  0.000000
17/03/2015,  7.341071,  0.000000,  0.000000
18/03/2015,  8.778659,  0.000000,  0.000000
19/03/2015,  4.921114,  0.000000,  0.000000
20/03/2015,  2.057703,  0.000000,  0.000000
21/03/2015,  0.000000,  0.000000,  0.000000
22/03/2015, 14.752233,  2.049048,  0.000000
23/03/2015,  4.507587,  1.386423,  0.000000
24/03/2015,  5.177760,  0.000000,  0.000000
25/03/2015,  9.517585,  1.718527,  0.000000
26/03/2015,  1.204889,  0.228979,  0.000000
27/03/2015,  0.000000,  0.000000,  0.000000
28/03/2015,  0.000000,  0.000000,  0.000000
29/03/2015,  0.000000,  0.000000,  0.000000
30/03/2015,  0.000000,  0.000000,  0.000000
31/03/2015,  0.000000,  0.000000,  0.000000
01/04/2015,  1.006172,  0.000000,  0.000000
02/04/2015,  0.714623,  0.000000,  0.000000
03/04/2015,  0.000000,  0.000000,  0.000000
04/04/2015,  0.787772,  0.000000,  0.000000
05/04/2015, 12.833237,  6.466621,  0.000000
06/04/2015,  0.691232,  0.932240,  0.095703
07/04/2015,  0.000000,  0.000000,  0.000000
08/04/2015,  0.000000,  0.000000,  0.000000
09/04/2015,  0.000000,  0.000000,  0.000000
10/04/2015,  0.000000,  0.000000,  0.000000
11/04/2015,  0.000000,  0.000000,  0.000000
12/04/2015,  0.000000,  0.000000,  0.000000
13/04/2015,  0.000000,  0.000000,  0.000000
14/04/2015,  0.000000,  0.000000,  0.000000
15/04/2015,  0.000000,  0.000000,  0.000000
16/04/2015,  0.000000,  0.000000,  0.000000
17/04/2015,  0.000000,  0.000000,  0.000000
18/04/2015,  0.000000,  0.000000,  0.000000
19/04/2015,  0.000000,  0.000000,  0.000000
20/04/2015,  0.000000,  0.000000,  0.000000
21/04/2015,  0.000000,  0.000000,  0.000000
22/04/2015,  0.000000,  0.000000,  0.000000
23/04/2015,  0.469017,  0.000000,  0.000000
24/04/2015,  6.128207,  0.000000,  0.000000
25/04/2015,  3.512004,  0.000000,  0.000000
26/04/2015,  0.000000,  0.000000,  0.000000
27/04/2015,  0.000000,  0.000000,  0.000000
28/04/2015,  0.000000,  0.000000,  0.000000
29/04/2015,  0.000000,  0.000000,  0.000000
30/04/2015,  0.000000,  0.000000,  0.000000
01/05/2015,  0.000000,  0.000000,  0.000000
02/05/2015,  0.185180,  0.000000,  0.000000
03/05/2015,  0.000000,  0.000000,  0.000000
04/05/2015, 12.687333,  0.141672,  0.000000
05/05/2015,  1.891154,  0.584249,  0.000000
06/05/2015,  0.000000,  0.000000,  0.000000
07/05/2015,  0.000000,  0.000000,  0.000000
08/05/2015,  0.000000,  0.000000,  0.000000
09/05/2015,  4.010378,  0.000000,  0.000000
10/05/2015,  0.000000,  0.000000,  0.000000
11/05/2015,  0.000000,  0.000000,  0.000000
12/05/2015,  0.000000,  0.000000,  0.000000
13/05/2015,  0.000000,  0.000000,  0.000000
14/05/2015,  0.013309,  0.000000,  0.000000
15/05/2015,  0.000000,  0.000000,  0.000000
16/05/2015,  0.000000,  0.000000,  0.000000
17/05/2015,  0.000000,  0.000000,  0.000000
18/05/2015,  0.000000,  0.000000,  0.000000
19/05/2015,  0.824696,  0.000000,  0.000000
20/05/2015,  1.531502,  0.000000,  0.000000
21/05/2015,  0.000000,  0.000000,  0.000000
22/05/2015,  0.000000,  0.000000,  0.000000
23/05/2015,  0.000000,  0.000000,  0.000000
24/05/2015,  0.000000,  0.000000,  0.000000
25/05/2015,  0.123892,  0.000000,  0.000000
26/05/2015,  7.147304,  0.000000,  0.000000
27/05/2015,  9.226624,  0.000000,  0.000000
28/05/2015,  6.549301,  0.000000,  0.000000
29/05/2015,  2.349329,  0.000000,  0.000000
30/05/2015,  7.682600,  0.000000,  0.000000
31/05/2015,  2.139675,  0.000000,  0.000000
01/06/2015,  0.000000,  0.000000,  0.000000
02/06/2015,  0.000000,  0.000000,  0.000000
03/06/2015,  0.977627,  0.000000,  0.000000
04/06/2015,  5.013756,  0.000000,  0.000000
05/06/2015,  1.022140,  0.000000,  0.000000
06/06/2015,  0.000000,  0.000000,  0.000000
07/06/2015,  0.000000,  0.000000,  0.000000
08/06/2015,  2.919616,  0.000000,  0.000000
09/06/2015,  2.009692,  0.000000,  0.000000
10/06/2015,  0.000000,  0.000000,  0.000000
11/06/2015,  0.000000,  0.000000,  0.000000
12/06/2015,  0.000000,  0.000000,  0.000000
13/06/2015,  0.000000,  0.000000,  0.000000
14/06/2015,  0.000000,  0.000000,  0.000000
15/06/2015,  0.000000,  0.000000,  0.000000
16/06/2015,  6.000464,  0.000000,  0.000000
17/06/2015, 10.087549,  0.000000,  0.000000
18/06/2015,  4.145524,  0.000000,  0.000000
19/06/2015,  0.000000,  0.000000,  0.000000
20/06/2015,  0.000000,  0.000000,  0.000000
21/06/2015,  0.000000,  0.000000,  0.000000
22/06/2015,  0.528847,  0.000000,  0.000000
23/06/2015, 15.906319,  4.491398,  0.000000
24/06/2015,  6.938245,  4.007666,  0.000000
25/06/2015,  0.000000,  0.000000,  0.000000
26/06/2015,  0.000000,  0.000000,  0.000000
27/06/2015,  0.000000,  0.000000,  0.000000
28/06/2015,  0.000000,  0.000000,  0.000000
29/06/2015,  0.000000,  0.000000,  0.000000
30/06/2015,  0.585486,  0.000000,  0.000000
01/07/2015,  8.723795,  3.637169,  0.000000
02/07/2015,  2.911531,  2.058661,  0.000000
03/07/2015,  0.000000,  0.000000,  0.000000
04/07/2015,  0.000000,  0.000000,  0.000000
05/07/2015,  0.000000,  0.000000,  0.000000
06/07/2015,  0.701812,  0.000000,  0.000000
07/07/2015,  0.227081,  0.000000,  0.000000
08/07/2015,  0.000000,  0.000000,  0.000000
09/07/2015,  0.348183,  0.000000,  0.000000
10/07/2015, 32.249621, 22.223672,  6.541307
11/07/2015,  8.486094,  8.653118,  7.202821
12/07/2015,  0.000000,  0.000000,  0.000000
13/07/2015,  0.000000,  0.000000,  0.000000
14/07/2015,  0.000000,  0.000000,  0.000000
15/07/2015,  0.000000,  0.000000,  0.000000
16/07/2015,  0.000000,  0.000000,  0.000000
17/07/2015,  0.000000,  0.000000,  0.000000
18/07/2015,  0.000000,  0.000000,  0.000000
19/07/2015,  0.000000,  0.000000,  0.000000
20/07/2015,  0.000000,  0.000000,  0.000000
21/07/2015,  1.781854,  0.000000,  0.000000
22/07/2015,  4.719125,  0.000000,  0.000000
23/07/2015,  7.896460,  0.000000,  0.000000
24/07/2015,  5.492807,  0.000000,  0.000000
25/07/2015, 13.644011,  0.000000,  0.000000
26/07/2015,  0.554541,  0.000000,  0.000000
27/07/2015,  0.000000,  0.000000,  0.000000
28/07/2015,  0.000000,  0.000000,  0.000000
29/07/2015,  1.686620,  0.000000,  0.000000
30/07/2015,  7.860828,  0.000000,  0.000000
31/07/2015,  9.865643,  0.000000,  0.000000
01/08/2015,  8.893059,  0.000000,  0.000000
02/08/2015,  7.671521,  0.000000,  0.000000
03/08/2015,  1.958915,  0.000000,  0.000000
04/08/2015,  0.592705,  0.000000,  0.000000
05/08/2015,  1.308572,  0.000000,  0.000000
06/08/2015,  0.978972,  0.000000,  0.000000
07/08/2015,  8.476305,  0.000000,  0.000000
08/08/2015,  9.360768,  0.000000,  0.000000
09/08/2015, 31.461524,  2.211854,  0.000000
10/08/2015, 11.288745,  2.843014,  0.000000
11/08/2015, 12.575842,  9.850444,  6.347423
12/08/2015,  8.106114,  7.509852,  4.988165
13/08/2015,  0.000000,  0.000000,  0.000000
14/08/2015,  0.000000,  0.000000,  0.000000
15/08/2015,  0.011980,  0.000000,  0.000000
16/08/2015, 11.758893,  0.000000,  0.000000
17/08/2015,  3.183912,  0.000000,  0.000000
18/08/2015,  0.000000,  0.000000,  0.000000
19/08/2015,  0.000000,  0.000000,  0.000000
20/08/2015,  0.000000,  0.000000,  0.000000
21/08/2015,  2.892258,  0.000000,  0.000000
22/08/2015,  6.741652,  0.000000,  0.000000
23/08/2015, 12.119938,  0.000000,  0.000000
24/08/2015,  8.211456,  0.000000,  0.000000
25/08/2015,  0.000000,  0.000000,  0.000000
26/08/2015,  0.000000,  0.000000,  0.000000
27/08/2015,  0.000000,  0.000000,  0.000000
28/08/2015,  0.000000,  0.000000,  0.000000
29/08/2015,  0.000000,  0.000000,  0.000000
30/08/2015,  0.000000,  0.000000,  0.000000
31/08/2015,  0.000000,  0.000000,  0.000000
01/09/2015,  0.000000,  0.000000,  0.000000
02/09/2015,  7.605749,  0.000000,  0.000000
03/09/2015,  5.136961,  0.000000,  0.000000
04/09/2015,  0.000000,  0.000000,  0.000000
05/09/2015,  1.200384,  0.000000,  0.000000
06/09/2015, 12.579698,  0.000000,  0.000000
07/09/2015, 10.468126,  0.000000,  0.000000
08/09/2015,  0.584510,  0.000000,  0.000000
09/09/2015,  0.000000,  0.000000,  0.000000
10/09/2015,  0.000000,  0.000000,  0.000000
11/09/2015,  0.000000,  0.000000,  0.000000
12/09/2015,  0.000000,  0.000000,  0.000000
13/09/2015,  4.941863,  0.000000,  0.000000
14/09/2015, 16.667204,  0.000000,  0.000000
15/09/2015,  3.843834,  0.247611,  0.000000
16/09/2015,  2.666470,  0.000000,  0.000000
17/09/2015,  2.670325,  0.000000,  0.000000
18/09/2015,  0.000000,  0.000000,  0.000000
19/09/2015,  0.393356,  0.000000,  0.000000
20/09/2015, 33.594119, 21.716726,  9.934569
21/09/2015, 12.723355,  9.382026,  6.599724
22/09/2015,  0.000000,  0.000000,  0.000000
23/09/2015,  0.000000,  0.000000,  0.000000
24/09/2015,  0.000000,  0.000000,  0.000000
25/09/2015,  0.000000,  0.000000,  0.000000
26/09/2015,  0.000000,  0.000000,  0.000000
27/09/2015,  2.110525,  0.000000,  0.000000
28/09/2015,  4.645621,  0.000000,  0.000000
29/09/2015,  0.000000,  0.000000,  0.000000
30/09/2015,  6.137509,  0.000000,  0.000000
01/10/2015,  2.048279,  0.000000,  0.000000
02/10/2015,  0.000000,  0.000000,  0.000000
03/10/2015,  6.220111,  0.000000,  0.000000
04/10/2015,  1.854813,  0.000000,  0.000000
05/10/2015, 22.331400,  0.654965,  0.000000
06/10/2015, 10.787433,  1.989569,  0.000000
07/10/2015,  0.000000,  0.000000,  0.000000
08/10/2015,  0.000000,  0.000000,  0.000000
09/10/2015,  0.000000,  0.000000,  0.000000
10/10/2015,  7.167307,  0.000000,  0.000000
11/10/2015,  4.865868,  0.000000,  0.000000
12/10/2015,  0.000000,  0.000000,  0.000000
13/10/2015,  0.000000,  0.000000,  0.000000
14/10/2015,  0.000000,  0.000000,  0.000000
15/10/2015,  4.130704,  0.000000,  0.000000
16/10/2015, 10.726493,  0.000000,  0.000000
17/10/2015,  1.285296,  0.000000,  0.000000
18/10/2015,  0.000000,  0.000000,  0.000000
19/10/2015,  0.352718,  0.000000,  0.000000
20/10/2015, 29.050891,  3.463719,  0.000000
21/10/2015, 10.743376,  4.126448,  0.000000
22/10/2015,  0.000000,  0.000000,  0.000000
23/10/2015,  0.000000,  0.000000,  0.000000
24/10/2015,  1.739927,  0.000000,  0.000000
25/10/2015,  9.307734,  0.000000,  0.000000
26/10/2015,  2.401012,  0.000000,  0.000000
27/10/2015,  0.000000,  0.000000,  0.000000
28/10/2015,  0.000000,  0.000000,  0.000000
29/10/2015,  0.000000,  0.000000,  0.000000
30/10/2015,  0.000000,  0.000000,  0.000000
31/10/2015,  0.000000,  0.000000,  0.000000
01/11/2015,  0.767770,  0.000000,  0.000000
02/11/2015,  0.323399,  0.000000,  0.000000
03/11/2015,  0.000000,  0.000000,  0.000000
04/11/2015,  0.047564,  0.000000,  0.000000
05/11/2015,  0.847579,  0.000000,  0.000000
06/11/2015,  0.000000,  0.000000,  0.000000
07/11/2015,  0.000000,  0.000000,  0.000000
08/11/2015,  0.000000,  0.000000,  0.000000
09/11/2015,  0.000000,  0.000000,  0.000000
10/11/2015,  0.000000,  0.000000,  0.000000
11/11/2015,  2.712980,  0.000000,  0.000000
12/11/2015, 12.022499,  0.000000,  0.000000
13/11/2015,  2.398043,  0.000000,  0.000000
14/11/2015,  0.000000,  0.000000,  0.000000
15/11/2015,  0.000000,  0.000000,  0.000000
16/11/2015,  0.000000,  0.000000,  0.000000
17/11/2015,  0.000000,  0.000000,  0.000000
18/11/2015,  0.000000,  0.000000,  0.000000
19/11/2015,  8.486239,  0.000000,  0.000000
20/11/2015,  4.376306,  0.000000,  0.000000
21/11/2015,  0.000000,  0.000000,  0.000000
22/11/2015,  0.000000,  0.000000,  0.000000
23/11/2015,  0.000000,  0.000000,  0.000000
24/11/2015,  0.000000,  0.000000,  0.000000
25/11/2015, 26.189501,  0.000000,  0.000000
26/11/2015,  6.354922,  0.000000,  0.000000
27/11/2015,  0.000000,  0.000000,  0.000000
28/11/2015,  0.000000,  0.000000,  0.000000
29/11/2015,  0.000000,  0.000000,  0.000000
30/11/2015,  0.739620,  0.000000,  0.000000
01/12/2015,  1.225519,  0.000000,  0.000000
02/12/2015,  0.000000,  0.000000,  0.000000
03/12/2015,  0.000000,  0.000000,  0.000000
04/12/2015,  0.000000,  0.000000,  0.000000
05/12/2015,  0.000000,  0.000000,  0.000000
06/12/2015,  0.000000,  0.000000,  0.000000
07/12/2015,  0.000000,  0.000000,  0.000000
08/12/2015,  0.000000,  0.000000,  0.000000
09/12/2015,  0.000000,  0.000000,  0.000000
10/12/2015,  4.560163,  0.000000,  0.000000
11/12/2015,  2.724387,  0.000000,  0.000000
12/12/2015,  0.000000,  0.000000,  0.000000
13/12/2015,  0.000000,  0.000000,  0.000000
14/12/2015,  0.000000,  0.000000,  0.000000
15/12/2015,  0.000000,  0.000000,  0.000000
16/12/2015,  0.000000,  0.000000,  0.000000
17/12/2015,  0.000000,  0.000000,  0.000000
18/12/2015,  0.000000,  0.000000,  0.000000
19/12/2015,  3.611787,  0.000000,  0.000000
20/12/2015,  3.596690,  0.000000,  0.000000
21/12/2015,  0.000000,  0.000000,  0.000000
22/12/2015,  0.000000,  0.000000,  0.000000
23/12/2015,  0.000000,  0.000000,  0.000000
24/12/2015,  0.000000,  0.000000,  0.000000
25/12/2015,  2.550510,  0.000000,  0.000000
26/12/2015,  2.677017,  0.000000,  0.000000
27/12/2015,  0.000000,  0.000000,  0.000000
28/12/2015,  0.000000,  0.000000,  0.000000
29/12/2015,  0.000000,  0.000000,  0.000000
30/12/2015,  0.000000,  0.000000,  0.000000
31/12/2015,  4.605517,  0.000000,  0.000000
01/01/2016, 12.275890,  0.000000,  0.000000
02/01/2016,  4.939136,  0.000000,  0.000000
03/01/2016,  0.000000,  0.000000,  0.000000
04/01/2016,  0.000000,  0.000000,  0.000000
05/01/2016,  0.000000,  0.000000,  0.000000
06/01/2016,  0.000000,  0.000000,  0.000000
07/01/2016,  0.000000,  0.000000,  0.000000
08/01/2016,  0.000000,  0.000000,  0.000000
09/01/2016,  0.000000,  0.000000,  0.000000
10/01/2016,  0.000000,  0.000000,  0.000000
11/01/2016,  0.000000,  0.000000,  0.000000
12/01/2016,  0.000000,  0.000000,  0.000000
13/01/2016,  3.010382,  0.000000,  0.000000
14/01/2016,  3.767440,  0.000000,  0.000000
15/01/2016,  0.000000,  0.000000,  0.000000
16/01/2016,  0.000000,  0.000000,  0.000000
17/01/2016,  0.000000,  0.000000,  0.000000
18/01/2016,  0.000000,  0.000000,  0.000000
19/01/2016,  0.000000,  0.000000,  0.000000
20/01/2016,  0.000000,  0.000000,  0.000000
21/01/2016,  0.000000,  0.000000,  0.000000
22/01/2016,  0.000000,  0.000000,  0.000000
23/01/2016,  0.000000,  0.000000,  0.000000
24/01/2016,  0.000000,  0.000000,  0.000000
25/01/2016,  0.000000,  0.000000,  0.000000
26/01/2016,  0.000000,  0.000000,  0.000000
27/01/2016,  2.514508,  0.000000,  0.000000
28/01/2016,  0.361531,  0.000000,  0.000000
29/01/2016,  0.000000,  0.000000,  0.000000
30/01/2016,  0.000000,  0.000000,  0.000000
31/01/2016,  0.000000,  0.000000,  0.000000
01/02/2016,  0.000000,  0.000000,  0.000000
02/02/2016,  0.000000,  0.000000,  0.000000
03/02/2016,  0.000000,  0.000000,  0.000000
04/02/2016,  0.000000,  0.000000,  0.000000
05/02/2016,  0.000000,  0.000000,  0.000000
06/02/2016,  0.000000,  0.000000,  0.000000
07/02/2016,  0.000000,  0.000000,  0.000000
08/02/2016,  0.000000,  0.000000,  0.000000
09/02/2016,  0.000000,  0.000000,  0.000000
10/02/2016,  0.000000,  0.000000,  0.000000
11/02/2016,  0.000000,  0.000000,  0.000000
12/02/2016,  0.000000,  0.000000,  0.000000
13/02/2016,  0.000000,  0.000000,  0.000000
14/02/2016,  0.000000,  0.000000,  0.000000
15/02/2016,  0.000000,  0.000000,  0.000000
16/02/2016,  0.000000,  0.000000,  0.000000
17/02/2016,  0.000000,  0.000000,  0.000000
18/02/2016,  0.000000,  0.000000,  0.000000
19/02/2016,  0.000000,  0.000000,  0.000000
20/02/2016,  0.000000,  0.000000,  0.000000
21/02/2016,  0.000000,  0.000000,  0.000000
22/02/2016,  0.000000,  0.000000,  0.000000
23/02/2016,  0.000000,  0.000000,  0.000000
24/02/2016,  0.000000,  0.000000,  0.000000
25/02/2016,  0.000000,  0.000000,  0.000000
26/02/2016,  0.000000,  0.000000,  0.000000
27/02/2016,  0.000000,  0.000000,  0.000000
28/02/2016,  0.000000,  0.000000,  0.000000
29/02/2016,  0.000000,  0.000000,  0.000000
01/03/2016,  0.000000,  0.000000,  0.000000
02/03/2016,  3.304189,  0.000000,  0.000000
03/03/2016,  1.808024,  0.000000,  0.000000
04/03/2016,  0.000000,  0.000000,  0.000000
05/03/2016,  3.443931,  0.000000,  0.000000
06/03/2016,  2.820045,  0.000000,  0.000000
07/03/2016,  0.000000,  0.000000,  0.000000
08/03/2016,  1.353402,  0.000000,  0.000000
09/03/2016,  1.245004,  0.000000,  0.000000
10/03/2016,  0.000000,  0.000000,  0.000000
11/03/2016,  0.000000,  0.000000,  0.000000
12/03/2016,  2.892284,  0.000000,  0.000000
13/03/2016,  6.972281,  0.000000,  0.000000
14/03/2016,  1.885341,  0.000000,  0.000000
15/03/2016,  0.000000,  0.000000,  0.000000
16/03/2016,  0.000000,  0.000000,  0.000000
17/03/2016, 16.294608,  0.000000,  0.000000
18/03/2016,  2.947669,  0.000000,  0.000000
19/03/2016,  0.000000,  0.000000,  0.000000
20/03/2016,  0.000000,  0.000000,  0.000000
21/03/2016,  0.000000,  0.000000,  0.000000
22/03/2016,  0.000000,  0.000000,  0.000000
23/03/2016,  0.000000,  0.000000,  0.000000
24/03/2016,  0.000000,  0.000000,  0.000000
25/03/2016,  0.000000,  0.000000,  0.000000
26/03/2016,  0.000000,  0.000000,  0.000000
27/03/2016,  0.000000,  0.000000,  0.000000
28/03/2016,  0.000000,  0.000000,  0.000000
29/03/2016,  0.000000,  0.000000,  0.000000
30/03/2016,  0.000000,  0.000000,  0.000000
31/03/2016,  0.000000,  0.000000,  0.000000
01/04/2016,  0.039184,  0.000000,  0.000000
02/04/2016,  0.630955,  0.000000,  0.000000
03/04/2016,  0.000000,  0.000000,  0.000000
04/04/2016,  0.000000,  0.000000,  0.000000
05/04/2016,  1.763357,  0.000000,  0.000000
06/04/2016,  1.408254,  0.000000,  0.000000
07/04/2016,  0.000000,  0.000000,  0.000000
08/04/2016,  0.000000,  0.000000,  0.000000
09/04/2016,  0.617199,  0.000000,  0.000000
10/04/2016,  7.477752,  0.000000,  0.000000
11/04/2016,  6.348176,  0.000000,  0.000000
12/04/2016,  0.535311,  0.000000,  0.000000
13/04/2016,  0.000000,  0.000000,  0.000000
14/04/2016,  0.000000,  0.000000,  0.000000
15/04/2016,  2.977073,  0.000000,  0.000000
16/04/2016,  2.559286,  0.000000,  0.000000
17/04/2016,  0.000000,  0.000000,  0.000000
18/04/2016,  0.000000,  0.000000,  0.000000
19/04/2016,  0.000000,  0.000000,  0.000000
20/04/2016,  1.161619,  0.000000,  0.000000
21/04/2016,  1.706974,  0.000000,  0.000000
22/04/2016,  0.618344,  0.000000,  0.000000
23/04/2016,  0.000000,  0.000000,  0.000000
24/04/2016,  0.000000,  0.000000,  0.000000
25/04/2016,  0.000000,  0.000000,  0.000000
26/04/2016,  0.000000,  0.000000,  0.000000
27/04/2016,  0.000000,  0.000000,  0.000000
28/04/2016,  0.000000,  0.000000,  0.000000
29/04/2016,  0.000000,  0.000000,  0.000000
30/04/2016, 12.563851,  0.000000,  0.000000
01/05/2016,  1.568409,  0.000000,  0.000000
02/05/2016,  3.314755,  0.000000,  0.000000
03/05/2016,  0.000000,  0.000000,  0.000000
04/05/2016,  0.000000,  0.000000,  0.000000
05/05/2016,  0.000000,  0.000000,  0.000000
06/05/2016,  0.000000,  0.000000,  0.000000
07/05/2016,  0.000000,  0.000000,  0.000000
08/05/2016,  0.000000,  0.000000,  0.000000
09/05/2016,  4.104429,  0.000000,  0.000000
10/05/2016,  0.000000,  0.000000,  0.000000
11/05/2016,  0.000000,  0.000000,  0.000000
12/05/2016,  0.000000,  0.000000,  0.000000
13/05/2016,  0.000000,  0.000000,  0.000000
14/05/2016,  0.802329,  0.000000,  0.000000
15/05/2016,  0.537478,  0.000000,  0.000000
16/05/2016,  0.533947,  0.000000,  0.000000
17/05/2016,  0.898523,  0.000000,  0.000000
18/05/2016,  0.056838,  0.000000,  0.000000
19/05/2016,  0.101136,  0.000000,  0.000000
20/05/2016,  0.000000,  0.000000,  0.000000
21/05/2016,  0.000000,  0.000000,  0.000000
22/05/2016,  6.441513,  0.000000,  0.000000
23/05/2016,  5.065990,  0.000000,  0.000000
24/05/2016,  0.000000,  0.000000,  0.000000
25/05/2016,  2.053977,  0.000000,  0.000000
26/05/2016,  4.269087,  0.000000,  0.000000
27/05/2016,  0.176661,  0.000000,  0.000000
28/05/2016,  0.000000,  0.000000,  0.000000
29/05/2016,  0.000000,  0.000000,  0.000000
30/05/2016,  0.000000,  0.000000,  0.000000
31/05/2016,  0.000000,  0.000000,  0.000000
01/06/2016,  0.000000,  0.000000,  0.000000
02/06/2016,  0.000000,  0.000000,  0.000000
03/06/2016,  0.000000,  0.000000,  0.000000
04/06/2016,  0.000000,  0.000000,  0.000000
05/06/2016,  0.559203,  0.000000,  0.000000
06/06/2016,  0.474200,  0.000000,  0.000000
07/06/2016,  0.000000,  0.000000,  0.000000
08/06/2016,  0.000000,  0.000000,  0.000000
09/06/2016,  0.000000,  0.000000,  0.000000
10/06/2016,  0.000000,  0.000000,  0.000000
11/06/2016,  0.000000,  0.000000,  0.000000
12/06/2016,  0.000000,  0.000000,  0.000000
13/06/2016,  0.000000,  0.000000,  0.000000
14/06/2016,  0.000000,  0.000000,  0.000000
15/06/2016,  0.000000,  0.000000,  0.000000
16/06/2016,  0.000000,  0.000000,  0.000000
17/06/2016,  0.000000,  0.000000,  0.000000
18/06/2016,  0.000000,  0.000000,  0.000000
19/06/2016,  0.000000,  0.000000,  0.000000
20/06/2016,  0.000000,  0.000000,  0.000000
21/06/2016,  0.000000,  0.000000,  0.000000
22/06/2016,  0.000000,  0.000000,  0.000000
23/06/2016,  2.373974,  0.000000,  0.000000
24/06/2016,  0.000000,  0.000000,  0.000000
25/06/2016,  0.000000,  0.000000,  0.000000
26/06/2016,  0.000000,  0.000000,  0.000000
27/06/2016,  0.000000,  0.000000,  0.000000
28/06/2016,  0.000000,  0.000000,  0.000000
29/06/2016,  1.667744,  0.000000,  0.000000
30/06/2016,  1.969657,  0.000000,  0.000000
01/07/2016,  0.000000,  0.000000,  0.000000
02/07/2016,  0.000000,  0.000000,  0.000000
03/07/2016,  0.000000,  0.000000,  0.000000
04/07/2016,  0.000000,  0.000000,  0.000000
05/07/2016,  0.000000,  0.000000,  0.000000
06/07/2016,  0.000000,  0.000000,  0.000000
07/07/2016,  0.000000,  0.000000,  0.000000
08/07/2016,  0.000000,  0.000000,  0.000000
09/07/2016,  0.000000,  0.000000,  0.000000
10/07/2016,  0.000000,  0.000000,  0.000000
11/07/2016,  0.179738,  0.000000,  0.000000
12/07/2016,  0.000000,  0.000000,  0.000000
13/07/2016,  0.000000,  0.000000,  0.000000
14/07/2016,  0.000000,  0.000000,  0.000000
15/07/2016,  0.000000,  0.000000,  0.000000
16/07/2016,  0.000000,  0.000000,  0.000000
17/07/2016,  0.000000,  0.000000,  0.000000
18/07/2016,  0.000000,  0.000000,  0.000000
19/07/2016,  0.000000,  0.000000,  0.000000
20/07/2016,  0.000000,  0.000000,  0.000000
21/07/2016, 27.567566,  0.000000,  0.000000
22/07/2016, 17.172611,  0.000000,  0.000000
23/07/2016,  0.000000,  0.000000,  0.000000
24/07/2016,  0.000000,  0.000000,  0.000000
25/07/2016,  0.000000,  0.000000,  0.000000
26/07/2016,  0.000000,  0.000000,  0.000000
27/07/2016,  0.000000,  0.000000,  0.000000
28/07/2016,  8.351625,  0.000000,  0.000000
29/07/2016, 26.380392,  6.064870,  0.000000
30/07/2016, 30.668648, 32.442585,  0.000000
31/07/2016, 21.176466, 22.798148,  5.804422
01/08/2016,  9.197369,  8.702163,  9.183744
02/08/2016, 23.038336, 20.838459,  2.574512
03/08/2016, 10.786908,  6.604014,  0.000000
04/08/2016, 29.077028, 28.412669, 22.920421
05/08/2016, 42.964167, 43.576534, 44.617695
06/08/2016, 37.067137, 37.528596, 38.976430
07/08/2016, 36.814699, 37.011057, 37.556527
08/08/2016, 35.652746, 35.728666, 35.974778
09/08/2016, 26.901000, 26.874205, 26.769940
10/08/2016,  3.862524,  3.851215,  3.788614
11/08/2016, 14.465645, 14.661038, 15.149826
12/08/2016, 28.708338, 28.706102, 28.693537
13/08/2016, 33.050988, 33.011279, 32.765157
14/08/2016, 33.068104, 32.988298, 32.597400
15/08/2016, 36.887554, 36.737934, 36.304435
16/08/2016, 35.730661, 35.573816, 35.019718
17/08/2016, 31.582374, 30.671590, 28.919122
18/08/2016, 32.528014, 31.809827, 30.395983
19/08/2016, 15.222806, 15.063331, 14.762754
20/08/2016,  0.679204,  0.639929,  0.558028
21/08/2016,  0.000000,  0.000000,  0.000000
22/08/2016,  2.631335,  2.250178,  1.959498
23/08/2016, 13.501186, 13.255859, 12.954535
24/08/2016, 20.047305, 19.847778, 19.756758
25/08/2016, 20.678384, 20.488305, 20.440006
26/08/2016, 17.854067, 17.652536, 17.611002
27/08/2016, 16.689454, 16.399297, 16.353344
28/08/2016, 17.178425, 16.766848, 16.717471
29/08/2016, 29.815541, 29.474876, 29.425839
30/08/2016, 38.038726, 37.884184, 37.845430
31/08/2016, 30.242084, 30.174624, 30.135915
01/09/2016, 34.448185, 34.457018, 34.423365
02/09/2016, 45.255414, 45.305867, 45.306356
03/09/2016, 19.811170, 20.014631, 19.962456
04/09/2016, 14.904440, 15.058435, 15.029210
05/09/2016, 22.170513, 22.198019, 22.177513
06/09/2016, 19.890753, 19.878967, 19.860240
07/09/2016, 27.065043, 27.087339, 27.068015
08/09/2016, 48.968752, 49.056663, 49.064638
09/09/2016, 22.542035, 22.797679, 22.777629
10/09/2016,  1.413971,  1.810329,  1.792669
11/09/2016,  0.183445,  0.270873,  0.264762
12/09/2016, 10.633366, 11.245494, 11.213476
13/09/2016, 53.606626, 53.757919, 53.745093
14/09/2016, 16.095510, 16.297368, 16.276221
15/09/2016, 22.774244, 23.290753, 23.192936
16/09/2016, 46.828335, 47.412219, 47.300976
17/09/2016, 40.316433, 41.184491, 41.088590
18/09/2016, 26.617529, 28.277522, 27.962779
19/09/2016, 41.630499, 43.028967, 42.745730
20/09/2016, 37.567869, 37.460648, 37.447662
21/09/2016, 29.053726, 29.416012, 29.255676
22/09/2016, 45.865423, 46.460735, 46.104278
23/09/2016, 47.403497, 47.751734, 47.470173
24/09/2016, 41.742404, 42.125521, 41.762993
25/09/2016, 38.252754, 38.657329, 38.225170
26/09/2016, 39.286349, 39.629903, 39.180968
27/09/2016, 30.306333, 31.822801, 29.408404
28/09/2016, 30.391550, 31.013618, 29.392668
29/09/2016, 11.927214, 11.760234, 11.927575
30/09/2016,  0.000000,  0.000000,  0.000000
01/10/2016,  0.000000,  0.000000,  0.000000
02/10/2016, 23.988677, 21.906844, 20.584125
03/10/2016, 22.419349, 21.945832, 21.804021
04/10/2016,  5.952672,  5.453794,  5.212435
05/10/2016, 30.792509, 30.273404, 30.066618
06/10/2016, 43.748388, 43.962419, 44.192653
07/10/2016, 37.824757, 37.425236, 37.404300
08/10/2016, 48.193650, 48.291295, 47.709608
09/10/2016, 45.500752, 45.510669, 45.446100
10/10/2016, 16.322220, 16.119514, 16.002133
11/10/2016, 30.158983, 30.098842, 30.148439
12/10/2016, 41.861264, 41.866781, 41.974863
13/10/2016, 45.257954, 45.330866, 45.373904
14/10/2016, 52.284089, 52.329634, 52.322153
15/10/2016, 48.397723, 48.720786, 48.695437
16/10/2016, 38.875641, 39.511767, 39.487759
17/10/2016, 29.361030, 30.311335, 30.302502
18/10/2016, 29.508237, 30.703755, 30.691935
19/10/2016, 39.783754, 41.174134, 41.165098
20/10/2016, 38.657772, 40.166862, 40.143335
21/10/2016, 23.534312, 24.974731, 24.970740
22/10/2016, 42.461068, 43.839312, 43.819406
23/10/2016, 54.446090, 55.700631, 55.668568
24/10/2016, 57.540127, 58.568485, 58.559636
25/10/2016, 49.221699, 50.130853, 50.135952
26/10/2016, 39.515592, 40.407917, 40.428706
27/10/2016, 43.479455, 44.211883, 44.212179
28/10/2016, 49.536166, 50.153533, 50.158129
29/10/2016, 52.922668, 53.511087, 53.502761
30/10/2016, 19.940653, 20.427549, 20.428425
31/10/2016, 23.279216, 23.732287, 23.730374
01/11/2016, 28.823329, 29.221850, 29.227634
02/11/2016, 33.248425, 33.638620, 33.648244
03/11/2016, 39.441633, 39.689063, 39.684326
04/11/2016, 35.900802, 36.124180, 36.129343
05/11/2016, 31.391052, 31.590264, 31.596188
06/11/2016, 39.142057, 39.293665, 39.306195
07/11/2016, 35.931043, 36.025383, 36.029075
08/11/2016, 40.243285, 40.277788, 40.277005
09/11/2016, 42.214119, 42.173968, 42.166237
10/11/2016, 49.701218, 49.608121, 49.602889
11/11/2016, 54.174259, 54.087011, 54.074622
12/11/2016, 20.423565, 20.439370, 20.434690
13/11/2016,  7.304072,  7.335951,  7.339050
14/11/2016, 35.428419, 35.435129, 35.439660
15/11/2016, 49.590172, 49.571855, 49.565988
16/11/2016, 51.107317, 51.097804, 51.089068
17/11/2016, 48.345177, 48.364642, 48.368200
18/11/2016, 41.770309, 41.745267, 41.750209
19/11/2016, 48.692417, 48.602880, 48.599728
20/11/2016, 48.618238, 48.492719, 48.483904
21/11/2016, 41.050984, 40.999197, 41.008350
22/11/2016, 35.990714, 35.939521, 35.941790
23/11/2016, 44.209419, 44.099614, 44.086578
24/11/2016, 49.592401, 49.482134, 49.477973
25/11/2016, 49.112380, 49.068926, 49.062773
26/11/2016, 55.899583, 55.840354, 55.836666
27/11/2016, 56.404080, 56.341341, 56.340622
28/11/2016, 51.933360, 51.839024, 51.836441
29/11/2016, 45.896182, 45.839783, 45.845373
30/11/2016, 48.801595, 48.799464, 48.809504
01/12/2016, 48.722094, 48.628267, 48.620390
02/12/2016, 45.968135, 45.895686, 45.897549
03/12/2016, 50.265515, 50.191265, 50.190092
04/12/2016, 50.742168, 50.719478, 50.734728
05/12/2016, 43.623526, 43.683959, 43.716642
06/12/2016, 52.037341, 52.061195, 52.070329
07/12/2016, 49.829048, 49.851599, 49.851558
08/12/2016, 18.293560, 18.376235, 18.377225
09/12/2016, 46.372663, 46.420126, 46.404355
10/12/2016, 56.219983, 56.273292, 56.233791
11/12/2016, 62.953674, 63.016905, 62.957822
12/12/2016, 64.161859, 64.221569, 64.133498
13/12/2016, 53.547003, 53.631457, 53.491244
14/12/2016, 42.486935, 42.546718, 42.328105
15/12/2016, 55.752441, 55.797246, 55.512370
16/12/2016, 50.792249, 50.781082, 50.412992
17/12/2016, 53.723548, 53.764323, 53.328140
18/12/2016, 65.065473, 65.079317, 64.662314
19/12/2016, 62.610293, 62.617604, 62.177638
20/12/2016, 53.808040, 53.854639, 53.377288
21/12/2016, 62.541523, 62.545860, 62.075086
22/12/2016, 69.105063, 69.041676, 68.568072
23/12/2016, 67.983931, 67.909450, 67.428097
24/12/2016, 65.760625, 65.669533, 65.182045
25/12/2016, 66.618527, 66.470124, 65.980472
26/12/2016, 68.197071, 67.976239, 67.476948
27/12/2016, 69.357980, 69.009814, 68.475892
28/12/2016, 65.769445, 65.158490, 64.512046
29/12/2016, 61.643049, 60.598931, 59.847979
30/12/2016, 49.304825, 47.330565, 46.097168
31/12/2016, 55.051663, 52.807165, 51.541585
01/01/2017, 56.245733, 53.511982, 51.481443
02/01/2017, 62.987090, 59.497048, 55.310763
03/01/2017, 72.428150, 67.331386, 60.231623
04/01/2017, 74.644347, 67.848653, 58.979571
05/01/2017, 76.994812, 69.617254, 61.583652
06/01/2017, 74.172866, 66.892235, 59.520448
07/01/2017, 61.967802, 55.248259, 46.428373
08/01/2017, 46.568704, 40.103957, 15.506996
09/01/2017, 44.599727, 37.651714,  8.016272
10/01/2017, 41.579600, 28.520549,  8.662103
11/01/2017, 36.951082,  5.045439,  0.958518
12/01/2017, 41.460699, 26.868098, 16.934484
13/01/2017, 23.263558, 26.194136, 20.939436
14/01/2017, 12.065491,  3.921330,  1.504341
15/01/2017,  0.259831,  0.000000,  0.000000
16/01/2017, 18.337440,  5.202294,  0.143454
17/01/2017, 20.181616, 13.390743,  6.352182
18/01/2017,  3.268940,  1.781942,  1.068440
19/01/2017,  9.335083,  4.091881,  2.670236
20/01/2017,  6.548549,  3.965302,  3.320490
21/01/2017,  0.000000,  0.000000,  0.000000
22/01/2017,  0.000000,  0.000000,  0.000000
23/01/2017, 14.201349,  0.063672,  0.000000
24/01/2017,  5.614562,  0.719327,  0.000000
25/01/2017,  0.000000,  0.000000,  0.000000
26/01/2017,  0.397476,  0.000000,  0.000000
27/01/2017,  9.209434,  0.000000,  0.000000
28/01/2017,  7.174531,  0.000000,  0.000000
29/01/2017, 13.963265,  3.025717,  0.000000
30/01/2017, 13.683821,  8.704042,  2.049105
31/01/2017,  4.528444,  2.639500,  1.270641
01/02/2017,  6.993848,  3.821685,  1.414579
02/02/2017,  6.412957,  3.976778,  1.744268
03/02/2017,  1.975471,  0.315006,  0.000000
04/02/2017,  1.487834,  0.005415,  0.000000
05/02/2017,  4.209518,  1.408341,  0.000000
06/02/2017,  1.622850,  0.988831,  0.309238
07/02/2017,  0.000000,  0.000000,  0.000000
08/02/2017,  6.821085,  2.370883,  0.864665
09/02/2017,  5.663116,  2.899400,  1.849209
10/02/2017,  0.683715,  0.000000,  0.000000
11/02/2017, 17.090100,  9.374686,  7.804499
12/02/2017,  5.557393,  3.308032,  3.057438
13/02/2017,  0.000000,  0.000000,  0.000000
14/02/2017,  0.000000,  0.000000,  0.000000
15/02/2017,  0.000000,  0.000000,  0.000000
16/02/2017,  0.617513,  0.000000,  0.000000
17/02/2017,  7.654950,  0.000000,  0.000000
18/02/2017, 15.176349,  3.598708,  3.181027
19/02/2017,  5.927669,  2.342790,  2.204101
20/02/2017,  0.000000,  0.000000,  0.000000
21/02/2017,  0.000000,  0.000000,  0.000000
22/02/2017,  5.604279,  0.000000,  0.000000
23/02/2017,  7.259278,  0.869356,  0.814108
24/02/2017,  0.244705,  0.000000,  0.000000
25/02/2017,  0.000000,  0.000000,  0.000000
26/02/2017,  0.000000,  0.000000,  0.000000
27/02/2017,  0.000000,  0.000000,  0.000000
28/02/2017,  0.067177,  0.000000,  0.000000
01/03/2017, 18.852850,  4.557985,  4.493352
02/03/2017, 10.600085,  4.714758,  4.683707
03/03/2017,  9.573820,  5.463376,  5.434100
04/03/2017, 14.340784, 11.559437, 11.547937
05/03/2017,  8.471605,  5.994568,  5.993255
06/03/2017,  2.082363,  0.511894,  0.509971
07/03/2017,  5.122739,  2.476747,  2.472821
08/03/2017, 14.575954, 11.880283, 11.876885
09/03/2017, 14.897171, 12.163884, 12.161177
10/03/2017,  4.026119,  1.510547,  1.510178
11/03/2017, 15.985990, 12.914853, 12.907659
12/03/2017,  8.226054,  5.159292,  5.158645
13/03/2017,  0.158208,  0.000000,  0.000000
14/03/2017,  0.000000,  0.000000,  0.000000
15/03/2017, 16.069682, 10.255567, 10.115686
16/03/2017,  6.177844,  4.758139,  4.644380
17/03/2017,  0.000000,  0.000000,  0.000000
18/03/2017,  0.000000,  0.000000,  0.000000
19/03/2017,  0.000000,  0.000000,  0.000000
20/03/2017,  5.491025,  0.000000,  0.000000
21/03/2017, 11.170189,  0.850733,  0.000000
22/03/2017,  5.455299,  1.219706,  0.000000
23/03/2017,  0.000000,  0.000000,  0.000000
24/03/2017,  3.583594,  0.334897,  0.000000
25/03/2017,  1.960889,  0.528235,  0.000000
26/03/2017, 13.099580,  8.605761,  0.000000
27/03/2017,  5.858522,  3.761255,  0.000000
28/03/2017,  8.555618,  4.407724,  0.000000
29/03/2017,  5.734043,  3.824606,  0.000000
30/03/2017,  1.161110,  0.240318,  0.000000
31/03/2017,  0.965829,  0.000000,  0.000000
01/04/2017,  2.086917,  0.000000,  0.000000
02/04/2017,  0.000000,  0.000000,  0.000000
03/04/2017,  0.000000,  0.000000,  0.000000
04/04/2017,  0.000000,  0.000000,  0.000000
05/04/2017,  3.815241,  0.000000,  0.000000
06/04/2017,  4.412628,  0.000000,  0.000000
07/04/2017, 10.513406,  0.000000,  0.000000
08/04/2017, 19.074452, 12.874212,  2.800119
09/04/2017,  0.000000,  0.000000,  0.000000
10/04/2017,  2.664257,  0.000000,  0.000000
11/04/2017,  0.000000,  0.000000,  0.000000
12/04/2017,  1.752978,  0.000000,  0.000000
13/04/2017,  5.134700,  0.000000,  0.000000
14/04/2017,  1.178494,  0.000000,  0.000000
15/04/2017,  2.775377,  0.000000,  0.000000
16/04/2017,  1.091750,  0.000000,  0.000000
17/04/2017,  0.000000,  0.000000,  0.000000
18/04/2017,  0.000000,  0.000000,  0.000000
19/04/2017,  0.000000,  0.000000,  0.000000
20/04/2017,  0.000000,  0.000000,  0.000000
21/04/2017,  0.000000,  0.000000,  0.000000
22/04/2017,  0.000000,  0.000000,  0.000000
23/04/2017,  0.000000,  0.000000,  0.000000
24/04/2017,  2.532150,  0.000000,  0.000000
25/04/2017, 11.538063,  4.218572,  0.000000
26/04/2017,  0.106232,  0.000000,  0.000000
27/04/2017,  0.000000,  0.000000,  0.000000
28/04/2017,  0.000000,  0.000000,  0.000000
29/04/2017,  0.000000,  0.000000,  0.000000
30/04/2017,  0.000000,  0.000000,  0.000000
01/05/2017,  0.000000,  0.000000,  0.000000
02/05/2017,  0.000000,  0.000000,  0.000000
03/05/2017,  0.000000,  0.000000,  0.000000
04/05/2017,  0.000000,  0.000000,  0.000000
05/05/2017,  0.000000,  0.000000,  0.000000
06/05/2017,  0.255756,  0.000000,  0.000000
07/05/2017,  0.000000,  0.000000,  0.000000
08/05/2017,  0.000000,  0.000000,  0.000000
09/05/2017,  0.000000,  0.000000,  0.000000
10/05/2017,  0.000000,  0.000000,  0.000000
11/05/2017,  3.000107,  0.000000,  0.000000
12/05/2017,  7.914176,  0.000000,  0.000000
13/05/2017,  5.754365,  0.000000,  0.000000
14/05/2017,  1.002421,  0.000000,  0.000000
15/05/2017,  0.000000,  0.000000,  0.000000
16/05/2017,  0.000000,  0.000000,  0.000000
17/05/2017,  1.829246,  0.000000,  0.000000
18/05/2017,  4.665919,  0.000000,  0.000000
19/05/2017,  7.752237,  0.000000,  0.000000
20/05/2017, 12.176541,  6.218542,  0.000000
21/05/2017, 10.181516,  7.284086,  0.000000
22/05/2017, 22.426651, 20.539990,  0.151518
23/05/2017, 23.953707, 21.948514,  9.046077
24/05/2017,  8.032357,  6.270432,  3.255059
25/05/2017,  1.746646,  0.000000,  0.000000
26/05/2017,  3.221082,  1.014723,  0.000000
27/05/2017, 10.275980,  9.402775,  9.531218
28/05/2017,  4.866379,  3.977041,  3.472527
29/05/2017,  0.462429,  0.000000,  0.000000
30/05/2017,  1.012095,  0.012896,  0.000000
31/05/2017,  0.000000,  0.000000,  0.000000
01/06/2017,  0.000000,  0.000000,  0.000000
02/06/2017,  0.000000,  0.000000,  0.000000
03/06/2017,  0.938038,  0.000000,  0.000000
04/06/2017,  6.217347,  0.000000,  0.000000
05/06/2017,  3.629844,  0.000000,  0.000000
06/06/2017,  1.805986,  0.000000,  0.000000
07/06/2017,  2.281778,  0.000000,  0.000000
08/06/2017,  2.810710,  0.000000,  0.000000
09/06/2017,  1.639081,  0.000000,  0.000000
10/06/2017,  1.497845,  0.000000,  0.000000
11/06/2017,  5.745283,  2.748753,  0.000000
12/06/2017,  3.132491,  1.687949,  0.000000
13/06/2017,  0.158305,  0.000000,  0.000000
14/06/2017,  4.219476,  2.111304,  0.000000
15/06/2017,  5.308906,  3.971437,  0.000000
16/06/2017,  6.695122,  5.715595,  0.000000
17/06/2017,  7.696427,  6.863838,  0.045350
18/06/2017,  4.216914,  3.521682,  0.333935
19/06/2017,  0.952253,  0.587265,  0.001736
20/06/2017,  5.631050,  5.389480,  4.347491
21/06/2017,  5.444476,  5.263536,  4.151566
22/06/2017,  6.560545,  6.017805,  4.729579
23/06/2017,  7.842060,  6.993282,  5.492485
24/06/2017,  5.301224,  4.236000,  2.807887
25/06/2017,  1.560585,  0.327641,  0.046109
26/06/2017,  0.304642,  0.042763,  0.000000
27/06/2017,  0.524855,  0.000000,  0.000000
28/06/2017,  9.208507,  4.519366,  2.735574
29/06/2017,  4.401357,  2.449926,  1.979440
30/06/2017,  0.000000,  0.000000,  0.000000
01/07/2017,  2.315105,  0.000000,  0.000000
02/07/2017,  9.489394,  7.097507,  6.580310
03/07/2017, 13.008512, 12.473746, 12.432967
04/07/2017,  3.942924,  3.393600,  3.326879
05/07/2017,  0.000000,  0.000000,  0.000000
06/07/2017,  0.108573,  0.000000,  0.000000
07/07/2017,  1.098959,  0.000000,  0.000000
08/07/2017,  0.703611,  0.000000,  0.000000
09/07/2017,  0.000000,  0.000000,  0.000000
10/07/2017,  0.000000,  0.000000,  0.000000
11/07/2017,  0.000000,  0.000000,  0.000000
12/07/2017,  0.000000,  0.000000,  0.000000
13/07/2017, 12.141076,  1.140957,  0.916945
14/07/2017, 16.668686,  7.306934,  6.779421
15/07/2017,  2.456471,  0.902129,  0.848092
16/07/2017,  5.246153,  0.731231,  0.616873
17/07/2017, 13.823466,  9.658643,  9.458195
18/07/2017,  0.352185,  1.050729,  1.100748
19/07/2017,  0.987213,  0.000000,  0.000000
20/07/2017,  0.000000,  0.000000,  0.000000
21/07/2017,  0.000000,  0.000000,  0.000000
22/07/2017,  7.622689,  0.000000,  0.000000
23/07/2017,  9.982882,  0.000000,  0.000000
24/07/2017,  3.501242,  0.000000,  0.000000
25/07/2017,  0.185074,  0.000000,  0.000000
26/07/2017,  2.599007,  0.000000,  0.000000
27/07/2017,  9.257411,  0.000000,  0.000000
28/07/2017, 11.385414,  0.000000,  0.000000
29/07/2017, 23.762378,  6.253431,  5.385122
30/07/2017,  5.266942,  5.793678,  5.285385
31/07/2017,  0.000584,  0.000000,  0.000000
01/08/2017,  0.323765,  0.000000,  0.000000
02/08/2017, 15.605327,  0.000000,  0.000000
03/08/2017, 13.143698,  0.000000,  0.000000
04/08/2017,  9.488717,  0.000000,  0.000000
05/08/2017,  0.345978,  0.458099,  0.235737
06/08/2017,  0.000000,  0.000000,  0.000000
07/08/2017,  0.125503,  0.000000,  0.000000
08/08/2017,  4.976172,  0.000000,  0.000000
09/08/2017,  8.430455,  0.000000,  0.000000
10/08/2017, 10.710303,  0.000000,  0.000000
11/08/2017,  1.026794,  0.000000,  0.000000
12/08/2017,  3.002079,  0.000000,  0.000000
13/08/2017, 12.506144,  0.676432,  0.000000
14/08/2017, 16.632086, 10.085032,  4.081734
15/08/2017, 22.990329, 23.694342, 22.816068
16/08/2017,  6.650714,  6.477833,  6.647841
17/08/2017,  1.320929,  0.994993,  1.130084
18/08/2017,  0.007971,  0.000000,  0.000000
19/08/2017,  0.000000,  0.000000,  0.000000
20/08/2017,  0.000000,  0.000000,  0.000000
21/08/2017,  0.000000,  0.000000,  0.000000
22/08/2017,  5.105869,  0.000000,  0.000000
23/08/2017, 11.413873,  0.000000,  0.000000
24/08/2017,  3.425968,  0.000000,  0.000000
25/08/2017,  4.586799,  0.000000,  0.000000
26/08/2017, 10.665139,  3.218303,  1.485473
27/08/2017,  3.313900,  1.120687,  0.687661
28/08/2017,  4.303136,  0.422163,  0.111802
29/08/2017,  4.688493,  1.189153,  0.774102
30/08/2017,  0.150733,  0.000000,  0.000000
31/08/2017,  0.000000,  0.000000,  0.000000
01/09/2017, 11.479711,  3.239200,  2.889483
02/09/2017, 33.506125, 29.118770, 28.914180
03/09/2017, 18.500842, 17.944757, 17.913539
04/09/2017,  6.638673,  6.838117,  6.926225
05/09/2017,  8.212268,  4.325645,  4.177639
06/09/2017,  0.000000,  0.000000,  0.000000
07/09/2017,  0.000000,  0.000000,  0.000000
08/09/2017,  0.000000,  0.000000,  0.000000
09/09/2017,  0.000000,  0.000000,  0.000000
10/09/2017,  0.000000,  0.000000,  0.000000
11/09/2017,  0.000000,  0.000000,  0.000000
12/09/2017, 17.598260,  1.758203,  1.520781
13/09/2017,  6.375443,  2.466546,  2.309300
14/09/2017,  0.000000,  0.000000,  0.000000
15/09/2017,  0.000000,  0.000000,  0.000000
16/09/2017,  0.000000,  0.000000,  0.000000
17/09/2017,  0.000000,  0.000000,  0.000000
18/09/2017,  0.000000,  0.000000,  0.000000
19/09/2017,  0.000000,  0.000000,  0.000000
20/09/2017,  0.000000,  0.000000,  0.000000
21/09/2017,  0.000000,  0.000000,  0.000000
22/09/2017,  0.000000,  0.000000,  0.000000
23/09/2017, 10.878841,  0.000000,  0.000000
24/09/2017,  2.558734,  0.000000,  0.000000
25/09/2017,  0.000000,  0.000000,  0.000000
26/09/2017,  0.000000,  0.000000,  0.000000
27/09/2017,  1.209509,  0.000000,  0.000000
28/09/2017,  2.237799,  0.000000,  0.000000
29/09/2017,  5.488776,  0.000000,  0.000000
30/09/2017,  4.623139,  0.000000,  0.000000
01/10/2017,  0.000000,  0.000000,  0.000000
02/10/2017,  0.000000,  0.000000,  0.000000
03/10/2017,  0.000000,  0.000000,  0.000000
04/10/2017, 10.226527,  0.782743,  0.000000
05/10/2017,  5.522684,  2.035156,  0.991776
06/10/2017,  0.000000,  0.000000,  0.000000
07/10/2017,  0.000000,  0.000000,  0.000000
08/10/2017,  0.141135,  0.000000,  0.000000
09/10/2017,  0.339427,  0.000000,  0.000000
10/10/2017,  0.000000,  0.000000,  0.000000
11/10/2017,  0.000000,  0.000000,  0.000000
12/10/2017,  0.112156,  0.000000,  0.000000
13/10/2017,  0.000000,  0.000000,  0.000000
14/10/2017,  0.000000,  0.000000,  0.000000
15/10/2017,  0.000000,  0.000000,  0.000000
16/10/2017,  0.000000,  0.000000,  0.000000
17/10/2017,  0.000000,  0.000000,  0.000000
18/10/2017, 25.878301,  0.000000,  0.000000
19/10/2017, 13.503641,  0.000000,  0.000000
20/10/2017,  5.012122,  0.000000,  0.000000
21/10/2017,  2.302559,  0.000000,  0.000000
22/10/2017,  0.604084,  0.000000,  0.000000
23/10/2017,  0.000000,  0.000000,  0.000000
24/10/2017,  1.236942,  0.000000,  0.000000
25/10/2017,  8.915956,  0.000000,  0.000000
26/10/2017,  0.833377,  0.000000,  0.000000
27/10/2017,  0.000000,  0.000000,  0.000000
28/10/2017,  0.000000,  0.000000,  0.000000
29/10/2017, 10.403117,  0.340740,  0.000000
30/10/2017,  0.831300,  0.752273,  0.439432
31/10/2017,  0.000000,  0.000000,  0.000000
01/11/2017,  0.000000,  0.000000,  0.000000
02/11/2017,  0.416811,  0.000000,  0.000000
03/11/2017,  0.587193,  0.000000,  0.000000
04/11/2017,  0.000000,  0.000000,  0.000000
05/11/2017,  3.351781,  0.000000,  0.000000
06/11/2017,  4.824158,  0.000000,  0.000000
07/11/2017,  0.028198,  0.000000,  0.000000
08/11/2017,  0.000000,  0.000000,  0.000000
09/11/2017,  0.000000,  0.000000,  0.000000
10/11/2017,  0.000000,  0.000000,  0.000000
11/11/2017,  0.000000,  0.000000,  0.000000
12/11/2017,  0.000000,  0.000000,  0.000000
13/11/2017,  0.000000,  0.000000,  0.000000
14/11/2017,  6.872076,  0.000000,  0.000000
15/11/2017, 10.404692,  0.000000,  0.000000
16/11/2017,  0.327047,  0.000000,  0.000000
17/11/2017,  0.000000,  0.000000,  0.000000
18/11/2017,  0.000000,  0.000000,  0.000000
19/11/2017,  0.000000,  0.000000,  0.000000
20/11/2017,  0.000000,  0.000000,  0.000000
21/11/2017,  0.000000,  0.000000,  0.000000
22/11/2017,  0.000000,  0.000000,  0.000000
23/11/2017,  0.000000,  0.000000,  0.000000
24/11/2017,  0.000000,  0.000000,  0.000000
25/11/2017,  0.000000,  0.000000,  0.000000
26/11/2017,  0.000000,  0.000000,  0.000000
27/11/2017,  0.000000,  0.000000,  0.000000
28/11/2017,  0.000000,  0.000000,  0.000000
29/11/2017,  0.000000,  0.000000,  0.000000
30/11/2017,  0.000000,  0.000000,  0.000000
01/12/2017,  0.000000,  0.000000,  0.000000
02/12/2017,  0.000000,  0.000000,  0.000000
03/12/2017,  0.000000,  0.000000,  0.000000
04/12/2017,  0.000000,  0.000000,  0.000000
05/12/2017,  0.000000,  0.000000,  0.000000
06/12/2017,  0.000000,  0.000000,  0.000000
07/12/2017,  1.948663,  0.000000,  0.000000
08/12/2017,  0.315873,  0.000000,  0.000000
09/12/2017,  0.000000,  0.000000,  0.000000
10/12/2017,  0.427168,  0.000000,  0.000000
11/12/2017,  1.507512,  0.000000,  0.000000
12/12/2017,  7.663290,  0.000000,  0.000000
13/12/2017, 27.141057,  0.000000,  0.000000
14/12/2017, 21.049080,  0.000000,  0.000000
15/12/2017,  6.359175,  0.000000,  0.000000
16/12/2017,  0.981920,  0.000000,  0.000000
17/12/2017,  0.372314,  0.000000,  0.000000
18/12/2017, 21.950591,  0.000000,  0.000000
19/12/2017, 30.872872,  0.000000,  0.000000
20/12/2017,  5.347836,  0.000000,  0.000000
21/12/2017,  0.000000,  0.000000,  0.000000
22/12/2017,  0.299243,  0.000000,  0.000000
23/12/2017, 15.618836,  0.000000,  0.000000
24/12/2017,  5.497852,  0.000000,  0.000000
25/12/2017,  0.000000,  0.000000,  0.000000
26/12/2017,  0.000000,  0.000000,  0.000000
27/12/2017,  8.061972,  0.000000,  0.000000
28/12/2017,  1.883094,  0.000000,  0.000000
29/12/2017, 19.766583,  1.251466,  0.000000
30/12/2017,  7.398614,  1.515585,  0.000000
31/12/2017,  5.138273,  0.000000,  0.000000
01/01/2018, 12.482063,  4.304448,  0.000000
02/01/2018,  5.554843,  2.831132,  0.000000
03/01/2018,  0.000000,  0.000000,  0.000000
04/01/2018,  0.000000,  0.000000,  0.000000
05/01/2018,  0.000000,  0.000000,  0.000000
06/01/2018,  4.565871,  0.000000,  0.000000
07/01/2018,  6.787742,  0.000000,  0.000000
08/01/2018,  8.852379,  0.000000,  0.000000
09/01/2018,  1.456982,  0.000000,  0.000000
10/01/2018,  0.000000,  0.000000,  0.000000
11/01/2018,  0.000000,  0.000000,  0.000000
12/01/2018, 24.805018, 13.065045,  0.000000
13/01/2018,  7.251286,  5.315992,  0.000000
14/01/2018,  0.000000,  0.000000,  0.000000
15/01/2018,  0.000000,  0.000000,  0.000000
16/01/2018,  0.000000,  0.000000,  0.000000
17/01/2018,  0.000000,  0.000000,  0.000000
18/01/2018,  0.661519,  0.000000,  0.000000
19/01/2018,  8.925185,  1.148103,  0.000000
20/01/2018,  3.768308,  1.735820,  0.000000
21/01/2018,  4.783917,  1.944869,  0.000000
22/01/2018,  0.747896,  0.402242,  0.000000
23/01/2018,  0.000000,  0.000000,  0.000000
24/01/2018,  0.260256,  0.000000,  0.000000
25/01/2018,  0.086665,  0.000000,  0.000000
26/01/2018,  0.000000,  0.000000,  0.000000
27/01/2018,  0.000000,  0.000000,  0.000000
28/01/2018,  6.819617,  3.285761,  0.000000
29/01/2018,  4.968025,  3.430464,  0.000000
30/01/2018,  0.000000,  0.000000,  0.000000
31/01/2018,  0.000000,  0.000000,  0.000000
01/02/2018,  0.000000,  0.000000,  0.000000
02/02/2018,  0.000000,  0.000000,  0.000000
03/02/2018,  0.000000,  0.000000,  0.000000
04/02/2018,  0.000000,  0.000000,  0.000000
05/02/2018,  0.000000,  0.000000,  0.000000
06/02/2018,  0.309501,  0.000000,  0.000000
07/02/2018,  0.000000,  0.000000,  0.000000
08/02/2018,  0.000000,  0.000000,  0.000000
09/02/2018,  1.191660,  0.000000,  0.000000
10/02/2018,  2.130933,  0.000000,  0.000000
11/02/2018,  0.000000,  0.000000,  0.000000
12/02/2018,  0.000000,  0.000000,  0.000000
13/02/2018,  7.501471,  0.217848,  0.000000
14/02/2018,  5.285214,  0.815020,  0.000000
15/02/2018,  0.000000,  0.000000,  0.000000
16/02/2018,  0.000000,  0.000000,  0.000000
17/02/2018,  0.000000,  0.000000,  0.000000
18/02/2018,  0.075326,  0.000000,  0.000000
19/02/2018,  1.120098,  0.000000,  0.000000
20/02/2018,  0.000000,  0.000000,  0.000000
21/02/2018,  0.000000,  0.000000,  0.000000
22/02/2018,  0.000000,  0.000000,  0.000000
23/02/2018,  8.072218,  0.000000,  0.000000
24/02/2018,  7.591081,  0.000000,  0.000000
25/02/2018,  0.062471,  0.000000,  0.000000
26/02/2018,  0.000000,  0.000000,  0.000000
27/02/2018, 14.506216,  2.355747,  0.000000
28/02/2018,  3.839707,  1.764012,  0.000000
01/03/2018,  0.000000,  0.000000,  0.000000
02/03/2018,  0.000000,  0.000000,  0.000000
03/03/2018,  0.502589,  0.000000,  0.000000
04/03/2018,  3.572875,  0.000000,  0.000000
05/03/2018,  4.436635,  0.000000,  0.000000
06/03/2018,  1.050791,  0.000000,  0.000000
07/03/2018,  0.000000,  0.000000,  0.000000
08/03/2018,  1.062439,  0.000000,  0.000000
09/03/2018,  3.349317,  0.000000,  0.000000
10/03/2018, 10.144171,  4.366961,  0.000000
11/03/2018,  7.589260,  4.908533,  0.000000
12/03/2018,  1.708226,  0.084437,  0.000000
13/03/2018,  0.000000,  0.000000,  0.000000
14/03/2018,  0.000000,  0.000000,  0.000000
15/03/2018,  0.000000,  0.000000,  0.000000
16/03/2018,  0.000000,  0.000000,  0.000000
17/03/2018, 10.239172,  6.151464,  0.000000
18/03/2018,  1.996571,  1.797640,  0.000000
19/03/2018,  0.000000,  0.000000,  0.000000
20/03/2018,  0.000000,  0.000000,  0.000000
21/03/2018,  0.000000,  0.000000,  0.000000
22/03/2018,  0.000000,  0.000000,  0.000000
23/03/2018,  0.000000,  0.000000,  0.000000
24/03/2018, 12.094829,  4.105223,  0.000000
25/03/2018,  0.801852,  0.523798,  0.000000
26/03/2018,  0.000000,  0.000000,  0.000000
27/03/2018,  0.000000,  0.000000,  0.000000
28/03/2018,  0.111082,  0.000000,  0.000000
29/03/2018,  0.000000,  0.000000,  0.000000
30/03/2018,  0.000000,  0.000000,  0.000000
31/03/2018,  0.000000,  0.000000,  0.000000
01/04/2018,  2.654463,  0.000000,  0.000000
02/04/2018,  1.693335,  0.000000,  0.000000
03/04/2018,  0.000000,  0.000000,  0.000000
04/04/2018,  3.882901,  0.000000,  0.000000
05/04/2018,  6.177410,  0.000000,  0.000000
06/04/2018,  1.016175,  0.000000,  0.000000
07/04/2018,  0.559812,  0.000000,  0.000000
08/04/2018,  0.464476,  0.000000,  0.000000
09/04/2018,  5.235998,  0.000000,  0.000000
10/04/2018,  8.319822,  0.000000,  0.000000
11/04/2018, 17.594404,  3.907413,  0.000000
12/04/2018,  9.206930,  3.744854,  0.000000
13/04/2018,  2.407163,  2.781471,  0.000000
14/04/2018,  0.000000,  0.000000,  0.000000
15/04/2018,  0.000000,  0.000000,  0.000000
16/04/2018,  0.000000,  0.000000,  0.000000
17/04/2018,  0.000000,  0.000000,  0.000000
18/04/2018,  0.000000,  0.000000,  0.000000
19/04/2018,  0.000000,  0.000000,  0.000000
20/04/2018,  0.000000,  0.000000,  0.000000
21/04/2018,  0.003795,  0.000000,  0.000000
22/04/2018,  0.000000,  0.000000,  0.000000
23/04/2018,  0.809002,  0.000000,  0.000000
24/04/2018,  0.734487,  0.000000,  0.000000
25/04/2018,  2.023754,  0.000000,  0.000000
26/04/2018,  0.670028,  0.000000,  0.000000
27/04/2018,  0.538259,  0.000000,  0.000000
28/04/2018,  2.380873,  0.000000,  0.000000
29/04/2018,  0.266634,  0.000000,  0.000000
30/04/2018,  0.000000,  0.000000,  0.000000
01/05/2018,  0.000000,  0.000000,  0.000000
02/05/2018,  3.719902,  0.000000,  0.000000
03/05/2018,  6.488738,  0.000000,  0.000000
04/05/2018,  0.194286,  0.000000,  0.000000
05/05/2018,  0.000000,  0.000000,  0.000000
06/05/2018,  0.000000,  0.000000,  0.000000
07/05/2018,  0.000000,  0.000000,  0.000000
08/05/2018,  1.100897,  0.000000,  0.000000
09/05/2018,  7.885668,  0.305040,  0.000000
10/05/2018,  0.000000,  0.000000,  0.000000
11/05/2018,  0.000000,  0.000000,  0.000000
12/05/2018,  0.220688,  0.000000,  0.000000
13/05/2018,  0.000000,  0.000000,  0.000000
14/05/2018,  0.000000,  0.000000,  0.000000
15/05/2018,  0.000000,  0.000000,  0.000000
16/05/2018,  0.000000,  0.000000,  0.000000
17/05/2018,  0.000000,  0.000000,  0.000000
18/05/2018,  0.000000,  0.000000,  0.000000
19/05/2018,  0.000000,  0.000000,  0.000000
20/05/2018,  0.022353,  0.000000,  0.000000
21/05/2018,  0.092188,  0.000000,  0.000000
22/05/2018,  0.000000,  0.000000,  0.000000
23/05/2018,  0.437400,  0.000000,  0.000000
24/05/2018,  1.255173,  0.000000,  0.000000
25/05/2018,  0.000000,  0.000000,  0.000000
26/05/2018,  0.453948,  0.000000,  0.000000
27/05/2018,  3.104024,  0.000000,  0.000000
28/05/2018, 10.535623,  2.319957,  0.000000
29/05/2018,  0.175392,  0.274389,  0.000000
30/05/2018,  0.037317,  0.000000,  0.000000
31/05/2018,  0.000000,  0.000000,  0.000000
01/06/2018,  0.000000,  0.000000,  0.000000
02/06/2018,  0.726675,  0.000000,  0.000000
03/06/2018,  3.144667,  0.000000,  0.000000
04/06/2018,  1.076665,  0.000000,  0.000000
05/06/2018,  0.000000,  0.000000,  0.000000
06/06/2018,  0.000000,  0.000000,  0.000000
07/06/2018,  1.154620,  0.000000,  0.000000
08/06/2018,  2.418395,  0.000000,  0.000000
09/06/2018,  0.050724,  0.000000,  0.000000
10/06/2018,  0.000000,  0.000000,  0.000000
11/06/2018, 10.887066,  5.566154,  0.000000
12/06/2018,  1.000629,  1.527647,  0.000000
13/06/2018,  0.000000,  0.000000,  0.000000
14/06/2018,  0.058224,  0.000000,  0.000000
15/06/2018,  0.000000,  0.000000,  0.000000
16/06/2018,  0.000000,  0.000000,  0.000000
17/06/2018,  0.547928,  0.000000,  0.000000
18/06/2018,  0.000000,  0.000000,  0.000000
19/06/2018,  0.000000,  0.000000,  0.000000
20/06/2018,  0.053211,  0.000000,  0.000000
21/06/2018,  3.058459,  0.000000,  0.000000
22/06/2018,  3.705475,  1.256838,  0.000000
23/06/2018,  2.393468,  1.743216,  0.000000
24/06/2018,  0.671146,  0.562360,  0.000000
25/06/2018,  2.295139,  2.190394,  0.000000
26/06/2018,  4.662922,  4.739855,  0.000000
27/06/2018,  0.781790,  0.889271,  0.000000
28/06/2018,  1.641496,  1.798553,  0.000000
29/06/2018,  8.288395,  8.196978,  0.000000
30/06/2018,  2.703738,  2.612106,  0.000000
01/07/2018,  0.000000,  0.000000,  0.000000
02/07/2018,  0.000000,  0.000000,  0.000000
03/07/2018,  0.000000,  0.000000,  0.000000
04/07/2018,  0.000000,  0.000000,  0.000000
05/07/2018,  7.126509,  6.702937,  0.000000
06/07/2018,  1.472633,  1.482237,  0.000000
07/07/2018,  0.000000,  0.000000,  0.000000
08/07/2018,  0.000000,  0.000000,  0.000000
09/07/2018,  0.000000,  0.000000,  0.000000
10/07/2018,  0.000000,  0.000000,  0.000000
11/07/2018,  0.000000,  0.000000,  0.000000
12/07/2018,  0.000000,  0.000000,  0.000000
13/07/2018,  0.000000,  0.000000,  0.000000
14/07/2018,  0.000000,  0.000000,  0.000000
15/07/2018,  0.000000,  0.000000,  0.000000
16/07/2018,  0.000000,  0.000000,  0.000000
17/07/2018,  0.000000,  0.000000,  0.000000
18/07/2018,  0.000000,  0.000000,  0.000000
19/07/2018,  0.000000,  0.000000,  0.000000
20/07/2018,  0.000000,  0.000000,  0.000000
21/07/2018,  0.000000,  0.000000,  0.000000
22/07/2018,  0.000000,  0.000000,  0.000000
23/07/2018,  0.000000,  0.000000,  0.000000
24/07/2018,  0.000000,  0.000000,  0.000000
25/07/2018,  0.000000,  0.000000,  0.000000
26/07/2018,  0.000000,  0.000000,  0.000000
27/07/2018,  0.000000,  0.000000,  0.000000
28/07/2018, 18.835214,  0.000000,  0.000000
29/07/2018,  4.536549,  0.000000,  0.000000
30/07/2018,  0.000000,  0.000000,  0.000000
31/07/2018,  0.000000,  0.000000,  0.000000
01/08/2018,  0.000000,  0.000000,  0.000000
02/08/2018,  3.119839,  0.000000,  0.000000
03/08/2018,  4.475745,  0.000000,  0.000000
04/08/2018,  0.000000,  0.000000,  0.000000
05/08/2018, 10.939214,  0.000000,  0.000000
06/08/2018,  4.879534,  0.000000,  0.000000
07/08/2018,  4.658855,  0.000000,  0.000000
08/08/2018,  1.895816,  0.000000,  0.000000
09/08/2018,  0.000000,  0.000000,  0.000000
10/08/2018,  8.123541,  0.000000,  0.000000
11/08/2018,  8.328246,  0.000000,  0.000000
12/08/2018,  0.000000,  0.000000,  0.000000
13/08/2018,  0.000000,  0.000000,  0.000000
14/08/2018, 18.056281,  0.000000,  0.000000
15/08/2018,  6.686266,  0.000000,  0.000000
16/08/2018,  0.000000,  0.000000,  0.000000
17/08/2018, 21.377450,  0.000000,  0.000000
18/08/2018,  1.972704,  0.265109,  0.000000
19/08/2018,  0.000000,  0.000000,  0.000000
20/08/2018,  0.000000,  0.000000,  0.000000
21/08/2018,  0.000000,  0.000000,  0.000000
22/08/2018,  0.000000,  0.000000,  0.000000
23/08/2018,  0.000000,  0.000000,  0.000000
24/08/2018,  0.000000,  0.000000,  0.000000
25/08/2018,  0.000000,  0.000000,  0.000000
26/08/2018,  0.000000,  0.000000,  0.000000
27/08/2018,  0.000000,  0.000000,  0.000000
28/08/2018,  0.000000,  0.000000,  0.000000
29/08/2018,  0.000000,  0.000000,  0.000000
30/08/2018,  1.571925,  0.000000,  0.000000
31/08/2018,  9.702874,  0.000000,  0.000000
01/09/2018,  2.490145,  0.000000,  0.000000
02/09/2018,  0.000000,  0.000000,  0.000000
03/09/2018,  0.000000,  0.000000,  0.000000
04/09/2018,  0.000000,  0.000000,  0.000000
05/09/2018,  8.671729,  0.000000,  0.000000
06/09/2018,  5.807530,  0.000000,  0.000000
07/09/2018,  0.000000,  0.000000,  0.000000
08/09/2018,  0.634525,  0.000000,  0.000000
09/09/2018,  0.934170,  0.000000,  0.000000
10/09/2018,  2.655730,  0.000000,  0.000000
11/09/2018, 10.325471,  0.000000,  0.000000
12/09/2018,  2.794187,  0.000000,  0.000000
13/09/2018,  0.000000,  0.000000,  0.000000
14/09/2018, 32.093283, 27.183876,  0.000000
15/09/2018,  2.057072,  2.183224,  0.000000
16/09/2018,  0.000000,  0.000000,  0.000000
17/09/2018,  0.000000,  0.000000,  0.000000
18/09/2018,  0.000000,  0.000000,  0.000000
19/09/2018,  0.000000,  0.000000,  0.000000
20/09/2018,  0.000000,  0.000000,  0.000000
21/09/2018,  0.000000,  0.000000,  0.000000
22/09/2018,  0.000000,  0.000000,  0.000000
23/09/2018,  0.000000,  0.000000,  0.000000
24/09/2018,  0.000000,  0.000000,  0.000000
25/09/2018,  0.000000,  0.000000,  0.000000
26/09/2018,  0.000000,  0.000000,  0.000000
27/09/2018,  5.476394,  0.520115,  0.000000
28/09/2018,  1.460563,  0.561616,  0.000000
29/09/2018,  0.000000,  0.000000,  0.000000
30/09/2018,  0.000000,  0.000000,  0.000000
01/10/2018,  0.000000,  0.000000,  0.000000
02/10/2018,  9.629022,  7.702592,  0.000000
03/10/2018,  8.182503,  7.412778,  0.000000
04/10/2018,  0.351036,  0.247582,  0.000000
05/10/2018,  0.000000,  0.000000,  0.000000
06/10/2018,  0.000000,  0.000000,  0.000000
07/10/2018,  0.000000,  0.000000,  0.000000
08/10/2018, 10.737916, 10.417987,  0.000000
09/10/2018,  7.546346,  7.429730,  0.000000
10/10/2018,  0.000000,  0.000000,  0.000000
11/10/2018,  0.000000,  0.000000,  0.000000
12/10/2018,  0.000000,  0.000000,  0.000000
13/10/2018,  0.000000,  0.000000,  0.000000
14/10/2018,  0.000000,  0.000000,  0.000000
15/10/2018,  0.000000,  0.000000,  0.000000
16/10/2018,  2.475103,  1.274667,  0.000000
17/10/2018,  1.681978,  1.156482,  0.000000
18/10/2018,  0.000000,  0.000000,  0.000000
19/10/2018,  0.000000,  0.000000,  0.000000
20/10/2018,  0.754041,  0.289111,  0.000000
21/10/2018,  0.000000,  0.000000,  0.000000
22/10/2018,  2.846234,  1.492729,  0.000000
23/10/2018,  1.999820,  1.380365,  0.000000
24/10/2018,  0.973047,  0.011152,  0.000000
25/10/2018,  1.687466,  0.521672,  0.000000
26/10/2018,  0.000000,  0.000000,  0.000000
27/10/2018,  0.000000,  0.000000,  0.000000
28/10/2018,  0.000000,  0.000000,  0.000000
29/10/2018,  0.000000,  0.000000,  0.000000
30/10/2018,  0.000000,  0.000000,  0.000000
31/10/2018,  0.000000,  0.000000,  0.000000
01/11/2018,  1.408785,  0.000000,  0.000000
02/11/2018,  7.595426,  0.000000,  0.000000
03/11/2018,  1.398477,  0.000000,  0.000000
04/11/2018,  0.000000,  0.000000,  0.000000
05/11/2018,  1.087673,  0.000000,  0.000000
06/11/2018, 16.656169,  0.237502,  0.000000
07/11/2018,  2.473922,  0.313242,  0.000000
08/11/2018,  0.000000,  0.000000,  0.000000
09/11/2018,  0.000000,  0.000000,  0.000000
10/11/2018,  0.000000,  0.000000,  0.000000
11/11/2018,  0.000000,  0.000000,  0.000000
12/11/2018,  0.000000,  0.000000,  0.000000
13/11/2018,  1.437743,  0.000000,  0.000000
14/11/2018,  0.000000,  0.000000,  0.000000
15/11/2018,  3.193398,  0.000000,  0.000000
16/11/2018,  0.529123,  0.000000,  0.000000
17/11/2018,  0.082354,  0.000000,  0.000000
18/11/2018,  0.000000,  0.000000,  0.000000
19/11/2018,  6.202255,  0.000000,  0.000000
20/11/2018,  6.491470,  0.000000,  0.000000
21/11/2018, 19.816624, 15.595835,  0.000000
22/11/2018,  0.000000,  0.000000,  0.000000
23/11/2018,  0.000000,  0.000000,  0.000000
24/11/2018,  0.000000,  0.000000,  0.000000
25/11/2018,  0.000000,  0.000000,  0.000000
26/11/2018,  0.000000,  0.000000,  0.000000
27/11/2018,  0.000000,  0.000000,  0.000000
28/11/2018,  0.000000,  0.000000,  0.000000
29/11/2018,  0.000000,  0.000000,  0.000000
30/11/2018,  0.000000,  0.000000,  0.000000
01/12/2018,  0.000000,  0.000000,  0.000000
02/12/2018,  0.340245,  0.000000,  0.000000
03/12/2018,  0.000000,  0.000000,  0.000000
04/12/2018,  0.000000,  0.000000,  0.000000
05/12/2018,  0.000000,  0.000000,  0.000000
06/12/2018,  0.000000,  0.000000,  0.000000
07/12/2018,  0.000000,  0.000000,  0.000000
08/12/2018,  0.000000,  0.000000,  0.000000
09/12/2018,  0.000000,  0.000000,  0.000000
10/12/2018,  0.000000,  0.000000,  0.000000
11/12/2018,  0.000000,  0.000000,  0.000000
12/12/2018, 17.402516, 15.030829,  0.000000
13/12/2018,  0.000000,  0.000000,  0.000000
14/12/2018,  0.000000,  0.000000,  0.000000
15/12/2018,  0.000000,  0.000000,  0.000000
16/12/2018,  0.000000,  0.000000,  0.000000
17/12/2018,  0.000000,  0.000000,  0.000000
18/12/2018,  0.000000,  0.000000,  0.000000
19/12/2018,  0.000000,  0.000000,  0.000000
20/12/2018,  0.000000,  0.000000,  0.000000
21/12/2018,  0.000000,  0.000000,  0.000000
22/12/2018,  0.000000,  0.000000,  0.000000
23/12/2018,  0.000000,  0.000000,  0.000000
24/12/2018,  0.000000,  0.000000,  0.000000
25/12/2018,  0.000000,  0.000000,  0.000000
26/12/2018,  0.000000,  0.000000,  0.000000
27/12/2018,  0.000000,  0.000000,  0.000000
28/12/2018,  0.000000,  0.000000,  0.000000
29/12/2018,  0.000000,  0.000000,  0.000000
30/12/2018,  0.000000,  0.000000,  0.000000
31/12/2018,  0.000000,  0.000000,  0.000000
01/01/2019,  0.000000,  0.000000,  0.000000
02/01/2019,  0.000000,  0.000000,  0.000000
03/01/2019,  0.000000,  0.000000,  0.000000
04/01/2019,  0.000000,  0.000000,  0.000000
05/01/2019,  0.000000,  0.000000,  0.000000
06/01/2019,  0.000000,  0.000000,  0.000000
07/01/2019,  0.000000,  0.000000,  0.000000
08/01/2019,  0.000000,  0.000000,  0.000000
09/01/2019,  0.000000,  0.000000,  0.000000
10/01/2019,  0.000000,  0.000000,  0.000000
11/01/2019,  2.268323,  0.000000,  0.000000
12/01/2019,  4.045700,  0.000000,  0.000000
13/01/2019,  0.000000,  0.000000,  0.000000
14/01/2019,  0.000000,  0.000000,  0.000000
15/01/2019,  0.000000,  0.000000,  0.000000
16/01/2019,  0.000000,  0.000000,  0.000000
17/01/2019,  5.669583,  0.000000,  0.000000
18/01/2019,  5.920528,  0.000000,  0.000000
19/01/2019,  1.678996,  0.000000,  0.000000
20/01/2019,  0.000000,  0.000000,  0.000000
21/01/2019,  0.000000,  0.000000,  0.000000
22/01/2019,  0.000000,  0.000000,  0.000000
23/01/2019,  0.053125,  0.000000,  0.000000
24/01/2019,  1.713565,  0.000000,  0.000000
25/01/2019,  2.615800,  0.000000,  0.000000
26/01/2019,  1.873393,  0.000000,  0.000000
27/01/2019,  0.381107,  0.000000,  0.000000
28/01/2019,  0.000000,  0.000000,  0.000000
29/01/2019,  0.000000,  0.000000,  0.000000
30/01/2019,  4.511298,  0.000000,  0.000000
31/01/2019,  1.082814,  0.000000,  0.000000
01/02/2019,  0.000000,  0.000000,  0.000000
02/02/2019,  4.955830,  0.000000,  0.000000
03/02/2019, 14.864887,  0.000000,  0.000000
04/02/2019,  1.909411,  0.000000,  0.000000
05/02/2019,  0.000000,  0.000000,  0.000000
06/02/2019,  0.000000,  0.000000,  0.000000
07/02/2019,  1.281130,  0.000000,  0.000000
08/02/2019,  5.342200,  0.000000,  0.000000
09/02/2019,  0.714160,  0.000000,  0.000000
10/02/2019,  0.000000,  0.000000,  0.000000
11/02/2019,  1.402973,  0.000000,  0.000000
12/02/2019,  0.000000,  0.000000,  0.000000
13/02/2019,  0.000000,  0.000000,  0.000000
14/02/2019,  0.000000,  0.000000,  0.000000
15/02/2019,  0.000000,  0.000000,  0.000000
16/02/2019,  0.000000,  0.000000,  0.000000
17/02/2019,  0.000000,  0.000000,  0.000000
18/02/2019,  2.871497,  0.000000,  0.000000
19/02/2019,  3.676453,  0.000000,  0.000000
20/02/2019,  0.011630,  0.000000,  0.000000
21/02/2019,  0.000000,  0.000000,  0.000000
22/02/2019,  0.000000,  0.000000,  0.000000
23/02/2019,  0.000000,  0.000000,  0.000000
24/02/2019,  0.000000,  0.000000,  0.000000
25/02/2019,  0.000000,  0.000000,  0.000000
26/02/2019,  0.313466,  0.000000,  0.000000
27/02/2019,  0.000000,  0.000000,  0.000000
28/02/2019,  0.000000,  0.000000,  0.000000
01/03/2019,  0.000000,  0.000000,  0.000000
02/03/2019,  0.000000,  0.000000,  0.000000
03/03/2019,  0.000000,  0.000000,  0.000000
04/03/2019,  3.704836,  0.000000,  0.000000
05/03/2019,  7.309279,  0.000000,  0.000000
06/03/2019,  0.608621,  0.000000,  0.000000
07/03/2019,  0.000000,  0.000000,  0.000000
08/03/2019,  0.156868,  0.000000,  0.000000
09/03/2019,  1.744231,  0.000000,  0.000000
10/03/2019,  7.978394,  0.000000,  0.000000
11/03/2019,  8.716538,  0.000000,  0.000000
12/03/2019,  1.564550,  0.000000,  0.000000
13/03/2019,  0.000000,  0.000000,  0.000000
14/03/2019,  0.000000,  0.000000,  0.000000
15/03/2019,  0.000000,  0.000000,  0.000000
16/03/2019,  2.110415,  0.000000,  0.000000
17/03/2019,  2.865810,  0.000000,  0.000000
18/03/2019,  1.053403,  0.000000,  0.000000
19/03/2019,  1.144732,  0.000000,  0.000000
20/03/2019,  5.279214,  0.000000,  0.000000
21/03/2019,  4.030505,  0.000000,  0.000000
22/03/2019,  2.273354,  0.000000,  0.000000
23/03/2019,  1.324225,  0.000000,  0.000000
24/03/2019,  8.879543,  0.429447,  0.000000
25/03/2019,  0.000000,  0.000000,  0.000000
26/03/2019,  0.000000,  0.000000,  0.000000
27/03/2019,  0.000000,  0.000000,  0.000000
28/03/2019, 11.564105,  2.202329,  0.000000
29/03/2019,  5.264031,  2.860903,  0.000000
30/03/2019,  0.000000,  0.000000,  0.000000
31/03/2019,  0.000000,  0.000000,  0.000000
01/04/2019,  0.000000,  0.000000,  0.000000
02/04/2019,  0.000000,  0.000000,  0.000000
03/04/2019,  0.000000,  0.000000,  0.000000
04/04/2019,  0.000000,  0.000000,  0.000000
05/04/2019,  0.208812,  0.000000,  0.000000
06/04/2019,  1.181891,  0.000000,  0.000000
07/04/2019,  3.845145,  0.000000,  0.000000
08/04/2019,  3.749352,  0.000000,  0.000000
09/04/2019,  1.248356,  0.000000,  0.000000
10/04/2019,  0.000000,  0.000000,  0.000000
11/04/2019,  1.727370,  0.000000,  0.000000
12/04/2019,  6.867537,  0.000000,  0.000000
13/04/2019,  3.137606,  0.000000,  0.000000
14/04/2019,  0.000000,  0.000000,  0.000000
15/04/2019,  0.535474,  0.000000,  0.000000
16/04/2019, 11.740316,  0.330120,  0.000000
17/04/2019,  3.196336,  0.529524,  0.000000
18/04/2019,  0.000000,  0.000000,  0.000000
19/04/2019,  0.000000,  0.000000,  0.000000
20/04/2019, 11.668676,  3.646817,  0.000000
21/04/2019,  6.919340,  3.173181,  0.000000
22/04/2019,  3.137002,  0.512505,  0.000000
23/04/2019,  3.299915,  0.897410,  0.000000
24/04/2019,  3.519546,  2.090713,  0.000000
25/04/2019,  7.311508,  7.008709,  0.000000
26/04/2019,  2.176048,  1.977199,  0.000000
27/04/2019,  0.941074,  0.116332,  0.000000
28/04/2019,  0.463477,  0.141659,  0.000000
29/04/2019,  0.000000,  0.000000,  0.000000
30/04/2019,  0.000000,  0.000000,  0.000000
01/05/2019,  0.000000,  0.000000,  0.000000
02/05/2019,  0.487654,  0.000000,  0.000000
03/05/2019,  2.874055,  0.583486,  0.000000
04/05/2019,  1.677098,  0.110086,  0.000000
05/05/2019,  0.000000,  0.000000,  0.000000
06/05/2019,  1.817957,  0.000000,  0.000000
07/05/2019,  1.069988,  0.000000,  0.000000
08/05/2019,  0.000000,  0.000000,  0.000000
09/05/2019,  0.000000,  0.000000,  0.000000
10/05/2019,  0.000000,  0.000000,  0.000000
11/05/2019,  0.000000,  0.000000,  0.000000
12/05/2019,  0.000000,  0.000000,  0.000000
13/05/2019,  0.000000,  0.000000,  0.000000
14/05/2019,  0.000000,  0.000000,  0.000000
15/05/2019,  0.000000,  0.000000,  0.000000
16/05/2019,  0.000000,  0.000000,  0.000000
17/05/2019,  0.000000,  0.000000,  0.000000
18/05/2019,  0.000000,  0.000000,  0.000000
19/05/2019,  0.000000,  0.000000,  0.000000
20/05/2019,  0.000000,  0.000000,  0.000000
21/05/2019,  0.000000,  0.000000,  0.000000
22/05/2019,  0.000000,  0.000000,  0.000000
23/05/2019,  0.000000,  0.000000,  0.000000
24/05/2019,  3.758237,  0.000000,  0.000000
25/05/2019,  4.530575,  0.000000,  0.000000
26/05/2019,  4.133047,  1.996119,  0.000000
27/05/2019,  0.000000,  0.000000,  0.000000
28/05/2019,  0.000000,  0.000000,  0.000000
29/05/2019,  0.000000,  0.000000,  0.000000
30/05/2019,  0.000000,  0.000000,  0.000000
31/05/2019,  0.000000,  0.000000,  0.000000
01/06/2019,  0.444362,  0.000000,  0.000000
02/06/2019,  3.456079,  0.000000,  0.000000
03/06/2019,  0.761782,  0.000000,  0.000000
04/06/2019,  0.000000,  0.000000,  0.000000
05/06/2019,  0.000000,  0.000000,  0.000000
06/06/2019,  0.000000,  0.000000,  0.000000
07/06/2019,  0.000000,  0.000000,  0.000000
08/06/2019,  0.000000,  0.000000,  0.000000
09/06/2019,  0.000000,  0.000000,  0.000000
10/06/2019,  0.000000,  0.000000,  0.000000
11/06/2019,  0.000000,  0.000000,  0.000000
12/06/2019,  0.000000,  0.000000,  0.000000
13/06/2019,  0.000000,  0.000000,  0.000000
14/06/2019,  0.000000,  0.000000,  0.000000
15/06/2019,  0.000000,  0.000000,  0.000000
16/06/2019,  0.000000,  0.000000,  0.000000
17/06/2019,  0.605004,  0.000000,  0.000000
18/06/2019,  1.436282,  0.000000,  0.000000
19/06/2019,  0.000000,  0.000000,  0.000000
20/06/2019,  0.000000,  0.000000,  0.000000
21/06/2019,  0.096707,  0.000000,  0.000000
22/06/2019,  3.679436,  0.000000,  0.000000
23/06/2019,  0.378487,  0.000000,  0.000000
24/06/2019,  0.739831,  0.000000,  0.000000
25/06/2019,  3.694849,  0.000000,  0.000000
26/06/2019,  0.185408,  0.000000,  0.000000
27/06/2019,  2.190387,  0.000000,  0.000000
28/06/2019, 16.328365,  4.010258,  0.000000
29/06/2019,  3.771724,  1.675534,  0.000000
30/06/2019,  0.000000,  0.000000,  0.000000
01/07/2019,  0.000000,  0.000000,  0.000000
